date,symbol,open,close,high,low,volume,amount,turnover,macd,macds,macdh,kdjk,kdjd,kdjj,rsi_6,rsi_12,close_5_sma,close_10_sma,boll,boll_ub,boll_lb
2022-01-03,63,31.254,31.254,31.254,31.254,0,0.0,0.0,0.0,0.0,0.0,33.33333333333333,44.444444444444436,11.111111111111114,,,31.254,31.254,31.254,,
2022-01-04,63,31.329,31.179,31.385,30.909,29003438,968728060.0,0.00613,-0.0016826923076891376,-0.0009348290598272986,-0.000747863247861839,41.12978524743217,43.33955804544034,36.71023965141582,0.0,0.0,31.2165,31.2165,31.2165,31.322566017177987,31.110433982822013
2022-01-05,63,31.17,30.741,31.431,30.498,39324081,1301922557.0,0.00831,-0.0157264377837798,-0.0069969637827586514,-0.00872947400102115,36.10152885734487,40.926881649408514,26.450823273217566,0.0,0.0,31.058000000000003,31.058000000000003,31.058000000000003,31.612158821999618,30.50384117800039
2022-01-06,63,30.508,30.872,31.002,30.33,28742208,944802506.0,0.00608,-0.016998688367444004,-0.010385081867001657,-0.006613606500442347,40.477010761087925,40.776924686634985,39.877182909993806,23.901474836551614,21.99755116319747,31.011499999999998,31.011499999999998,31.011499999999998,31.500707522427852,30.522292477572144
2022-01-07,63,30.928,31.254,31.87,30.909,51349918,1730799239.0,0.01085,-0.0021314859822183507,-0.007929823690900006,0.005798337708681656,46.984673840725314,42.84617440466509,55.26167271284575,58.56033383563234,54.109982468515376,31.060000000000002,31.060000000000002,31.060000000000002,31.535960082359857,30.584039917640148
2022-01-10,63,31.441,32.262,32.28,31.347,74604763,2562468528.0,0.01577,0.04994845393588676,0.007758407515944353,0.04219004641994241,64.34875691945788,50.01370190959602,93.0188669391816,83.03162051583871,78.99855158237307,31.261599999999998,31.260333333333335,31.260333333333335,32.330115117935534,30.190551548731133
2022-01-11,63,32.14,31.87,32.43,31.814,50070675,1726196205.0,0.01058,0.06472922145911753,0.022176200681945563,0.04255302077717196,67.34361572408307,55.79033984775837,90.45016747673246,65.0932401799761,64.2218192890772,31.3998,31.34742857142857,31.34742857142857,32.42728526386071,30.267571878996428
2022-01-12,63,32.0,31.795,32.122,31.543,30408745,1034312355.0,0.00643,0.07003243433493367,0.03367695356543191,0.036355480769501756,68.14971207002367,59.91013058851347,84.62887503304407,62.01708995859089,61.80873287639147,31.610599999999998,31.403375,31.403375,32.45202471000126,30.354725289998743
2022-01-13,63,32.112,31.207,32.234,31.142,35669235,1206243486.0,0.00754,0.04346641582354138,0.035938367912827895,0.007528047910713487,59.35377630065072,59.72467915922588,58.611970583500394,42.93030037478759,46.7765230095418,31.6776,31.381555555555558,31.381555555555558,32.37117523558982,30.391935875521295
2022-01-14,63,30.89,30.788,31.226,30.722,29842652,991406495.0,0.00631,0.0024063928857742667,0.028425258978288914,-0.026018866092514647,46.839025470275104,55.42946126290895,29.658153885007422,33.98611213453981,39.3390973400064,31.5844,31.3222,31.3222,32.32791071608313,30.316489283916866
2022-01-17,63,30.788,31.991,32.346,30.788,59818850,2046916498.0,0.01264,0.036792533557473917,0.03025597084614252,0.006536562711331396,57.59109634526277,56.15000629036022,60.473276455067875,61.57091549820409,59.50557667083312,31.5302,31.3959,31.383000000000003,32.41883821130523,30.34716178869478
2022-01-18,63,31.982,32.01,32.252,31.73,37762023,1294336786.0,0.00798,0.06254586207138502,0.037190485295574185,0.02535537677581083,65.06073089684182,59.12024782585408,76.9416970388173,61.87286752177634,59.73620489710059,31.5582,31.479000000000003,31.43525,32.48713493148772,30.383365068512287
2022-01-19,63,31.814,31.394,32.056,31.226,39166580,1321335080.0,0.00828,0.04601881887531434,0.03905886740420037,0.006959951471113966,56.48857469625516,58.2430234493211,52.979677190123255,47.38697523958948,49.720751845731954,31.477999999999998,31.544300000000003,31.432076923076924,32.43943996969533,30.424713876458522
2022-01-20,63,31.394,31.739,32.028,31.282,51559132,1754592258.0,0.0109,0.05304529745928832,0.04198483900722048,0.011060458452067844,57.506824973147474,57.997623957263215,56.52522700491599,54.54006175489725,54.392663534321564,31.5844,31.631,31.454,32.43564916183078,30.472350838169216
2022-01-21,63,31.711,30.741,31.805,30.648,46915246,1560560572.0,0.00992,-0.0015554214636814834,0.0329592264007649,-0.034514647864446385,40.07750172171672,52.02424987874772,16.184005407654737,37.05301552852793,42.05959942039017,31.575,31.579699999999995,31.406466666666667,32.42153763298709,30.391395700346248
2022-01-24,63,30.508,29.743,30.657,29.248,52463899,1677047625.0,0.01109,-0.1034949302941719,0.004877978193256078,-0.10837290848742798,32.044351266167055,45.36428367455416,5.404486449392849,26.757850686676292,33.719051628440084,31.125400000000003,31.327799999999996,31.3025,32.58836862988928,30.016631370110716
2022-01-25,63,29.528,28.95,29.883,28.922,30448489,956696017.0,0.00644,-0.22902810191608935,-0.04298092451052863,-0.18604717740556073,21.635486513893287,37.45468462100054,-10.002909700321212,21.153596199244845,28.773124873047507,30.5134,31.035800000000002,31.16411764705882,32.85299151481108,29.47524377930656
2022-01-26,63,29.136,29.034,29.22,28.735,32564471,1009444779.0,0.00688,-0.31705843009072154,-0.09880200888573357,-0.21825642120498798,17.183742601618878,30.69770394787332,-9.84418009089,23.198274300173765,29.960290530697762,30.0414,30.759700000000002,31.045777777777776,32.96745003428717,29.12410552126838
2022-01-27,63,28.922,28.045,28.987,27.998,44228898,1341569734.0,0.00935,-0.4442972977309978,-0.16891145018668438,-0.2753858475443134,11.816147321655768,24.403851739134133,-13.359261513300964,16.977808171891894,24.67739209417084,29.3026,30.443499999999993,30.88784210526316,33.20805476440149,28.567629446124837
2022-01-28,63,28.175,28.119,28.539,27.709,34292750,1033637504.0,0.00725,-0.532181211792917,-0.242412815555447,-0.28976839623746997,10.885722691654873,19.897808723307712,-7.1384493716508075,18.92965593226465,25.746125415501382,28.7782,30.1766,30.749399999999998,33.3249286754169,28.173871324583097
2022-01-31,63,28.119,28.119,28.119,28.119,0,0.0,0.0,-0.593704298091339,-0.313325163025347,-0.28037913506599194,10.401079141265814,16.732232195960414,-2.2612269681233848,18.92965593226465,25.746125415501382,28.4534,29.789399999999993,30.59265,33.40919415159691,27.77610584840309
2022-02-01,63,28.119,28.119,28.119,28.119,0,0.0,0.0,-0.6342619222900545,-0.377989654609049,-0.25627226768100553,10.098365487555307,14.52094329315871,1.2532098763485031,18.92965593226465,25.746125415501382,28.287200000000002,29.400299999999998,30.43965,33.44800092262924,27.431299077370756
2022-02-02,63,28.119,28.119,28.119,28.119,0,0.0,0.0,-0.6581970040007548,-0.43436389929187413,-0.22383310470888063,10.068832200036873,13.036906262118096,4.132684075874426,18.92965593226465,25.746125415501382,28.1042,29.072799999999994,30.308550000000004,33.48541349623087,27.131686503769135
2022-02-03,63,28.119,28.119,28.119,28.119,0,0.0,0.0,-0.669018009886063,-0.4815173975102484,-0.18750061237581456,11.348466152353845,12.474092892196678,9.097212672668181,18.92965593226465,25.746125415501382,28.119,28.7108,30.170899999999996,33.480754371100744,26.861045628899245
2022-02-04,63,28.119,28.119,28.119,28.119,0,0.0,0.0,-0.6695663256617692,-0.5192698077138269,-0.1502965179479423,13.852059311627498,12.93341503200695,15.689347870868591,18.92965593226465,25.746125415501382,28.119,28.4486,30.01415,33.40400087546558,26.624299124534424
2022-02-07,63,28.595,27.522,28.735,27.196,79160644,2352174052.0,0.01673,-0.7040656331683266,-0.5563410136497774,-0.1477246195185492,14.603612663614598,13.490147575876165,16.830542839091464,12.085232761018545,21.582113602610036,27.999599999999997,28.226499999999998,29.77715,33.168075181933936,26.38622481806606
2022-02-08,63,27.522,27.811,27.83,27.298,36273153,1073599168.0,0.00767,-0.7022334031049979,-0.5855902117624242,-0.11664319134257373,21.18186126206355,16.054052137938626,31.437479510313395,27.34547878985053,27.75279593807673,27.938,28.112599999999997,29.574199999999998,32.92333107976885,26.22506892023114
2022-02-09,63,27.811,28.716,28.782,27.616,52597884,1598361111.0,0.01112,-0.6279082096177113,-0.5940702140434142,-0.03383799557429712,46.06743672199783,26.05851366595836,86.08528283407676,56.02762360194159,43.05941514397129,28.0574,28.0808,29.42025,32.61925536351371,26.22124463648629
2022-02-10,63,28.549,28.287,28.632,28.11,34708896,1053991802.0,0.00734,-0.5935402458571346,-0.5939640561347512,0.0004238102776166208,53.64142691933101,35.25281808374924,90.41864459049454,45.75314310270847,38.80761837032902,28.090999999999998,28.105,29.274250000000002,32.395492254379874,26.153007745620133
2022-02-11,63,27.998,28.045,28.455,27.728,37426268,1125230598.0,0.00791,-0.5773981018044658,-0.5906467586533196,0.01324865684885379,53.60458305761203,41.370073075036835,78.07360302276241,40.700726526434316,36.58456976606408,28.0762,28.0976,29.137099999999997,32.219089849363385,26.055110150636608
2022-02-14,63,27.877,27.336,27.877,27.121,42419790,1245706185.0,0.00897,-0.609955126348158,-0.5945122603997944,-0.015442865948363527,40.05105858265847,40.93040157757738,38.292372592820655,29.318408343236882,30.923042373512757,28.038999999999998,28.019299999999998,28.90435,31.774684898853963,26.03401510114604
2022-02-15,63,27.308,27.392,27.597,27.242,31487881,923875155.0,0.00665,-0.6242151502306683,-0.6004575487086524,-0.023757601522015892,32.13919659072677,37.99999991529384,20.417589941592624,31.1435485619606,31.832006047452325,27.9552,27.9466,28.673450000000003,31.216148564414144,26.13075143558586
2022-02-16,63,27.709,27.392,27.765,27.27,30913219,909011456.0,0.00653,-0.6281499311904923,-0.6059995378579562,-0.0221503933325361,26.864621929438968,34.288207253342215,12.017451281632475,31.1435485619606,31.832006047452325,27.6904,27.8739,28.47335,30.728177455179587,26.218522544820413
2022-02-17,63,27.326,27.158,27.336,27.065,30494262,887739269.0,0.00644,-0.6414028274767176,-0.6130837879232475,-0.02831903955347015,19.715222618072882,29.430545708252435,0.28457643771377406,26.955367118896874,29.876969748659704,27.4646,27.777800000000003,28.2443,29.971273025724212,26.517326974275786
2022-02-18,63,27.242,27.42,27.466,27.121,29797034,872781390.0,0.0063,-0.6247655976859114,-0.6154210980013878,-0.009344499684523666,20.035347402535884,26.29881293968025,7.508416328247151,38.13372566949003,34.77035937809154,27.3396,27.707900000000002,28.078250000000004,29.380966008959792,26.775533991040216
2022-02-21,63,27.7,28.194,28.53,27.69,60105207,1816924060.0,0.0127,-0.546353037369208,-0.6016030016463083,0.05524996427710027,35.274972428714435,29.290866102691645,47.243185080760014,59.892558615406465,46.74669410738592,27.511199999999995,27.7751,28.000799999999998,29.045396441845323,26.956203558154673
2022-02-22,63,27.802,27.597,27.97,27.466,37369815,1108728014.0,0.0079,-0.523812459923473,-0.5860408531370005,0.062228393213527466,34.83338940472049,31.13837387003459,42.22342047409229,45.18372377682031,40.49120125219334,27.5522,27.7537,27.93315,28.890521021957706,26.975778978042296
2022-02-23,63,27.793,28.045,28.101,27.532,33458489,999881592.0,0.00707,-0.466177526615116,-0.562063207870536,0.09588568125541996,45.520325587219816,35.932357775762995,64.69626121013346,55.11100296255129,46.366610433424654,27.682800000000004,27.6866,27.883700000000005,28.692258196974638,27.07514180302537
2022-02-24,63,27.821,27.196,27.942,26.944,50789899,1489933504.0,0.01073,-0.4803473024210909,-0.5457173108526554,0.06537000843156449,35.64322672607429,35.83598075920009,35.257718659822686,39.03479721244755,38.50679205323388,27.6904,27.577500000000004,27.841249999999995,28.7016371527584,26.98086284724159
2022-02-25,63,27.429,27.242,27.578,27.093,33019113,965796906.0,0.00698,-0.4824102883366237,-0.5330542231363784,0.05064393479975471,30.025286922048714,33.89908281348296,22.277695139180224,40.16954394726094,39.116810906367235,27.6548,27.4972,27.797400000000003,28.687079161566945,26.90772083843306
2022-02-28,63,27.252,27.112,27.261,26.757,26394046,763840623.0,0.00558,-0.48845382271726123,-0.5241331944060639,0.03567937168880264,26.691044825264978,31.496403484076968,17.080327507640995,37.78449494041346,37.95597627560022,27.4384,27.4748,27.74705,28.673322319853327,26.820777680146676
2022-03-01,63,27.121,27.401,27.429,27.065,26294375,767413881.15,0.00556,-0.46537001034931436,-0.5123795577058848,0.04700954735657048,29.901568894602264,30.964791954252064,27.775122775302663,46.29154184731167,42.12147871779404,27.399199999999997,27.4757,27.711149999999996,28.632365964164602,26.78993403583539
2022-03-02,63,27.224,27.242,27.326,26.962,21857269,635669481.64,0.00462,-0.45421926558040226,-0.500746707590034,0.04652744200963177,29.052634574216874,30.327406160906996,26.503091400836624,42.458647243928986,40.48992183740715,27.2386,27.460699999999996,27.6673,28.590262986085772,26.74433701391423
2022-03-03,63,27.242,27.084,27.382,27.0,23191108,674177594.18,0.0049,-0.45249490558156324,-0.4910958217441353,0.03860091616257205,25.516195187097736,28.72366916963724,19.101247222018728,38.64324742020253,38.85825882021719,27.216199999999997,27.453300000000002,27.615550000000002,28.54789090783426,26.683209092165743
2022-03-04,63,26.916,26.823,27.177,26.701,29627478,854581728.71,0.00626,-0.46618042051223085,-0.48611252444454484,0.019932103932313983,19.915558696160396,25.787632345144957,8.171411398191275,32.80047807234678,36.22742746951384,27.1324,27.3936,27.55075,28.51535253609025,26.58614746390975
2022-03-07,63,25.918,24.397,25.927,24.22,127821262,3390512004.78,0.02701,-0.6598916451021388,-0.5208695596819803,-0.13902208542015848,14.797265876457695,22.124176855582533,0.14344391820802116,12.20954297542103,21.480673875397272,26.5894,27.0139,27.3945,29.10371385437873,25.685286145621273
2022-03-08,63,24.21,23.94,24.397,23.324,61659199,1579949286.97,0.01303,-0.8395897097153338,-0.5846153666623997,-0.2549743430529341,14.311213197268895,19.519855636144655,3.8939283195173715,10.692243259670363,19.822495594382247,25.897199999999998,26.648199999999996,27.20095,29.48994301923476,24.911956980765236
2022-03-09,63,24.238,23.65,24.304,22.736,53527964,1356583417.53,0.01131,-0.9933185969490168,-0.6663578356376956,-0.32696076131132124,15.832974569898926,18.29089528072941,10.917133148237966,9.767894286171298,18.816947488049607,25.1788,26.2087,26.947650000000003,29.61985486726445,24.275445132735555
2022-03-10,63,24.164,23.697,24.248,23.65,44445780,1140667287.58,0.00939,-1.0986889861458238,-0.7528256083759355,-0.3458633777698883,17.38108525556298,17.987625272340598,16.168005222007743,11.259892114078326,19.538587484695157,24.5014,25.858800000000002,26.71815,29.678864229264402,23.7574357707356
2022-03-11,63,23.175,23.361,23.38,22.298,70270093,1724356838.46,0.01485,-1.1949293627954916,-0.8412476212609854,-0.35368174153450616,18.49312654405168,18.156125696244292,19.16712823966646,9.861094494997914,18.271901556392493,23.809,25.4707,26.48395,29.7300203027702,23.2378796972298
2022-03-14,63,22.951,22.447,23.417,22.447,47582191,1167509850.62,0.01006,-1.3282271695394279,-0.9386446429940704,-0.3895825265453575,13.305672088900968,16.53930782712985,6.838400612443202,7.015992055505123,15.323826777067069,23.419,25.0042,26.2395,29.922361559054075,22.556638440945925
2022-03-15,63,22.307,21.038,22.307,21.02,67223574,1565288984.85,0.01421,-1.5279484385034365,-1.0565064786913552,-0.47144195981208137,8.964758024686994,14.01445789298223,-1.1346417119034804,4.574473801470447,12.053321538762987,22.8386,24.3679,25.9218,30.229324852847064,21.614275147152938
2022-03-16,63,21.673,21.934,21.99,20.712,65003141,1496183787.7,0.01374,-1.5965770144947804,-1.1645213751717804,-0.43205563932299995,12.27709828611513,13.435338024026528,9.960618810292331,24.597688688150456,23.395295232504154,22.4954,23.8371,25.648899999999998,30.246078351989443,21.051721648010552
2022-03-17,63,22.391,22.027,22.522,21.934,61918141,1472782595.2,0.01309,-1.6247856054166263,-1.2565747593654366,-0.3682108460511897,16.58997348189076,14.486883176647938,20.7961540923764,26.5181497791925,24.497829584583897,22.1614,23.3314,25.39235,30.202671152425697,20.582028847574303
2022-03-18,63,21.962,22.391,22.456,21.738,42888554,1019177071.1,0.00906,-1.5996798378561117,-1.325196095992198,-0.27448374186391367,26.247680195525536,18.407148849607136,41.92874288736234,34.36920771726598,28.869046071193196,21.967399999999998,22.888199999999998,25.140900000000002,30.030057624139836,20.251742375860168
2022-03-21,63,22.54,22.083,22.634,21.925,42100232,1002496463.92,0.0089,-1.5860104149727654,-1.3773591549534854,-0.20865126001928003,30.221170612904167,22.34515610403948,45.97319963063355,31.005505828324516,27.404501223562406,21.894599999999997,22.656799999999997,24.83535,29.6847767170678,19.985923282932198
2022-03-22,63,22.055,22.046,22.26,21.878,29994299,709456162.93,0.00634,-1.560112294811546,-1.413909892327133,-0.14620240248441307,32.72286185656657,25.80439135488184,46.55980285993602,30.574151025093627,27.223511484848387,22.0962,22.467399999999998,24.5578,29.377027830701827,19.738572169298173
2022-03-23,63,24.248,24.248,24.248,24.248,15396161,400146224.39,0.00325,-1.3482370109523494,-1.400775284601039,0.05253827364868968,55.14857457104437,35.585785760269346,94.27415219259441,65.17488107877918,49.06395393025184,22.559,22.5272,24.36795,28.899316633635106,19.836583366364895
2022-03-24,63,26.589,24.835,26.589,24.639,222784989,6105602303.56,0.04706,-1.1205105945888896,-1.3447222392223068,0.22421164463341725,60.15066334910417,43.774078289880954,92.9038334675506,69.96354891610997,53.15247581487542,23.1206,22.641,24.2499,28.590034603782225,19.909765396217775
2022-03-25,63,24.332,23.66,24.453,23.529,105937995,2720323331.55,0.02238,-1.0221999057180575,-1.2802176736684978,0.2580177679504403,56.820991265689436,48.12304928181711,74.2168752334341,52.59247326420744,45.22541819851134,23.374399999999998,22.6709,24.0708,28.180568419650726,19.96103158034927
2022-03-28,63,23.044,23.184,23.772,22.494,70154545,1731329463.13,0.01482,-0.9711691500728215,-1.2184078931707922,0.24723874309797078,51.901419734383396,49.382506099339196,56.93924700447178,46.92825920985936,42.42895868282648,23.5946,22.7446,23.8744,27.740432667926417,20.008367332073586
2022-03-29,63,22.951,22.447,23.193,22.428,56581801,1379848188.98,0.01195,-0.9784402372879057,-1.1704143149222503,0.1919740776343446,39.47279421857951,46.079268805752626,26.259845044233273,39.10346257575216,38.41664837471699,23.674799999999998,22.8855,23.6267,27.162023947041753,20.091376052958246
2022-03-30,63,22.522,22.699,22.708,22.447,46488428,1125933800.14,0.00982,-0.953016905131701,-1.1269347988484721,0.17391789371677113,32.918645606312005,41.69239440593908,15.371148007057855,43.00293124182351,40.51492045001954,23.365000000000002,22.961999999999996,23.39955,26.51576359142293,20.28333640857707
2022-03-31,63,22.671,22.298,22.671,22.26,44415759,1067337307.23,0.00938,-0.9540006578291944,-1.092347948934099,0.13834729110490462,24.91753193962156,36.100773583833245,2.5510486511981867,38.317639287420995,38.25241452270613,22.8576,22.9891,23.16025,25.78078388493755,20.539716115062454
2022-04-01,63,22.074,22.326,22.428,21.785,38854040,926330036.99,0.00821,-0.9416689555621787,-1.0622121351264695,0.12054317956429084,20.365504223971968,30.855683797212816,-0.6148549225097284,38.87565664713408,38.51396375612132,22.5908,22.9826,22.935399999999998,24.929511056401772,20.941288943598224
2022-04-04,63,22.326,22.326,22.326,22.326,0,0.0,0.0,-0.921266885757845,-1.034023073928226,0.11275618817038091,17.330819080205572,26.3473955582104,-0.7023338758040865,38.87565664713408,38.51396375612132,22.4192,23.0069,22.83185,24.718585780458888,20.94511421954111
2022-04-05,63,22.326,22.326,22.326,22.326,0,0.0,0.0,-0.8947757190296848,-1.00617359399804,0.11139787496835529,15.307695651027975,22.667495589149592,0.5880957747847404,38.87565664713408,38.51396375612132,22.395,23.0349,22.751150000000003,24.575347274073586,20.92695272592642
2022-04-06,63,22.298,22.186,22.41,22.036,29082266,691097137.37,0.00614,-0.8749296364622943,-0.97992479574206,0.10499515927976577,15.215125436517399,20.183372204938863,5.2786318996744725,36.05731372841988,37.483323158426124,22.292399999999997,22.8287,22.677950000000003,24.467442897884656,20.88845710211535
2022-04-07,63,22.186,21.626,22.288,21.589,34260759,803204796.09,0.00724,-0.8938708649906886,-0.9627140060517317,0.06884314106104317,10.708388709090734,17.025044372989488,-1.9249226187067734,26.74909743114904,33.563998228338235,22.157999999999998,22.5078,22.5744,24.355265360317738,20.793534639682264
2022-04-08,63,21.738,21.439,21.766,21.206,34581928,793679760.64,0.00731,-0.913370434393034,-0.9528452900960905,0.03947485570305653,11.04766595033159,15.032584898770189,3.0778280534543896,24.241449783958473,32.332443132288304,21.980600000000003,22.2857,22.4783,24.287645691563565,20.668954308436437
2022-04-11,63,21.271,20.404,21.309,20.283,50349378,1117212973.32,0.01064,-1.0004708026229707,-0.9623703938553547,-0.038100408767616,9.028340874104204,13.031170223881526,1.022682174549562,14.939507368242886,26.46842217925426,21.5962,22.0077,22.376150000000003,24.409724739480538,20.342575260519467
2022-04-12,63,20.292,20.749,20.786,20.077,34610850,758487231.82,0.00731,-1.0298793562398636,-0.9758721877541614,-0.054007168485702195,14.654206175128806,13.572182207630618,16.81825411012518,26.25803090902032,31.017891709614958,21.2808,21.837899999999998,22.361700000000003,24.438948696562147,20.28445130343786
2022-04-13,63,20.562,20.525,20.908,20.478,28999412,643704715.02,0.00613,-1.058984949733592,-0.9924947415504948,-0.06649020818309714,16.12137777335252,14.421914062871252,19.520305194315057,23.791462351369276,29.715655765367487,20.9486,21.6205,22.291249999999998,24.51964785496233,20.062852145037667
2022-04-14,63,20.665,20.833,20.992,20.628,27356715,610184018.65,0.00578,-1.0452202057865243,-1.0030398351084384,-0.04218037067808589,21.549128259817486,16.797652128519996,31.052080522412474,34.01824126891421,33.879593052653235,20.79,21.474,22.23155,24.55183713967195,19.911262860328048
2022-04-15,63,20.618,21.169,21.327,20.497,38451481,865360021.17,0.00812,-0.9957934962933237,-1.0015905672672711,0.005797070973947438,29.96831439638639,21.18787288447546,47.52919742020825,43.87745734906838,38.23440432877057,20.735999999999997,21.358299999999996,22.17045,24.53695543829386,19.80394456170614
2022-04-18,63,20.992,21.617,21.626,20.87,34719486,793344154.41,0.00733,-0.9100750969040163,-0.9832874724050995,0.07321237550108317,41.982019570444194,28.119255113131704,69.70754848506917,54.70618401486536,43.63419395670069,20.9786,21.287399999999998,22.14715,24.526422535881657,19.767877464118342
2022-04-19,63,21.505,21.122,21.663,21.01,29373079,668568259.29,0.0062,-0.8719328795185213,-0.9610165530592427,0.08908367354072144,43.74257357764271,33.32702793463537,64.5736648636574,43.56183612623833,39.47448951052868,21.0532,21.166999999999998,22.10095,24.523974076167004,19.677925923832998
2022-04-20,63,21.104,20.936,21.346,20.824,22752649,514460916.39,0.00481,-0.8469135734618902,-0.9381959565097643,0.09128238304787406,46.11454776895147,37.58953454607406,63.16457421470628,39.89705478767912,37.98992110255575,21.135399999999997,21.041999999999998,21.935350000000003,24.187192966853864,19.683507033146142
2022-04-21,63,20.786,20.329,21.01,20.227,29561768,652975074.97,0.00624,-0.8659760473615314,-0.9237519743611139,0.05777592699958245,36.03937484722866,37.07281464645892,33.972495248768126,30.010035310566565,33.50406350428483,21.0346,20.9123,21.71005,23.615359641916438,19.80474035808356
2022-04-22,63,20.096,21.281,21.514,19.956,62091090,1393474928.71,0.01312,-0.7952453157999848,-0.8980506421947849,0.10280532639480011,49.90010266128461,41.348577318067484,67.00315334771886,52.27073471037406,44.680260236616334,21.057,20.8965,21.5911,23.26707700021927,19.91512299978073
2022-04-25,63,20.992,20.329,21.346,20.255,48510575,1079448514.55,0.01025,-0.806570126186454,-0.8797545387345074,0.07318441254805341,40.550468753295405,41.082541129810124,39.48632400026597,37.831652511699104,37.75734599542039,20.7994,20.889,21.448349999999998,23.037145276799308,19.859554723200688
2022-04-26,63,20.777,20.954,21.831,20.74,85242144,1947293042.89,0.01801,-0.7564750455698075,-0.8550986398227629,0.09862359425295542,44.775868057752504,42.31365010579091,49.70030396167567,48.94287104161112,43.97448715753666,20.7658,20.9095,21.3737,22.904156567584987,19.84324343241501
2022-04-27,63,20.852,22.12,22.279,20.833,88837392,2075143306.3,0.01877,-0.6157356943719208,-0.807226050299527,0.19149035592760622,60.90237953742549,48.509893249669105,85.68735211293827,63.53379307645465,53.43961134583397,21.0026,21.069,21.344749999999998,22.789136138049773,19.900363861950222
2022-04-28,63,21.869,22.12,22.176,21.514,55214965,1292681124.2,0.01166,-0.49845334099479643,-0.745471507991663,0.24701816699686652,71.65338719054081,56.22439122995967,102.5113791117031,63.53379307645465,53.43961134583397,21.3608,21.1977,21.33585,22.757519629992487,19.914180370007514
2022-04-29,63,22.251,22.512,22.652,21.943,60416288,1446999596.33,0.01276,-0.3696566969128412,-0.6703085453407348,0.3006518484278936,79.37129868093422,63.94002704695119,110.23384194890028,67.96570863313283,56.387531924673716,21.607000000000003,21.332,21.34515,22.796221368262202,19.8940786317378
2022-05-02,63,22.512,22.512,22.512,22.512,0,0.0,0.0,-0.2645358280196284,-0.5891540015006314,0.32461817348100297,84.51657300786316,70.79887570058851,111.95196762241247,67.96570863313283,56.387531924673716,22.0436,21.4215,21.35445,22.834092983254948,19.874807016745052
2022-05-03,63,22.512,22.512,22.512,22.512,0,0.0,0.0,-0.17916219801077204,-0.5071556404988271,0.32799344248805506,87.94675589248246,76.51483576455315,110.81059614834109,67.96570863313283,56.38753192467371,22.355200000000004,21.5605,21.363750000000003,22.87118167777474,19.856318322225267
2022-05-04,63,22.512,22.512,22.512,22.512,0,0.0,0.0,-0.1102328715253762,-0.4277710864688191,0.3175382149434429,90.23354448222865,81.08773867044499,108.52515610579599,67.96570863313283,56.38753192467371,22.433600000000002,21.7181,21.38005,22.931330147084243,19.82876985291576
2022-05-05,63,22.391,22.158,22.484,22.018,45528421,1083326721.83,0.00962,-0.08318420542413918,-0.35885371009645095,0.27566950467231177,86.61933142091561,82.93160292060186,93.99478842154312,55.365392361133594,52.163408654504586,22.441200000000002,21.901,21.406650000000003,22.99352355978279,19.819776440217215
2022-05-06,63,21.598,21.673,21.98,21.505,29551540,687294115.39,0.00624,-0.09969856207935024,-0.3070226803947002,0.20732411831534997,74.01191132384608,79.95837238834993,62.11898919483838,42.43217416917193,46.91103570059368,22.2734,21.940199999999997,21.41835,23.009672161302824,19.827027838697177
2022-05-09,63,21.449,21.607,21.794,21.374,18903514,437237691.97,0.00399,-0.11676120910350818,-0.2689703860787095,0.1522091769752013,63.524891588079896,74.48054545492658,41.61358385438652,40.87302230701781,46.22014138282861,22.092399999999998,22.068,21.4785,22.99769486986773,19.95930513013227
2022-05-10,63,21.551,22.118,22.212,21.154,36425778,840225883.83,0.00769,-0.08806678910713472,-0.23278966664046508,0.14472287753333035,63.80075104536874,70.92061398507397,49.561025165958284,55.92112755174898,52.1699495549499,22.0136,22.1844,21.54695,23.0510397894533,20.0428602105467
2022-05-11,63,22.118,22.07,22.656,22.033,52334649,1236293015.17,0.01105,-0.06840817937595034,-0.19991336915562824,0.1315051897796779,62.862284984529026,68.23450431822565,52.117846317135786,54.361610815195775,51.58513685822891,21.925199999999997,22.1794,21.6242,23.064646363568116,20.18375363643188
2022-05-12,63,21.806,22.08,22.241,21.768,29185210,680504546.32,0.00616,-0.05142941804721346,-0.17021657891086886,0.1187871608636554,62.45856726443078,66.3091919669607,54.75731785937097,54.677596249876615,51.70816865735155,21.909599999999998,22.1754,21.686550000000004,23.090282839329245,20.282817160670763
2022-05-13,63,22.165,21.985,22.269,21.796,24481766,569474430.64,0.00517,-0.045114574150893816,-0.14519617794331982,0.100081603792426,60.081122073313374,64.23316866907825,51.77702888178362,50.67761653296224,50.38132302118781,21.972,22.122700000000002,21.727349999999998,23.1150883759199,20.339611624080096
2022-05-16,63,22.241,21.853,22.382,21.749,26926770,625969600.06,0.00569,-0.05017677551780508,-0.1261922974487658,0.07601552193096073,55.56673118247527,61.34435617354392,44.01148120033797,45.16811945917185,48.495079311455164,22.0212,22.0568,21.739150000000002,23.126951028511527,20.351348971488477
2022-05-17,63,21.891,22.458,22.496,21.777,42762382,1006172493.4,0.00903,-0.005334557085138414,-0.10202074936642347,0.09668619228128505,65.98367964317701,62.89079733008828,72.16944426935446,65.68592062381035,56.61635539496616,22.089199999999998,22.051399999999997,21.805950000000003,23.19728309417557,20.414616905824435
2022-05-18,63,22.552,22.505,22.6,22.241,28363850,672860363.25,0.00599,0.03360624805019441,-0.07489534987446624,0.10850159792466064,73.97136565648108,66.58432010555255,88.74545675833815,66.8425713863846,57.188449604272265,22.1762,22.0507,21.8844,23.245812331677246,20.522987668322752
2022-05-19,63,22.212,22.392,22.458,21.985,28630458,672584092.7,0.00605,0.054722104034961916,-0.04897185908597972,0.10369396312094165,76.7887222441343,69.9857874850798,90.39459176224332,60.91824332347914,55.27660739806238,22.238599999999998,22.0741,21.987550000000002,23.15097931841523,20.824120681584773
2022-05-20,63,22.363,22.477,22.827,22.354,37288633,889263526.44,0.00788,0.07741988205380324,-0.023693510852873842,0.10111339290667708,77.55231413207278,72.50796303407745,87.64101632806344,63.81329746439729,56.4707439979152,22.337,22.154500000000002,22.04735,23.180419845016168,20.914280154983835
2022-05-23,63,22.345,22.061,22.345,21.957,39278168,917031765.06,0.0083,0.06114840462802107,-0.006725127753929649,0.06787353238195072,61.34903811649627,68.78832139488372,46.47047155972135,44.467675646242334,49.42497084380877,22.3786,22.1999,22.133950000000002,22.928105354018676,21.33979464598133
2022-05-24,63,22.061,21.135,22.118,21.097,41196201,941755527.13,0.0087,-0.026138940344747397,-0.010607890272599394,-0.015531050072148002,41.63153600830002,59.73605959935581,5.422488826188427,24.570677977292377,37.932308690632915,22.113999999999997,22.1016,22.143,22.882804241532995,21.403195758467007
2022-05-25,63,21.087,21.295,21.38,21.078,24379808,547003295.86,0.00515,-0.08146901125921602,-0.024780114471400827,-0.05668889678781519,31.89005392739349,50.4540577087017,-5.237953635222922,30.974549518122117,40.538507724174885,21.872,22.024099999999997,22.101750000000003,22.933269566501252,21.270230433498753
2022-05-26,63,21.352,22.874,23.205,21.163,104303895,2485750767.5,0.02203,0.002030888027569233,-0.019417913971159412,0.021448801998728645,49.40609456309856,50.10473666016732,48.008810368961036,65.58048315098347,59.050151823795574,21.968400000000003,22.1035,22.13945,23.03996201225262,21.23893798774738
2022-05-27,63,22.685,22.779,22.921,22.496,45140096,1083712085.14,0.00954,0.05985147658613954,-0.003564035858641386,0.06341551244478093,59.59466012716211,53.26804448249891,72.2478914164885,63.289633318251184,57.86772137248461,22.0288,22.182899999999997,22.1528,23.08396171923525,21.221638280764747
2022-05-30,63,22.893,22.685,22.949,22.515,27525753,659982528.84,0.00581,0.09697367207424179,0.01654350572900898,0.08043016634523281,64.91391383497063,57.15000093332281,80.44173963826627,60.76911189216191,56.6433964699418,22.1536,22.2661,22.16145,23.10971833311024,21.213181666889756
2022-05-31,63,22.76,22.997,23.053,22.628,42652687,1033166587.09,0.00901,0.14983552022691882,0.043201908629729786,0.10663361159718904,73.34959872339212,62.54986686334591,94.94906244348454,66.14007097646015,59.72852418999871,22.526,22.32,22.1857,23.194582466682654,21.176817533317347
2022-06-01,63,22.789,22.732,22.931,22.6,29389045,708039222.31,0.00621,0.1684090047211022,0.06824332784886009,0.10016567687224212,74.82043456657422,66.64005609775535,91.18119150421197,58.0410669076618,56.03407304739887,22.8134,22.3427,22.1967,23.22516950163347,21.16823049836653
2022-06-02,63,22.6,22.893,22.987,22.552,26766816,646614430.08,0.00565,0.19388217545394681,0.09337109737056445,0.10051107808338236,78.32410729450038,70.53473983000369,93.90284222349376,61.47993283685035,57.76549957809333,22.817200000000003,22.3928,22.233449999999998,23.30760915217962,21.159290847820376
2022-06-03,63,22.893,22.893,22.893,22.893,0,0.0,0.0,0.2116301830938916,0.1170229145157472,0.09460726857814439,80.65988911311783,73.90978959104173,94.16008815727002,61.47993283685035,57.76549957809333,22.839999999999996,22.434400000000004,22.294449999999998,23.37315457884527,21.215745421154725
2022-06-06,63,22.883,23.365,23.403,22.836,50901897,1248980122.67,0.01075,0.2607690776508562,0.14577214714327205,0.11499693050758417,86.56178987469504,78.12712301892616,103.43112358623281,71.38170922391907,62.86744606251681,22.976,22.564799999999998,22.38235,23.510560371387335,21.254139628612663
2022-06-07,63,23.299,23.299,23.866,23.205,47811244,1185930459.33,0.0101,0.29103224422538077,0.17482416656010047,0.1162080776652803,84.0489623951907,80.101069477681,91.94474823021011,68.43011578366901,61.72993699066855,23.0364,22.7812,22.4414,23.633188289217706,21.249611710782297
2022-06-08,63,23.224,23.28,23.564,22.997,40146798,988294141.25,0.00848,0.3099105294777367,0.20184143914393027,0.1080690903338064,75.10806738754809,78.43673544763669,68.45073126737088,67.46640203451045,61.38114838662945,23.145999999999997,22.9797,22.5019,23.736388072036608,21.26741192796339
2022-06-09,63,23.271,22.921,23.271,22.798,30297517,738146413.55,0.0064,0.2925352939415298,0.2199802101036127,0.07255508383791706,60.089316082199566,72.32092899249098,35.62609026161675,51.13734659371294,54.97811578307789,23.1516,22.9844,22.54395,23.775217635193233,21.312682364806765
2022-06-10,63,22.789,23.129,23.139,22.59,29044282,706399223.66,0.00613,0.29217881790237143,0.23441993166346795,0.05775888623890349,54.696784034505484,66.44621400649581,31.19792409052485,58.17544000786805,57.76296433170271,23.1988,23.0194,22.60115,23.82937221116565,21.37292778883435
2022-06-13,63,22.959,23.346,23.649,22.893,40244497,990734927.71,0.0085,0.30587819627592694,0.24871158458604173,0.05716661168988521,56.60658255775759,63.166336856916395,43.487073959439996,64.56521327378698,60.54082749029763,23.195,23.085500000000003,22.675800000000002,23.894007241897356,21.45759275810265
2022-06-14,63,23.167,23.413,23.498,22.694,42495923,1041623057.9,0.00898,0.3184695748321822,0.26266318263533384,0.05580639219684835,59.579426423588785,61.970700045807185,54.796879179151986,66.46352609166982,61.39599927302329,23.2178,23.1271,22.72355,23.980075112321817,21.467024887678182
2022-06-15,63,23.413,24.188,24.812,23.413,90048124,2313561815.4,0.01902,0.3865220866691992,0.2874349634421978,0.09908712322700136,63.69201485544979,62.54447164902138,65.9871012683066,80.76608594709347,69.6861428079239,23.3994,23.2727,22.8077,24.21854433100055,21.39685566899945
2022-06-16,63,24.188,24.178,24.812,24.008,44599883,1147916639.61,0.00942,0.4346369905838756,0.3168753688706198,0.11776162171325583,66.28372547519035,63.7908895910777,71.26939724341565,80.23624379179759,69.4761268996214,23.650799999999997,23.4012,22.897,24.418786623123086,21.37521337687691
2022-06-17,63,24.008,24.292,24.339,23.829,34833644,889590626.91,0.00736,0.47647380032418596,0.34879505516140796,0.127678745162778,69.72170357211911,65.76782758475817,77.629455546841,81.86384769798359,70.57883127847984,23.8834,23.5411,22.98775,24.61677151774116,21.358728482258837
2022-06-20,63,24.405,24.122,24.528,24.065,29660733,759508002.48,0.00626,0.4902618003957606,0.3770884042083317,0.11317339618742894,69.46343394456903,66.99969637136178,74.39090909098354,71.34922250308797,66.66118585991428,24.038600000000002,23.6168,23.090799999999998,24.733672913687133,21.447927086312863
2022-06-21,63,24.15,24.093,24.358,23.838,25680855,655388938.75,0.00542,0.49316404316302354,0.40030353199930485,0.09286051116371868,68.85621068851856,67.6185344770807,71.33156311139427,69.52133251753537,65.97963509409794,24.174599999999998,23.6962,23.2387,24.657532893242855,21.819867106757147
2022-06-22,63,24.188,23.583,24.226,23.536,31123708,783219621.92,0.00657,0.44913687341495745,0.4100702002824471,0.03906667313251033,60.800630107977234,65.34589968737954,51.71009094917261,45.124748280176334,55.160050869320834,24.0536,23.7265,23.353099999999998,24.44285978038642,22.263340219613575
2022-06-23,63,23.583,23.781,23.791,23.28,30429471,759068544.72,0.00643,0.4253180778979555,0.41311977580555176,0.012198302092403746,57.64108736817617,62.77762891431175,47.36800427590504,52.83558717990964,58.07202884335005,23.974200000000003,23.8125,23.39845,24.479717964256228,22.317182035743773
2022-06-24,63,23.8,23.536,23.904,23.346,48599542,1212568724.37,0.01026,0.38226671022191994,0.40694916268882064,-0.024682452466900706,51.67888669996764,59.07804817619704,36.88056374750883,43.71474060997079,53.391602793474895,23.823,23.853199999999998,23.4363,24.478561326963966,22.394038673036032
2022-06-27,63,23.63,23.81,24.103,23.554,39022597,983054606.58,0.00824,0.36603697735972673,0.39876672562299675,-0.03272974826327002,45.984357887010574,54.71348474646822,28.5261041680953,54.30176202032483,57.564351852784746,23.7606,23.8996,23.49255,24.48429327641596,22.50080672358404
2022-06-28,63,23.772,24.103,24.122,23.167,52331691,1310847910.46,0.01105,0.3725219701447955,0.3935177745273539,-0.020995804382558436,49.62280394088446,53.01659114460696,42.835229533439446,63.18715771845887,61.57720002047841,23.7626,23.968600000000002,23.54785,24.546565232581308,22.549134767418693
2022-06-29,63,24.008,23.98,24.689,23.895,51177339,1312264636.29,0.01081,0.3635460175280478,0.38752342312749033,-0.023977405599442503,50.88738834779944,52.30685687900446,48.048451285389405,57.550222279711505,59.021227515983284,23.842000000000002,23.947799999999997,23.61025,24.548453181899724,22.672046818100277
2022-06-30,63,23.942,24.131,24.528,23.932,36019610,922826210.67,0.00761,0.3644156133155043,0.3829018611650916,-0.0184862478495873,55.03749674347381,53.217070167160905,58.67834989609962,62.481031628235506,61.179271623392694,23.912,23.943099999999998,23.67215,24.573747476996665,22.77055252300333
2022-07-01,63,24.055,23.876,24.367,23.829,24582143,625583604.44,0.00519,0.3406029803148449,0.37444208499504017,-0.03383910468019524,52.21947877510607,52.88453970314262,50.88935691903296,50.57597349796431,55.76869390908807,23.98,23.9015,23.721300000000003,24.54813113530891,22.894468864691095
2022-07-04,63,23.876,23.743,23.904,23.507,29117795,729249174.66,0.00615,0.3074555539509376,0.361044778786217,-0.05358922483527939,47.427966139163956,51.06568184848306,40.152534720525736,45.18718296028904,53.09686737906471,23.9666,23.863599999999998,23.7402,24.549841012067372,22.93055898793263
2022-07-05,63,23.772,23.517,23.885,23.214,34723173,863176426.1,0.00733,0.25995373113503106,0.34082656925597654,-0.08087283812094548,39.283996698995814,47.13845346532064,23.57508316634616,37.12196584578024,48.76595060726843,23.8494,23.806,23.7511,24.54136948102024,22.960830518979762
2022-07-06,63,23.498,23.318,23.97,23.205,31112758,773073467.02,0.00657,0.20390065246605005,0.31344138589798776,-0.10954073343193771,29.496383257061595,41.25776339590095,5.973622979382881,31.231843696495005,45.22270942177091,23.717,23.7795,23.753,24.53866981145517,22.96733018854483
2022-07-07,63,23.328,23.337,23.488,23.157,20231991,499482692.54,0.00427,0.15917639734391642,0.28258838818717025,-0.12341199084325383,23.5807045908696,35.3654104608905,0.011292850827800294,32.45967374946909,45.63414263524804,23.5582,23.7351,23.7738,24.485247035422134,23.06235296457787
2022-07-08,63,23.375,23.318,23.592,23.252,20796939,514962613.71,0.00439,0.12080642884800952,0.25023199631933546,-0.12942556747132594,19.223515854313444,29.984778925364814,-2.299010287789301,31.77879535319923,45.263262802567446,23.446599999999997,23.7133,23.783250000000002,24.462947417199587,23.10355258280042
2022-07-11,63,23.252,23.299,23.517,22.931,28454128,696418957.25,0.00601,0.0878521512642827,0.21775602730832277,-0.12990387604404008,19.793303326463015,26.587620392397547,6.204669194593947,30.99852048978336,44.86548163511682,23.3578,23.662200000000002,23.7809,24.46725510220017,23.094544897799828
2022-07-12,63,23.195,22.685,23.195,22.647,27867881,673224638.3,0.00588,0.012053254879941022,0.17661547282264423,-0.1645622179427032,13.868936224376021,22.34805900305704,-3.089309332986012,15.879154560642164,34.2533105244283,23.191399999999998,23.520400000000002,23.7445,24.575072789040885,22.913927210959113
2022-07-13,63,22.647,22.449,22.742,22.335,25671128,611709742.39,0.00542,-0.06629647097250313,0.12803308406361272,-0.19432955503611585,11.11603622307484,18.60405140972964,-3.859994150234762,12.962931630640085,31.162603518868664,23.0176,23.3673,23.65755,24.642405313979733,22.672694686020268
2022-07-14,63,22.42,22.335,22.571,22.212,30397197,719744258.6,0.00642,-0.1360198753427504,0.07522249218233833,-0.21124236752508874,9.742886492288823,15.650329770582701,-2.0720000642989334,11.715729679932167,29.748125200746813,22.8172,23.1877,23.5654,24.681375174219447,22.449424825780554
2022-07-15,63,22.354,22.193,22.685,22.165,25380675,602659277.34,0.00536,-0.20042378662123284,0.02009323642162262,-0.22051702304285545,7.012339840657964,12.77099979394112,-4.504980065908352,10.242696307077509,28.01989676971627,22.592200000000002,23.0194,23.46045,24.67880928932938,22.242090710670624
2022-07-18,63,22.259,23.053,23.157,22.212,37733326,913141440.61,0.00797,-0.17999588686572565,-0.019924588235847886,-0.16007129862987776,21.073785193864342,15.53859492724886,32.14416572709531,53.09910252652948,47.984908820180614,22.543,22.950400000000002,23.407,24.596615240761942,22.217384759238058
2022-07-19,63,23.053,23.658,23.904,23.016,43527202,1088540563.9,0.00919,-0.11367858056183167,-0.03867538670104496,-0.07500319386078672,42.66716981105239,24.581453221850033,78.8386029894571,66.57274094866068,57.11383695396081,22.7376,22.9645,23.38525,24.53737113306875,22.23312886693125
2022-07-20,63,23.725,23.677,23.885,23.583,30802953,772417733.85,0.0065,-0.058909455708057834,-0.042722200502447585,-0.01618725520561025,57.426953537059646,35.5299533269199,101.22095395733912,66.93076104727432,57.37016191167517,22.9832,23.000400000000003,23.389950000000002,24.546227234103366,22.23367276589664
2022-07-21,63,23.668,23.63,24.197,23.621,30940205,780924832.34,0.00653,-0.019077080506601618,-0.03799317650327834,0.01891609599667672,62.31678792234422,44.45889819206134,98.03256738290997,64.86839708884004,56.459528115971956,23.242200000000004,23.029700000000002,23.3824,24.52986446338756,22.23493553661244
2022-07-22,63,23.63,23.63,24.008,23.441,21644331,541816831.04,0.00457,0.012348018573867137,-0.02792493748784916,0.0402729560617163,65.57667751253393,51.4981579655522,93.7337166064974,64.86839708884004,56.459528115971956,23.5296,23.0609,23.3871,24.537978456246833,22.236221543753167
2022-07-25,63,23.658,23.375,23.772,23.28,18399711,456222271.22,0.00389,0.01648646906249951,-0.019042656177779366,0.035529125240278875,63.56686637318536,55.52106076809659,79.65847758336292,52.28211386266481,51.21096863807657,23.594,23.0685,23.36535,24.49888815435074,22.231811845649258
2022-07-26,63,23.498,23.271,23.554,23.139,19671304,483768333.42,0.00415,0.011244761750290877,-0.012985172592165284,0.024229934342456162,60.520955534879505,57.187692357024225,67.18748189059006,47.74798568091068,49.176989304971144,23.5166,23.1271,23.32375,24.40307530094667,22.24442469905333
2022-07-27,63,23.28,23.205,23.432,23.044,17493383,428842283.79,0.00369,0.0017449639232154368,-0.010039145289089127,0.011784109212304564,57.4076711439879,57.26101861934544,57.70097619327281,44.78988823734967,47.86096428259804,23.4222,23.2027,23.285,24.319854274002637,22.250145725997363
2022-07-28,63,23.309,23.479,23.658,23.28,26230475,651626136.81,0.00554,0.016139555057272048,-0.004803405219816875,0.020942960277088925,59.54801921773836,58.023352152143076,62.59735334892892,57.81091888198153,53.497053617353416,23.392,23.3171,23.2524,24.213490477147513,22.29130952285249
2022-07-29,63,23.526,23.082,23.649,23.082,22781359,562090591.93,0.00481,-0.004435790159305952,-0.00472988220771469,0.0002940920484087381,41.561507590261996,52.53607063151605,19.612381507753895,40.998892852093505,45.690347367275635,23.2824,23.406,23.212699999999998,24.129925587817873,22.295474412182124
2022-08-01,63,22.855,22.685,22.968,22.439,33401475,801542810.92,0.00705,-0.05217477448614716,-0.014218860663401204,-0.037955913822745956,32.37206308065245,45.814734781228175,5.486719679501007,30.392678436933778,39.415619540216085,23.144399999999997,23.3692,23.159799999999997,24.07026190706202,22.249338092937975
2022-08-02,63,22.486,21.929,22.647,21.617,37451261,872096363.71,0.00791,-0.14928975075376627,-0.041233038681474266,-0.108056712072292,25.61238313903959,39.08061756716531,-1.324085717211858,19.10102596436981,30.666654475991024,22.875999999999998,23.1963,23.0804,24.126561786824112,22.03423821317589
2022-08-03,63,21.834,21.957,22.467,21.834,28704778,673170505.87,0.00606,-0.22144206382227338,-0.07727484370963414,-0.14416722011263924,21.814919304459405,33.32538481293001,-1.2060117124818106,20.415150158755523,31.28293398815711,22.626399999999997,23.0243,23.01235,24.165069124048816,21.859630875951186
2022-08-04,63,22.127,22.278,22.411,22.023,19121167,450056056.22,0.00404,-0.24984142174320922,-0.11178815931634921,-0.13805326242686,24.767564145741666,30.472777923867227,13.357136589490551,34.95159750961929,38.15768358129479,22.3862,22.8891,22.9594,24.14611725892568,21.772682741074316
2022-08-05,63,22.326,23.989,24.046,22.288,73059310,1809977446.25,0.01543,-0.13275523819680757,-0.11598157509244089,-0.016773663104366676,49.062827860575425,36.66946123610329,73.8495611095197,70.00026532924888,60.90224724385881,22.5676,22.925,22.99295,24.257726655965072,21.72817334403493
2022-08-08,63,24.046,23.687,24.433,23.45,45410177,1139544347.28,0.00959,-0.06359920544339914,-0.10550510116263254,0.041905895719233394,57.2113928161412,43.51677176278259,84.60063492285842,62.82992749669092,56.87456289530353,22.768,22.9562,23.01235,24.30840852288288,21.716291477117124
2022-08-09,63,23.649,23.772,23.914,23.573,25508961,640480880.72,0.00539,-0.0019117631493728027,-0.08478643355998058,0.08287467041060778,63.64992475621533,50.2278227605935,90.49412874745897,64.07288285456791,57.73283650060698,23.136599999999998,23.006300000000003,23.0667,24.395706609622973,21.73769339037703
2022-08-10,63,23.649,23.507,23.847,23.394,20161680,502789156.82,0.00426,0.02530113911124232,-0.062768919025736,0.08807005813697832,64.80544226171932,55.08702926096877,84.24226826322042,56.94842190062227,54.07279054224046,23.4466,23.0365,23.1196,24.429165681317546,21.81003431868245
2022-08-11,63,23.63,23.895,23.951,23.554,28611713,721335669.77,0.00604,0.07728488309350112,-0.03475815860188857,0.1120430416953897,70.16859029569166,60.11421627254306,90.27733834198884,63.984549341797106,58.2957628830593,23.77,23.0781,23.1976,24.496185367965932,21.89901463203407
2022-08-12,63,23.876,23.687,23.961,23.677,17078953,429499918.61,0.00361,0.10053962199513578,-0.007698602482483693,0.10823822447761947,71.2819011062187,63.836777883768264,86.17214755111956,57.89736726252473,55.320960890687594,23.709600000000002,23.1386,23.2723,24.497365257123473,22.04723474287653
2022-08-15,63,23.583,23.337,23.611,23.271,23899812,591401592.32,0.00505,0.0896932743119443,0.01177977287640191,0.07791350143554238,66.79791226755479,64.82382267836377,70.74609144593683,48.56754656000627,50.58272611844767,23.639599999999998,23.2038,23.2865,24.5074391553444,22.0655608446556
2022-08-16,63,23.337,22.997,23.356,22.855,25269149,616776180.78,0.00534,0.05305086760366251,0.020033991821854034,0.03301687578180848,58.0035874314819,62.55041092940314,48.90994043563941,40.88700415769916,46.37355408814933,23.4846,23.3106,23.25345,24.46781498025249,22.03908501974751
2022-08-17,63,22.987,23.554,23.63,22.789,33051868,814878707.19,0.00698,0.06817076330884575,0.029661346119252384,0.038509417189593366,58.34271796131424,61.147846606706835,52.732460670529065,54.90612567599417,53.3162065005593,23.494,23.470299999999998,23.2473,24.453854049218137,22.04074595078186
2022-08-18,63,23.441,23.346,23.564,23.214,17343708,428804712.89,0.00366,0.0626474180360681,0.036258560502615535,0.02638885753345257,50.188738170478736,57.49481046129747,35.57659358884128,49.631577149873245,50.64516229628654,23.3842,23.577099999999998,23.2331,24.42731145972009,22.03888854027991
2022-08-19,63,23.309,23.328,23.791,23.29,28082102,699457136.14,0.00593,0.056170186549152845,0.040240885711923,0.01592930083722985,48.7890791443692,54.59290002232137,37.18143738846484,49.14134482309863,50.40676113969234,23.312400000000004,23.511,23.218,24.398640860764075,22.037359139235924
2022-08-22,63,23.271,23.498,23.725,22.997,22075100,548828409.51,0.00466,0.0640165342836454,0.04499601542626748,0.01902051885737792,52.69101294493787,53.95893766319354,50.15516350842651,54.26150346342054,52.70074152539858,23.3446,23.4921,23.22415,24.409506313297467,22.038793686702537
2022-08-23,63,23.441,23.195,23.498,23.176,16946021,417676385.24,0.00358,0.04526354270800681,0.04504952088261535,0.0002140218253914583,46.674554705043896,51.53081001047698,36.96204409417771,44.64774826956908,48.35199684768849,23.3842,23.4344,23.22035,24.40556120036648,22.03513879963352
2022-08-24,63,23.167,22.6,23.356,22.6,28746493,695268886.46,0.00607,-0.017409076226094555,0.03255780146087337,-0.04996687768696793,31.116369803362595,44.72599660810552,3.897116193876741,31.49752239052448,41.08871862763928,23.1934,23.3437,23.1901,24.407408835095055,21.972791164904947
2022-08-25,63,22.779,22.836,22.893,22.496,16744457,402110481.11,0.00354,-0.04748698844857202,0.016548843478984287,-0.06403583192755631,29.495855287183797,39.64928283446494,9.189000192621506,39.919999897206864,44.68415350285582,23.0914,23.2378,23.15795,24.377095080093532,21.938804919906467
2022-08-26,63,22.968,23.186,23.63,22.846,28788874,709166737.03,0.00608,-0.042590967259958035,0.004720881331195819,-0.04731184859115385,37.42452128540697,38.907695651445614,34.458172553329675,50.706091869717156,49.65524536257565,23.063,23.1877,23.16315,24.38181817296176,21.944481827038242
2022-08-29,63,23.318,22.76,23.346,22.694,30605885,741288320.69,0.00646,-0.07225253124638442,-0.010673801184320235,-0.061578730062064185,31.745047652304837,36.52014631839869,22.19485032011714,40.1723199974464,44.361766612757634,22.915399999999998,23.130000000000003,23.166900000000002,24.37982111949036,21.953978880509645
2022-08-30,63,22.76,23.157,23.573,22.713,36634157,901087871.01,0.00774,-0.06299879369555583,-0.02113879968656736,-0.041859994008988474,38.177522115693584,37.07260491749698,40.38735651208678,51.451167272072134,49.80216266978044,22.9078,23.145999999999997,23.228299999999997,24.29259083876267,22.164009161237324
2022-08-31,63,23.016,23.157,23.28,22.713,29029445,706530924.8,0.00613,-0.0550307794124727,-0.02791719563174843,-0.027113583780724267,42.46583842461942,38.870349419871125,49.65681643411601,51.451167272072134,49.80216266978044,23.0192,23.1063,23.2883,24.170555029366554,22.406044970633445
2022-09-01,63,23.072,22.713,23.337,22.694,27163908,659669860.33,0.00574,-0.0835796549083625,-0.03904968748707125,-0.04452996742129125,34.19610275229583,37.312267197346024,27.96377386219544,39.46819033966732,44.067064087121615,22.994600000000002,23.043,23.31005,24.10451492420367,22.51558507579633
2022-09-02,63,22.732,22.94,23.224,22.6,27031803,656709128.18,0.00571,-0.08688629390688618,-0.04861700877103424,-0.03826928513585194,35.84854821934367,36.824360871345235,33.89692291534054,47.03606404911777,47.44271154488988,22.9454,23.0042,23.2576,24.000145096982738,22.515054903017262
2022-09-05,63,22.94,22.713,22.968,22.449,26435567,632628170.7,0.00558,-0.10659504812714005,-0.06021261664225541,-0.046382431484884634,31.350344593307856,34.999688778666105,24.05165622259136,40.899939945706684,44.51211356958162,22.936,22.9257,23.2089,23.960570952646904,22.457229047353096
2022-09-06,63,22.76,23.261,23.394,22.732,36308465,889670316.48,0.00767,-0.07710657048680858,-0.06359140741116605,-0.01351516307564253,43.81866043731107,37.93934599821442,55.57728931550437,57.1092017811679,52.27581038537717,22.956799999999998,22.9323,23.183349999999997,23.88767805604121,22.479021943958784
2022-09-07,63,23.261,23.233,23.602,23.157,24178928,597090012.32,0.00511,-0.05535797107642537,-0.06194472014421791,0.006586749067792538,51.3405802858958,42.40642409410821,69.20889266947098,56.16471134300584,51.871268691432356,22.972,22.995600000000003,23.169649999999997,23.857948061201036,22.48135193879896
2022-09-08,63,23.261,23.053,23.346,23.035,16802599,411433270.09,0.00355,-0.05204657064862417,-0.05996509024509917,0.007918519596475,51.68874765518233,45.50053194779959,64.06517906994782,49.80989736446718,49.20109030506443,23.04,23.0173,23.12755,23.72620796402889,22.528892035971108
2022-09-09,63,23.053,23.403,23.517,23.006,24549463,605409772.76,0.00518,-0.020938842287655746,-0.052159840653610484,0.03122099836595474,62.03939060215388,51.013484832584346,84.09120214129295,60.292872709801095,54.20194816125931,23.1326,23.039,23.11335,23.66798872546907,22.558711274530932
2022-09-12,63,23.403,23.403,23.403,23.403,0,0.0,0.0,0.003671928616341802,-0.040993486799620026,0.04466541541596183,68.93981923346824,56.98892963287898,92.84159843464676,60.292872709801095,54.20194816125931,23.2706,23.103299999999997,23.11665,23.67764058065125,22.55565941934875
2022-09-13,63,23.403,23.649,23.876,23.356,37425075,937682180.72,0.0079,0.04253594266976535,-0.02428760090574295,0.06682354357550829,73.99071340628785,62.65619089068193,96.6597584374997,67.22199929958487,57.686250367427185,23.348200000000002,23.1525,23.149250000000002,23.754959631667862,22.543540368332142
2022-09-14,63,23.346,23.706,23.866,23.233,36609028,914981765.76,0.00773,0.07704722142225862,-0.004020636440142632,0.08106785786240125,78.68944079923975,68.00060752686787,100.06710734398351,68.73882713592579,58.48462384007352,23.4428,23.2074,23.15685,23.787253805425706,22.52644619457429
2022-09-15,63,23.781,23.318,23.961,23.233,34650719,863109294.96,0.00732,0.07225639463891298,0.011234769775668497,0.061021624863244486,71.61747552400819,69.2062301925813,76.43996618686197,49.88303395838865,51.29733903749027,23.495800000000003,23.2679,23.155450000000002,23.78420732914046,22.526692670859543
2022-09-16,63,23.29,23.214,23.838,23.214,46666304,1159520252.23,0.00985,0.059383171876525864,0.020864450195839976,0.03851872168068589,60.81794272796638,66.410134371043,49.633559441813134,45.83860731878133,49.5179299299784,23.458,23.2953,23.14975,23.773971578406137,22.525528421593865
2022-09-19,63,23.12,21.995,23.129,21.985,46670722,1103057274.5,0.00985,-0.04862152813776177,0.006967254529119623,-0.055588782666881394,40.71398611014225,57.844751617409415,6.452455095607917,21.415946240718284,34.3029503553707,23.1764,23.223499999999998,23.0746,23.86267811528424,22.28652188471576
2022-09-20,63,22.165,21.844,22.278,21.787,26241188,610202002.46,0.00554,-0.14473208074767996,-0.023372612526240302,-0.12135946822143966,28.01662244815988,47.90204189432623,-11.754216444172826,19.84430991916355,32.93542929340687,22.815400000000004,23.081799999999998,23.00705,23.964974175661247,22.049125824338752
2022-09-21,63,21.749,21.796,21.966,21.295,27294135,624442834.99,0.00576,-0.22221206018653916,-0.06314050205830009,-0.1590715581282391,24.941814315277355,40.24863270130994,-5.671822456787808,19.30392169997303,32.48631604644535,22.4334,22.9381,22.96685,24.055288819207764,21.878411180792238
2022-09-22,63,21.626,21.324,21.683,21.22,29368540,665449469.72,0.0062,-0.3180358208773306,-0.11411956582210622,-0.2039162550552244,17.892621436987806,32.79662894653589,-11.915393582108365,14.609458017597404,28.340672061952063,22.0346,22.7652,22.891250000000003,24.20473053098006,21.577769469019945
2022-09-23,63,21.324,21.106,21.437,20.851,26480108,592321134.15,0.00559,-0.40687738255617845,-0.17267112916892072,-0.23420625338725773,14.661533262386325,26.751597051819367,-9.518594316479764,12.874226867971146,26.628522628972036,21.613,22.535500000000003,22.78725,24.314460580730515,21.260039419269486
2022-09-26,63,20.823,20.53,21.031,20.416,28208478,619543582.21,0.00596,-0.5177945150937511,-0.24169580635388685,-0.2760987087398642,10.84628780727025,21.449827303636326,-10.360791185461899,9.352249559552519,22.679268236064658,21.32,22.248200000000004,22.67575,24.50674384862012,20.844756151379883
2022-09-27,63,20.596,20.832,20.851,20.426,19879680,434113451.57,0.0042,-0.5747034499358925,-0.308297335070288,-0.2664061148656045,11.142471138086142,18.0140419151196,-2.6006704159807725,22.66341528103024,28.725377405161964,21.1176,21.966500000000003,22.5595,24.550114240035494,20.568885759964505
2022-09-28,63,20.823,20.331,20.823,20.331,20617615,448090578.1,0.00435,-0.6527066934628252,-0.37717920674879546,-0.2755274867140297,7.428314092057428,14.485465974098874,-6.685989672025464,17.5368848585031,25.164279793064978,20.8246,21.628999999999998,22.418200000000002,24.620207753703188,20.216192246296817
2022-09-29,63,20.511,20.076,20.624,19.896,23724515,507755052.21,0.00501,-0.7267239664171186,-0.44708815868246016,-0.2796358077346584,6.808070823718248,11.926334257305331,-3.428456043455917,15.408103451185823,23.543653056178712,20.575000000000003,21.3048,22.286350000000002,24.71786616334996,19.854833836650045
2022-09-30,63,20.038,20.227,20.369,19.925,23410252,500127682.86,0.00494,-0.7643873714893203,-0.5105480012438323,-0.2538393702454881,9.170675819226659,11.00778144461244,5.496464568455096,22.125370642246722,26.5974149867167,20.3992,21.0061,22.1507,24.727067585738233,19.574332414261768
2022-10-03,63,20.227,20.227,20.227,20.227,0,0.0,0.0,-0.7851847696187946,-0.5654753549188247,-0.21970941469996985,11.4438966009015,11.15315316337546,12.025383475953582,22.125370642246722,26.5974149867167,20.3386,20.8293,22.026400000000002,24.725497814182894,19.32730218581711
2022-10-04,63,20.227,20.227,20.227,20.227,0,0.0,0.0,-0.7925310524258684,-0.6108864944202335,-0.18164455800563495,13.803485627983944,12.036597318244954,17.337262247461922,22.125370642246722,26.5974149867167,20.217599999999997,20.6676,21.8747,24.622242756719277,19.127157243280724
2022-10-05,63,20.227,20.227,20.227,20.227,0,0.0,0.0,-0.7892549938521647,-0.6465601943066197,-0.14269479954554498,16.362176661355495,13.4784570992818,22.12961578550289,22.125370642246722,26.597414986716714,20.196800000000003,20.5107,21.7244,24.48791579276158,18.96088420723842
2022-10-06,63,20.227,20.227,20.227,20.227,0,0.0,0.0,-0.7776939220930821,-0.6727869398639122,-0.10490698222916983,20.629116305808218,15.862010168123938,30.163328581176778,22.125370642246722,26.597414986716714,20.227,20.401000000000003,21.5831,24.349574397039355,18.81662560296065
2022-10-07,63,20.227,20.227,20.227,20.227,0,0.0,0.0,-0.7597734932853619,-0.6901842505482022,-0.06958924273715972,25.305972825163597,19.009997720470487,37.89792303454982,22.125370642246722,26.597414986716714,20.227,20.3131,21.4243,24.114484114223714,18.734115885776284
2022-10-10,63,20.227,19.471,20.322,19.443,36624139,763840745.97,0.00773,-0.7973825652709863,-0.7116239134927591,-0.08575865177822717,17.54697705252449,18.522324164488488,15.596282828596493,10.116192705016147,19.892570001379084,20.0758,20.2072,21.2277,23.88350897379005,18.571891026209947
2022-10-11,63,19.481,19.396,19.603,19.188,18885364,387157233.94,0.00399,-0.8237442863014692,-0.7340479880545012,-0.08969629824696801,16.52621125692909,17.856953195302022,13.864727380183233,9.502194163788587,19.364272535849082,19.9096,20.0636,21.01505,23.531994971483147,18.49810502851685
2022-10-12,63,19.433,20.104,20.114,19.216,29662934,618858823.74,0.00626,-0.7785320329161642,-0.7429447970268339,-0.035587235889330326,36.871270389180495,24.195058926594847,62.22369331435179,46.3732192868761,36.681513897522095,19.884999999999998,20.0409,20.83495,23.036929346430366,18.632970653569632
2022-10-13,63,20.095,20.142,20.464,20.019,23430607,501886700.48,0.00495,-0.7312058286104701,-0.7405970033435613,0.009391174733091145,49.502477020164235,32.63086495778464,83.24570114492343,47.744451965326064,37.46782362017047,19.868000000000002,20.047500000000003,20.67615,22.559130870294595,18.793169129705404
2022-10-14,63,20.331,20.577,20.643,20.227,22786439,494224748.87,0.00481,-0.6510932133742635,-0.7226962453497018,0.07160303197543827,64.82295718870058,43.36156236808995,107.74574682992187,61.327994090163735,45.86336324881603,19.938,20.082500000000003,20.5443,21.999825963897454,19.088774036102546
2022-10-17,63,20.388,20.908,20.983,20.322,20044934,441105198.88,0.00423,-0.5545024984474587,-0.6890574959692533,0.13455499752179456,75.15588046563326,53.959668400604386,117.54830459569101,68.74626287458148,51.29179626625271,20.2254,20.1506,20.48995,21.79029885602637,19.18960114397363
2022-10-18,63,20.946,20.917,21.097,20.747,19223467,425964444.4,0.00406,-0.47178894695986884,-0.6456037861673765,0.17381483920750762,80.29424683390742,62.73786121170539,115.40701807831147,68.94066178444142,51.43623996232696,20.5296,20.2196,20.4436,21.59870426050303,19.28849573949697
2022-10-19,63,20.889,20.719,21.106,20.681,15196291,334656443.17,0.00321,-0.417403240342086,-0.5999636770023185,0.18256043666023247,80.13707522677595,68.5375992167289,103.33602724687003,59.21676240321779,48.01866681437494,20.6526,20.2688,20.38975,21.365953791278205,19.413546208721794
2022-10-20,63,20.577,20.832,21.21,20.511,21515279,475189561.83,0.00454,-0.36102237998614584,-0.552175417599084,0.19115303761293811,80.52659614524924,72.53393152623568,96.51192538327638,62.80924371423297,50.08354371100608,20.7906,20.3293,20.36515,21.263954416404395,19.466345583595604
2022-10-21,63,20.87,20.813,21.125,20.728,12461577,275770193.21,0.00263,-0.3142507954617386,-0.5045904931716149,0.19033969770987624,80.47305552446221,75.18030619231118,91.05855418876428,61.71240767447386,49.72125686328818,20.8378,20.3879,20.3505,21.207017182671315,19.493982817328686
2022-10-24,63,20.851,20.416,21.21,20.341,24312397,533290021.34,0.00513,-0.3056946990401599,-0.46481133434532385,0.15911663530516396,73.70888422459967,74.689832203074,71.746988267651,42.91959108068076,42.68337828520488,20.7394,20.482400000000002,20.3448,21.197797587459196,19.491802412540803
2022-10-25,63,20.369,20.369,20.586,20.133,17651246,380646671.47,0.00373,-0.29925679184576026,-0.4317004258454112,0.13244363399965092,58.934946046178695,69.4382034841089,37.92843117031828,41.13979555284867,41.91709949120762,20.6298,20.5797,20.32165,21.143538268754625,19.49976173124538
2022-10-26,63,20.445,20.946,21.173,20.445,23055581,509031328.64,0.00487,-0.24477402683713123,-0.3943151460437552,0.149541119206624,64.452452424472,67.77628646422993,57.80478434495615,63.461407403983124,53.17531174700588,20.6752,20.663899999999998,20.3524,21.220482072278426,19.484317927721573
2022-10-27,63,21.74,20.936,21.74,20.898,38345975,857324049.41,0.0081,-0.20009637298904792,-0.3554713914328138,0.1553750184437659,59.62459699071834,65.05905663972607,48.755677692702875,62.9648069698658,52.98115374429929,20.696,20.743299999999998,20.395400000000002,21.290609801931573,19.50019019806843
2022-10-28,63,20.813,20.189,20.898,20.142,29505773,640193942.23,0.00623,-0.2224019525797729,-0.3288575036622057,0.10645555108243276,40.91131606060336,57.00980978001849,8.714328621773106,37.006468670041315,40.83180513178448,20.5712,20.7045,20.3935,21.290374455804354,19.496625544195645
2022-10-31,63,20.171,20.955,21.163,20.114,41230450,912051497.91,0.00871,-0.17623792912072744,-0.29833358875391003,0.12209565963318258,44.51488311379295,52.84483422460997,27.854980892158892,58.20781703846577,52.911216731796685,20.679,20.709200000000003,20.429899999999996,21.35690806786964,19.502891932130353
2022-11-01,63,20.965,21.22,21.267,20.851,28317089,632320539.93,0.00598,-0.1169215251883422,-0.2620511760407965,0.14512965085245427,52.349815474795946,52.67982797467195,51.689790475043935,63.331259575914835,56.27978543901392,20.849200000000003,20.7395,20.47955,21.465308692581843,19.493791307418157
2022-11-02,63,21.087,21.56,21.721,21.059,38353793,867157616.51,0.0081,-0.04199361430960735,-0.21803966369455863,0.17604604938495128,64.54317341616162,56.634276455168504,80.36096733814787,69.15346459906579,60.25892486864476,20.971999999999998,20.8236,20.546200000000002,21.63493825572281,19.457461744277197
2022-11-03,63,21.258,21.078,21.324,20.946,33353535,743917474.96,0.00704,-0.021260991693516473,-0.1786839292943502,0.15742293760083373,62.790979899417295,58.68651093658476,70.99991782508236,54.44682554743506,52.82372604315245,21.0004,20.8482,20.588749999999997,21.69139082523473,19.486109174765264
2022-11-04,63,21.106,21.929,22.033,20.983,61734051,1414669615.76,0.01303,0.06311084364179109,-0.13032497470712195,0.19343581834891305,73.38749016049388,63.58683734455447,92.98879579237271,68.59638464843142,61.88245410151142,21.348399999999998,20.9598,20.67385,21.913178897343286,19.434521102656717
2022-11-07,63,21.74,22.392,22.675,21.645,54575054,1284881509.87,0.01152,0.1654293930301982,-0.0711741011596579,0.2366034941898561,78.5748697907132,68.58284815994071,98.55891305225816,73.89112934749895,65.78219476886191,21.635799999999996,21.157400000000003,20.8199,22.147682147635518,19.492117852364483
2022-11-08,63,22.269,22.165,22.363,22.014,28245974,661136615.26,0.00596,0.22560000191131735,-0.011819280545462833,0.23741928245678018,79.07854784173276,72.08141472053805,93.07281408412217,67.22292510612574,62.3693581554778,21.8248,21.337,20.95835,22.237552922053457,19.679147077946542
2022-11-09,63,22.108,21.692,22.212,21.673,27346298,632290431.37,0.00577,0.23243908412113612,0.03703239238785697,0.19540669173327915,73.25788390542172,72.47357111549927,74.82650948526663,54.84680646702739,55.789948294670445,21.8512,21.4116,21.03775,22.290532314018044,19.784967685981954
2022-11-10,63,21.607,21.636,21.806,21.428,22139889,506445327.83,0.00467,0.2306812246149761,0.07576215883328082,0.1549190657816953,68.64855933405829,71.19856718835227,63.54854362547033,53.44878755012943,55.040037108566054,21.962799999999998,21.4816,21.112450000000003,22.31760427708637,19.907295722913634
2022-11-11,63,22.118,22.524,22.902,21.995,71547033,1698102310.77,0.01511,0.29751274323780663,0.120112275714186,0.17740046752362063,72.95569484614126,71.78427640761527,75.29853172319324,68.65299863394141,63.522032064101005,22.081799999999998,21.7151,21.2098,22.54081553630878,19.878784463691222
2022-11-14,63,22.685,22.798,22.912,22.571,37511169,902904378.05,0.00792,0.36834071029770143,0.16975796263088913,0.1985827476668123,80.03760463462653,74.53538581661903,91.04204227064156,72.03494985267915,65.70019269370854,22.163,21.8994,21.3043,22.802917060738817,19.805682939261185
2022-11-15,63,22.609,22.997,23.091,22.562,31219866,756892462.75,0.00659,0.4355097358092408,0.22290831726655946,0.21260141854268133,85.23097496232288,78.1005821985203,99.49176048992803,74.43844052920463,67.2496045993988,22.3294,22.077099999999998,21.4083,23.073214361635323,19.74338563836468
2022-11-16,63,22.949,22.874,23.479,22.77,37472464,912996601.42,0.00791,0.4733600011578538,0.2729986540448183,0.2003613471130355,82.07438929112122,79.4251845627206,87.37279874792245,69.9775761880032,65.26179484166794,22.565800000000003,22.208499999999997,21.51605,23.26970212597823,19.76239787402177
2022-11-17,63,22.968,23.195,23.205,22.685,28057781,682553937.89,0.00592,0.5232271885423749,0.32304436094432964,0.2001828275980453,83.43395821098315,80.76144244547478,88.77898974199988,74.72165186004288,67.95823047109386,22.8776,22.4202,21.6342,23.508087891945394,19.760312108054606
2022-11-18,63,23.233,23.743,24.065,23.186,63271014,1595755457.83,0.01336,0.6000493180980513,0.37844535237507404,0.22160396572297725,84.88569025467385,82.1361917152078,90.38468733360594,80.90347928398452,72.00515280407302,23.1214,22.6016,21.7807,23.833827944843023,19.727572055156976
2022-11-21,63,23.545,23.687,24.036,23.488,28372813,711536149.23,0.00599,0.6489321909508377,0.4325427200902268,0.21638947086061083,85.14563650652886,83.13933997898148,89.15822956162361,78.54793289698465,71.00539283980196,23.299200000000003,22.731099999999998,21.94425,24.05982829595512,19.82867170404488
2022-11-22,63,23.602,23.639,24.15,23.261,43312094,1085451571.05,0.00915,0.676006439620064,0.48123546399619427,0.19477097562386975,83.83943731833739,83.37270575876678,84.7729004374786,76.26402472067545,70.0953472946642,23.4276,22.8785,22.10775,24.216157218731855,19.999342781268144
2022-11-23,63,23.545,23.176,23.658,23.11,29270076,721487674.45,0.00618,0.6525802083199679,0.5155044128609491,0.13707579545901882,74.16055295313751,80.30198815689036,61.877682545631814,57.059854776761654,61.76534738984584,23.488,23.026899999999998,22.21925,24.304708917058168,20.13379108294183
2022-11-24,63,23.214,22.912,23.488,22.874,17222171,420372446.16,0.00364,0.6057296831291374,0.5335494669145867,0.07218021621455073,56.78713605775914,72.46370412384661,25.433999925584203,48.67351075212634,57.51386982659608,23.4314,23.1545,22.31805,24.333587172750093,20.302512827249906
2022-11-25,63,22.902,23.063,23.356,22.902,19673115,482006341.71,0.00415,0.5741661127080064,0.5416727960732707,0.03249331663473576,48.3744635011425,64.43395724961191,16.2554760042037,53.376767226299215,59.263476967160514,23.2954,23.208399999999997,22.461750000000002,24.23318746268705,20.690312537312955
2022-11-28,63,22.496,22.628,22.751,22.212,28374183,677237692.2,0.00599,0.50819276178661,0.5349767892159386,-0.026784027429328616,39.40478509295294,56.09089986405891,6.0325555507409945,40.53598705891831,52.472586719344115,23.083599999999997,23.191399999999998,22.5454,24.169096419642074,20.921703580357928
2022-11-29,63,22.77,23.242,23.611,22.704,27588140,676169845.9,0.00583,0.49969292491228856,0.5279200163552086,-0.028227091442920016,43.98571500176914,52.05583824329565,27.845468518716103,57.75124177177119,59.600790769921765,23.004199999999997,23.215899999999998,22.6465,24.171519068043192,21.121480931956807
2022-11-30,63,23.233,23.157,23.346,22.959,20341846,498019464.39,0.0043,0.48055837557152614,0.5184476881984721,-0.03788931262694595,45.577679970219684,49.89645215227033,36.94013560611839,55.1012036296996,58.28071181336598,23.000400000000003,23.2442,22.72635,24.17727366588016,21.27542633411984
2022-12-01,63,23.384,23.819,24.235,23.337,53820382,1357802214.76,0.01136,0.5128995871095263,0.5173380679806829,-0.004438480871156614,56.86394680499403,52.21895036984489,66.15393967529229,68.57709366744092,64.88810024508228,23.1818,23.3066,22.863400000000002,24.16931970414908,21.557480295850926
2022-12-02,63,23.677,23.677,23.961,23.611,20002460,503288933.87,0.00422,0.5210654983791905,0.5180835540603844,0.0029819443188060513,62.04836526165857,55.495422000449445,75.1542517840768,63.659027572826844,62.569249425020296,23.3046,23.3,22.950799999999997,24.22704788880719,21.674552111192806
2022-12-05,63,23.819,25.294,25.511,23.819,85152240,2237032868.59,0.01798,0.6505166756792455,0.5445701783841567,0.10594649729508887,72.50632656324373,61.16572352138087,95.18753264696946,81.64580892929052,74.07723501633626,23.837799999999998,23.4607,23.0959,24.71773066154807,21.47406933845193
2022-12-06,63,25.52,25.445,25.899,25.171,58986876,1594483420.46,0.01245,0.7565708267221183,0.586970308051749,0.1696005186703693,77.56637302932458,66.63260669069544,99.43390570658286,82.61029781861534,74.86448744225679,24.2784,23.641299999999998,23.259900000000002,25.12976438010906,21.390035619890945
2022-12-07,63,25.426,25.142,25.445,24.859,35267468,937450395.67,0.00745,0.8068688560191575,0.6309500176452307,0.17591883837392674,78.2003828513009,70.48853207756392,93.62408439877487,73.33135273766558,70.1977827274045,24.6754,23.8379,23.4324,25.329585216938256,21.535214783061747
2022-12-08,63,25.01,25.199,25.492,24.953,23166255,618247703.48,0.00489,0.8416280657560797,0.6730856272674006,0.1685424384886791,79.13838017769577,73.37181477760787,90.67151097787158,73.99083674806639,70.57421197226932,24.9514,24.0666,23.61055,25.46617047787132,21.75492952212868
2022-12-09,63,25.209,25.057,25.511,24.887,27335310,727627382.57,0.00577,0.8479422265380769,0.708056947121536,0.13988527941654094,77.30769424470273,74.68377459997282,82.55553353416255,68.89750993024654,68.23200659936464,25.2274,24.266000000000002,23.737199999999998,25.626038529222214,21.848361470777782
2022-12-12,63,24.887,25.133,25.464,24.859,21778016,579323317.47,0.0046,0.849288737346761,0.736303305166581,0.11298543218017998,76.1869889068993,75.18484603561498,78.19127464946794,70.21436204507539,68.8358823350272,25.1952,24.5165,23.85395,25.78650636262892,21.921393637371082
2022-12-13,63,25.048,24.906,25.398,24.878,21919764,581887108.73,0.00463,0.8225569298051063,0.7535540300942862,0.06900289971082008,71.20506520413113,73.85825242512036,65.89869076215268,60.963073797909274,64.82098671256307,25.0874,24.6829,23.949399999999997,25.89229034823477,22.006509651765224
2022-12-14,63,25.095,25.161,25.445,25.038,21651748,578586465.0,0.00457,0.8125812180405667,0.7653594676835425,0.04722175035702425,70.05162855100585,72.58937780041552,64.9761300521865,66.850768616311,67.1677178260837,25.0912,24.8833,24.06375,26.009345822688733,22.118154177311265
2022-12-15,63,25.057,25.095,25.35,24.925,15736281,418118791.54,0.00332,0.7902403473812285,0.7703356436230797,0.01990470375814879,67.14980364938849,70.77618641673983,59.897038114685785,63.85933697240947,65.92598371344604,25.0704,25.0109,24.15875,26.111272241938323,22.20622775806168
2022-12-16,63,24.953,24.897,25.048,24.575,18607538,488004155.06,0.00393,0.7479363564982009,0.765855786198104,-0.017919429699903122,52.87328299687326,64.80855194345096,29.002745103717842,54.99935610015606,62.16481772754982,25.0384,25.1329,24.216450000000002,26.185377517310314,22.24752248268969
2022-12-19,63,24.934,24.415,25.038,24.311,20715192,537316143.5,0.00437,0.6678185705467214,0.7462483430678276,-0.07842977252110617,38.137744220137705,55.91828270234654,2.5766672557200394,39.13722585098073,53.985559874083435,24.8948,25.044999999999998,24.252850000000002,26.207429752920568,22.298270247079437
2022-12-20,63,24.424,23.999,24.764,23.677,20865044,531067531.74,0.00441,0.5642525723173613,0.7098491889177344,-0.14559661660037315,31.277580116224105,47.70471517363906,-1.5766899986058007,30.135754328996214,48.034950575977476,24.7134,24.9004,24.27085,26.208181998828522,22.333518001171477
2022-12-21,63,24.15,23.762,24.15,23.639,13185698,332881684.74,0.00278,0.45777490912425733,0.6594343329590391,-0.20165942383478175,23.041891017653697,39.4837737883106,-9.84187452366011,26.041085207862466,44.955254473171934,24.4336,24.762400000000003,24.30015,26.18477055653279,22.415529443467207
2022-12-22,63,23.923,23.611,24.055,23.526,18236947,457640020.09,0.00385,0.3570898464415393,0.5989654356555392,-0.24187558921399988,16.823248982529382,31.93026551971686,-13.390784091845568,23.590428782828738,43.03740822596607,24.1368,24.6036,24.3351,26.135366752164266,22.534833247835735
2022-12-23,63,23.592,23.772,24.074,23.573,13312024,335020733.53,0.00281,0.2869794429209982,0.536568237108631,-0.2495887941876328,15.488558206522082,26.4496964153186,-6.433718211070953,31.801981430947208,45.730355161372685,23.9118,24.475099999999998,24.37055,26.09152102027672,22.649578979723284
2022-12-26,63,23.762,23.696,23.932,23.536,14223039,356664196.93,0.003,0.2227165405444147,0.47379789779578774,-0.25108135725137304,13.278632342649281,22.059341724428823,-4.282786420909801,29.9770942725211,44.64349781372342,23.768,24.3314,24.423949999999998,25.975165275704715,22.87273472429528
2022-12-27,63,23.696,24.311,24.386,23.687,20877597,530858185.96,0.00441,0.2188898614656587,0.4228162905297619,-0.2039264290641032,23.198181795684306,22.43895508151398,24.716635224024955,55.03331169443268,54.24349124689029,23.8304,24.2719,24.4774,25.927510035752526,23.027289964247473
2022-12-28,63,24.216,23.8,24.311,23.706,20017315,507242912.2,0.00423,0.1726337470463477,0.372779781833079,-0.20014603478673132,21.46633057075408,22.11474691126068,20.16949788974088,40.56165927030416,46.87500953805465,23.838,24.1358,24.509549999999997,25.861595853318,23.157504146681994
2022-12-29,63,23.63,24.15,24.235,23.63,20992313,534354633.29,0.00443,0.16234609327585048,0.33069304412163336,-0.16834695084578288,28.067500803783112,24.09899820876816,36.00450599381303,51.125126953613425,51.77032226343648,23.9458,24.0413,24.5261,25.85037313131261,23.201826868687387
2022-12-30,63,24.216,24.443,24.575,24.15,22264410,575410280.17,0.0047,0.17580908707736853,0.2997162527127804,-0.12390716563541188,43.40202799950651,30.533341472347608,69.1394010538243,58.52908964664322,55.51395717198646,24.080000000000002,23.9959,24.5644,25.82820118356475,23.300598816435247
2023-01-02,63,24.443,24.443,24.443,24.443,0,0.0,0.0,0.1843534943332692,0.2766437010368782,-0.09229020670360899,58.07354774164756,39.71341022878092,94.79382276738083,58.52908964664323,55.51395717198646,24.229400000000002,23.998700000000003,24.521849999999997,25.73865172237701,23.305048277622983
2023-01-03,63,24.462,24.509,24.745,24.084,22732583,589696754.07,0.0048,0.19421189323580634,0.2601573394766638,-0.06594544624085746,65.59565474272264,48.3408250667615,100.10531409464494,60.47144345882766,56.42075867347929,24.269,24.049699999999998,24.47505,25.611715015690837,23.33838498430916
2023-01-04,63,24.632,24.991,25.256,24.537,32813872,868348241.77,0.00693,0.2381726114828382,0.2557603938778987,-0.01758778239506048,71.92811091375306,56.20325368242535,103.37782537640847,71.97467346490407,62.50918433479375,24.5072,24.172600000000003,24.467499999999998,25.587394449913955,23.34760555008604
2023-01-05,63,24.972,24.991,25.246,24.783,23741883,629370047.81,0.00501,0.26990055185767403,0.25858842547385374,0.011312126383820287,76.14974836110667,62.85208524198579,102.74507459934844,71.97467346490407,62.509184334793744,24.6754,24.3106,24.4571,25.551975508424626,23.362224491575375
2023-01-06,63,24.991,24.575,25.038,24.547,19563537,512022378.94,0.00413,0.2584976498927105,0.2585702703576251,-7.262046491457452e-05,70.13919263434171,65.28112103943776,79.85533582414959,52.857481570860855,54.664837019238455,24.7018,24.3909,24.433,25.492938230573976,23.373061769426023
2023-01-09,63,24.519,24.235,24.745,24.103,26379100,677835510.66,0.00557,0.2194954030872438,0.2507552969035488,-0.03125989381630501,59.16208578246807,63.24144262044786,51.00337210650848,41.93367196179187,49.16393664148471,24.6602,24.4448,24.388099999999998,25.398088202120086,23.37811179787991
2023-01-10,63,24.329,24.093,24.329,23.914,17996763,457876629.7,0.0038,0.17510907978393675,0.2356260534796264,-0.060516973695689646,48.932985437594546,58.47195689283009,29.85504252712346,37.99799856995919,47.00866683305752,24.577,24.423,24.347450000000002,25.334863095443517,23.360036904556488
2023-01-11,63,24.103,24.849,25.464,24.103,51051716,1353631621.86,0.01078,0.19864561753558618,0.22822996629081835,-0.029584348755232165,52.729517173450134,56.557810319703435,45.072930880943545,61.23936766562455,57.76273520492746,24.5486,24.5279,24.33185,25.273963922042324,23.389736077957675
2023-01-12,63,24.849,25.142,25.398,24.764,27798519,739322729.85,0.00587,0.23819537652014233,0.23022304833668317,0.007972328183459165,61.56161359950439,58.225744746303754,68.23335130590566,66.99353044630561,61.10043362714565,24.5788,24.627100000000002,24.3342,25.284527721866557,23.383872278133442
2023-01-13,63,25.199,24.982,25.322,24.698,19022654,500973871.39,0.00402,0.2537036449484802,0.23491916765904255,0.018784477289437634,64.00881766848678,60.153435720364755,71.71958156473085,61.054163174212896,58.353433707494226,24.6602,24.681,24.33845,25.300068476703498,23.376831523296506
2023-01-16,63,24.878,25.331,25.539,24.878,30997459,831043818.98,0.00654,0.2908032438939898,0.24609598290603202,0.0447072609879578,71.73921177899115,64.01536107324021,87.18691319049302,68.38957281684505,62.378260802292836,24.879399999999997,24.769799999999996,24.38425,25.443516454228277,23.324983545771726
2023-01-17,63,25.294,25.076,25.36,25.001,19371068,515758897.23,0.00409,0.2962140038357859,0.25611958709198285,0.04009441674380304,71.66203862189151,66.56425358945731,81.85760868675993,58.6963072583103,57.916811266377444,25.076,24.8265,24.4381,25.524069835774107,23.35213016422589
2023-01-18,63,25.076,25.331,25.379,25.038,14278358,381761596.17,0.00301,0.31741942538429413,0.2683795547504451,0.049039870633849014,76.84135908126096,69.98995542005852,90.54416640366583,64.70020928292473,60.962680624279606,25.172400000000003,24.8605,24.516550000000002,25.623360586182176,23.409739413817828
2023-01-19,63,25.237,25.341,25.35,24.972,19354701,515390255.71,0.00409,0.3312137650536435,0.2809463968110848,0.05026736824255873,80.49936759263551,73.49309281091752,94.51191715607149,64.94003582673494,61.08318098504055,25.2122,24.895500000000002,24.603050000000003,25.681932750568574,23.524167249431432
2023-01-20,63,25.284,25.861,26.088,25.237,44141844,1208286846.74,0.00932,0.37972826174879515,0.30070276979862687,0.07902549195016828,83.51905094952149,76.83507885711884,96.88699513432675,75.3782908757724,66.88228192984914,25.387999999999998,25.024099999999997,24.7075,25.85021523367105,23.56478476632895
2023-01-23,63,25.861,25.861,25.861,25.861,0,0.0,0.0,0.41341080745802117,0.32324437733050576,0.0901664301275154,85.20077787902608,79.62364519775458,96.35504324156906,75.3782908757724,66.88228192984914,25.494000000000003,25.1867,24.81575,25.965176378677963,23.66632362132204
2023-01-24,63,25.861,25.861,25.861,25.861,0,0.0,0.0,0.4350890320734244,0.34561330827908954,0.08947572379433488,84.69020683541785,81.31249907697567,91.44562235230222,75.3782908757724,66.88228192984914,25.651,25.363500000000002,24.893250000000002,26.106619362777494,23.67988063722251
2023-01-25,63,25.861,25.861,25.861,25.861,0,0.0,0.0,0.44711511652005953,0.3659136699272836,0.08120144659277595,84.34982613967904,82.32494143121012,88.39959555661687,75.3782908757724,66.88228192984914,25.756999999999998,25.4647,24.9963,26.168092886316437,23.824507113683566
2023-01-26,63,25.861,25.861,25.861,25.861,0,0.0,0.0,0.45144193349042183,0.3830193226399113,0.06842261085051055,83.31310723361523,82.65433003201181,84.63066163682205,75.3782908757724,66.88228192984914,25.861,25.5366,25.08185,26.24327603362405,23.92042396637595
2023-01-27,63,25.861,25.861,25.861,25.861,0,0.0,0.0,0.4496872523871822,0.3963529085893655,0.05333434379781671,82.0952375583719,82.46796587413183,81.34978092685205,75.3782908757724,66.88228192984914,25.861,25.6245,25.15275,26.323061137217575,23.982438862782427
2023-01-30,63,26.078,25.53,26.201,25.483,36430395,992748305.19,0.00769,0.4167833027872945,0.4004389874289513,0.016344315358343187,69.86441386451807,78.26678187092725,53.05967785169972,48.13780514445463,57.66337542810731,25.7948,25.6444,25.2071,26.338957141813594,24.075242858186407
2023-01-31,63,25.416,25.18,25.539,25.142,17696448,473237164.34,0.00374,0.35833395991620165,0.3920179819264014,-0.033684022010199766,52.21771881719156,69.58376085301535,17.48563474554399,33.00380173711321,49.752699561761744,25.6586,25.6548,25.24065,26.3241245813455,24.157175418654496
2023-02-01,63,25.18,25.502,25.643,25.18,20424112,549508211.18,0.00431,0.3341433470041437,0.3804430549419499,-0.04629970793780619,46.14325730400114,61.7702596700106,14.889252571982212,50.26582018503794,55.83377262199103,25.5868,25.6719,25.2662,26.348986774947292,24.18341322505271
2023-02-02,63,25.558,25.473,25.917,25.341,25075929,678764244.27,0.00529,0.30906929589693277,0.3661683031329465,-0.057099007236013744,41.18080546738254,54.90710826913458,13.728199863878459,48.904032321515146,55.17768529028873,25.5092,25.6851,25.2903,26.36874373251982,24.211856267480176
2023-02-03,63,25.369,25.624,25.643,25.057,25812293,690972746.89,0.00545,0.29794781088476086,0.3525242046833094,-0.05457639379854856,43.97484933256736,51.2630219569455,29.398504083811062,56.301213535701976,57.982247073612356,25.4618,25.661399999999997,25.34275,26.375796159869836,24.30970384013016
2023-02-06,63,25.464,25.36,25.955,25.209,26340784,710124720.38,0.00556,0.26477915099863125,0.3349751939463738,-0.07019604294774257,38.14523755038291,46.89042715475797,20.654858341632774,43.18471504756589,51.80038565900329,25.427799999999998,25.6113,25.399,26.29095609993502,24.507043900064982
2023-02-07,63,25.388,25.681,25.889,25.218,26258959,712197481.03,0.00554,0.2613817205860265,0.3202564992743044,-0.058874778688277896,43.61197654874016,45.797610286085366,39.24070907404975,57.598145593497826,57.772272855330435,25.528,25.5933,25.4784,26.131624036687285,24.825175963312716
2023-02-08,63,25.709,25.284,25.984,25.246,22645170,609382522.03,0.00478,0.22407169140254268,0.30101953769995204,-0.07694784629740936,35.68887014671255,42.42803023962776,22.210549960882133,41.8438094747974,49.49800194762829,25.4844,25.5356,25.50015,26.091138208984464,24.90916179101554
2023-02-09,63,25.199,26.305,26.437,24.972,53283427,1464974649.11,0.01125,0.2737339569384787,0.2955624215476574,-0.0218284646091787,54.12250046185839,46.326186980371304,69.71512742483256,68.46411747918734,63.97403821518305,25.650799999999997,25.580000000000002,25.558300000000003,26.22493367988624,24.891666320113764
2023-02-10,63,26.277,26.655,27.411,26.173,63579966,1807177304.27,0.01342,0.3374438919604579,0.3039387156302175,0.03350517633024036,59.08289698687237,50.57842364920499,76.09184366220714,73.4612526167324,67.46193545401295,25.857,25.659399999999998,25.641949999999998,26.415402267775516,24.86849773222448
2023-02-13,63,26.749,26.617,26.759,26.295,33405581,936961566.06,0.00705,0.3804822297476669,0.3192474184537074,0.06123481129395947,61.87048947682976,54.34244559174658,76.92657724699612,71.97532874219439,66.69711540891186,26.1084,25.768099999999997,25.70625,26.578383228596316,24.834116771403686
2023-02-14,63,26.598,26.73,26.863,26.494,25578479,722574679.84,0.0054,0.41887999035141377,0.3391739328332487,0.07970605751816506,65.27323324695578,57.98604147681631,79.84761678723473,73.86196128361334,67.87846953460408,26.3182,25.923099999999998,25.78895,26.7210659799085,24.8568340200915
2023-02-15,63,26.73,27.505,27.77,26.617,55733240,1609396882.06,0.01177,0.5060135065944884,0.3725418475854967,0.13347165900899172,73.69180524779182,63.22129606714148,94.6328236090925,83.18072873808897,74.6156247013446,26.762400000000003,26.123399999999997,25.89765,27.07870987637364,24.716590123626357
2023-02-16,63,27.515,28.224,29.377,27.364,124259556,3746090916.98,0.02624,0.6258700961602806,0.42320749730045354,0.20266259885982701,73.73626971116504,66.72628728181598,87.75623456986312,87.95967479578111,79.0605235977803,27.1462,26.398500000000002,26.041800000000002,27.585019273569564,24.49858072643044
2023-02-17,63,28.167,26.437,28.167,26.437,84856603,2436019130.4,0.01792,0.5700897022920692,0.4525839382987767,0.11750576399329254,60.24340039011456,64.56532498458218,51.59955120117931,47.612011321525436,53.60885890552851,27.102600000000002,26.4798,26.070600000000002,27.62109416910282,24.520105830897187
2023-02-20,63,26.286,27.95,27.997,26.286,86161652,2500873973.38,0.01819,0.6405855224402828,0.490184255127078,0.1504012673132048,62.6972650349534,63.94263833470592,60.20651843544837,64.26583689746589,64.24145435902712,27.3692,26.738800000000005,26.17505,27.933588205741746,24.416511794258252
2023-02-21,63,27.732,28.507,29.396,27.685,106140066,3221241600.13,0.02241,0.732950218876784,0.5387374478770193,0.19421277099976475,68.43319778701536,65.43949148547573,74.42061039009462,68.6662386708176,67.25548476046302,27.724600000000002,27.0214,26.307350000000003,28.3427455544706,24.271954445529406
2023-02-22,63,28.186,28.961,29.282,28.091,83767713,2556363929.03,0.01769,0.8331795369484496,0.5976258656913054,0.23555367125714421,74.4565511361155,68.44517803568898,86.47929733696853,72.03455142227637,69.53849743213333,28.015800000000002,27.389100000000003,26.462349999999997,28.803766420168,24.120933579831995
2023-02-23,63,28.829,28.148,29.207,27.779,80556394,2423087508.24,0.01701,0.837357156105071,0.6455721237740586,0.1917850323310124,69.5948283029623,68.82839479144675,71.12769532599339,58.51700405157521,61.20242227887505,28.000600000000002,27.5734,26.5767,29.015805625558748,24.13759437444125
2023-02-24,63,28.167,28.451,28.866,27.978,50763139,1529106115.35,0.01072,0.8552586280220567,0.6875094246236583,0.16774920339839838,69.60126817196414,69.0860192516192,70.631766012654,61.72889898032856,63.00549872330099,28.403399999999998,27.752999999999997,26.706200000000003,29.25774199816931,24.154658001830697
2023-02-27,63,28.243,29.575,29.935,28.205,113945545,3536745856.2,0.02406,0.9492012783425423,0.7398477953674352,0.20935348297510714,76.44560656974461,71.53921502432766,86.25838966057853,71.53854342816493,68.86170766272812,28.7284,28.0488,26.90845,29.697628598195593,24.119271401804404
2023-02-28,63,30.719,30.473,31.759,29.935,191990360,6228764744.28,0.04054,1.0836212889488444,0.8086024940837171,0.27501879486512726,76.464681741423,73.18103726335943,83.03197069755012,77.15294848878447,72.63693198637971,29.1216,28.423099999999998,27.173099999999998,30.26026841134408,24.085931588655917
2023-03-01,63,30.332,31.107,31.901,30.133,197273435,6526733972.73,0.04165,1.2271626500873758,0.892314525284449,0.3348481248029268,79.59622297157495,75.31943249943126,88.14980391586232,80.42449927921828,74.97385009836222,29.5508,28.783299999999997,27.45335,30.89863921862893,24.00806078137107
2023-03-02,63,30.955,30.804,31.683,30.539,140880524,4628414252.79,0.02975,1.3014681307517897,0.9741452463779172,0.32732288437387247,79.88516378573976,76.84134292820076,85.97280550081777,74.32111987445177,71.77781972141915,30.082,29.0413,27.719900000000003,31.340504072890642,24.099295927109363
2023-03-03,63,30.246,30.228,30.719,29.405,106964446,3399595693.71,0.02258,1.2989044118361086,1.0390970794695555,0.25980733236655307,73.36272146120793,75.68180243920315,68.72455950521748,63.35347145468395,65.94780260204794,30.437400000000004,29.4204,27.950100000000003,31.594984051292872,24.305215948707133
2023-03-06,63,30.719,30.965,31.863,30.398,145369182,4777516148.16,0.03069,1.3408854934590835,1.099454762267461,0.2414307311916224,74.6726731138766,75.34542599742764,73.3271673467745,70.12307737817046,69.4153087066075,30.7154,29.721899999999998,28.230349999999998,31.898557838627617,24.56214216137238
2023-03-07,63,30.341,29.443,30.927,29.207,110416125,3496354048.93,0.02331,1.2370828025035259,1.1269803703146741,0.11010243218885174,63.2380330867539,71.30962836053638,47.09484253918896,48.10257290662184,56.46240370449976,30.5094,29.815499999999997,28.418449999999996,31.918179582034742,24.91872041796525
2023-03-08,63,29.292,29.679,30.01,29.188,74171687,2319330088.18,0.01566,1.1604843089903447,1.1336811580498083,0.026803150940536424,56.61191329753342,66.41039000620205,37.01495988019616,50.96759570967443,57.79459295656682,30.2238,29.8873,28.6382,31.84926367685893,25.427136323141074
2023-03-09,63,29.679,30.804,31.315,28.904,117883806,3764039841.14,0.02489,1.1769899416015122,1.1423429147601492,0.034647026841363004,61.18103022144362,64.66727007794924,54.20855050843238,62.73550395033465,63.5884724355386,30.2238,30.1529,28.86315,32.01581752716533,25.71048247283467
2023-03-10,63,30.539,30.521,31.352,30.388,91585669,2992528660.9,0.01934,1.1539332156811462,1.1446609749443486,0.009272240736797555,58.772004798947066,62.70218165161518,50.91165109361083,58.49743455747155,61.27990829912523,30.282400000000003,30.3599,29.056449999999995,32.11162600319964,26.001273996800347
2023-03-13,63,29.944,32.146,32.307,29.783,152926697,5149687284.71,0.03229,1.2523482228248675,1.1661984245204524,0.08614979830441505,70.93762999918049,65.44733110080361,81.91822779593423,71.679920490893,68.45395179837249,30.5186,30.617,29.332900000000002,32.458444594231054,26.20735540576895
2023-03-14,63,31.844,31.882,32.326,31.4,115527820,3909763452.85,0.02439,1.2941223939742663,1.1917832184112154,0.10233917556305094,76.30013050013552,69.0649309005809,90.77052969924475,67.50009123896422,66.27757852558372,31.006400000000003,30.7579,29.5905,32.661538055257985,26.519461944742016
2023-03-15,63,31.919,31.201,32.203,30.719,69750333,2308758830.75,0.01473,1.2577788255718971,1.204982339843352,0.05279648572854523,73.24158320114236,70.45714833410139,78.8104529352243,57.179072560375516,60.834822695026716,31.3108,30.7673,29.775299999999998,32.761582117317644,26.789017882682355
2023-03-16,63,30.984,30.643,31.286,30.388,50272385,1635784858.29,0.01061,1.1704580375021116,1.198077479375104,-0.027619441872992256,65.76713378420206,68.89381015080161,59.51378105100295,49.70605753560326,56.67460221798301,31.2786,30.7512,29.896250000000002,32.813123876348946,26.979376123651054
2023-03-17,63,31.05,32.78,33.177,30.908,167116835,5721648629.04,0.03529,1.259178695989693,1.2102977226980218,0.04888097329167107,74.0811237475459,70.62291468304971,80.99754187653826,68.57874763714108,66.30231371250694,31.730400000000003,31.006399999999996,30.2134,32.91823577865169,27.508564221348312
2023-03-20,63,32.798,31.853,33.999,31.645,141611740,4915230099.57,0.0299,1.2403908506927088,1.2163163482969592,0.024074502395749597,68.6808407580957,69.97555670806503,66.09140885815702,57.37210829310193,59.99348978247962,31.6718,31.0952,30.408549999999998,32.98599414202592,27.831105857974073
2023-03-21,63,32.137,32.042,32.326,31.4,65651914,2208243051.18,0.01386,1.2266124436853438,1.2183755673746361,0.008236876310707686,66.31715847726497,68.75609063113167,61.439294169531564,59.01087745610773,60.8226256083852,31.7038,31.355100000000004,30.5853,33.0977004960659,28.072899503934103
2023-03-22,63,32.146,33.763,33.885,31.551,131913297,4627039570.49,0.02785,1.3391266553581822,1.2425257849713454,0.09660087038683685,75.67886466479268,71.06368197568534,84.90923004300737,71.13589424515962,67.51123508929994,32.2162,31.7635,30.825400000000002,33.58942486088304,28.061375139116958
2023-03-23,63,33.545,34.594,34.982,33.328,158535253,5766989510.63,0.03347,1.4783087111647326,1.2896823702100229,0.18862634095470976,81.29825189360226,74.47520528165765,94.94434511749148,75.35934450249036,70.19190562092601,33.0064,32.1425,31.147699999999997,34.09443907905002,28.200960920949974
2023-03-24,63,34.311,33.451,34.594,32.619,141632779,5016370107.88,0.0299,1.4793281712864292,1.3276115304253042,0.15171664086112502,76.42347543160771,75.12462866497432,79.0211689648745,60.69973167445623,62.45905825660785,33.1406,32.435500000000005,31.397699999999997,34.227189007242444,28.56821099275755
2023-03-27,63,33.356,32.411,33.403,31.872,128374462,4425550803.91,0.02711,1.3803054899440035,1.3381503223290443,0.04215516761495919,65.6275498668997,71.95893573228278,52.96477813613353,50.06577904145111,56.3022730408564,33.2522,32.462,31.539500000000004,34.26678648640878,28.812213513591225
2023-03-28,63,32.231,32.893,33.271,32.071,87035723,3016597806.92,0.01838,1.325443782453501,1.3356090143539359,-0.010165231900434835,61.92758149594213,68.61515098683589,48.55244251415462,54.49904147567738,58.37669632635282,33.422399999999996,32.5631,31.660500000000003,34.40324756595041,28.917752434049593
2023-03-29,63,32.969,32.789,33.082,31.853,78221836,2685933702.9,0.01652,1.2590598944487432,1.3202991903728976,-0.061239295924154336,56.67533415389761,64.63521204252312,40.75557837664658,53.27439362538485,57.73159644624466,33.227599999999995,32.721900000000005,31.744600000000002,34.51885566309436,28.970344336905647
2023-03-30,63,32.609,29.868,32.609,29.509,203080403,6512362659.05,0.04288,0.9596872198675896,1.248176796271836,-0.28848957640424633,39.97004736272386,56.413490482590035,7.083161122991513,30.315030596036507,43.12866010232058,32.2824,32.644400000000005,31.6978,34.568759612174546,28.826840387825456
2023-03-31,63,30.36,30.776,31.031,29.821,101158844,3260874840.52,0.02136,0.7866324210367992,1.1558679212248286,-0.3692355001880294,34.36336795373502,49.06344963963836,4.963204581928352,39.966061253939316,47.62151516478391,31.7474,32.444,31.7252,34.54713778886266,28.903262211137335
2023-04-03,63,30.691,30.511,30.936,28.29,258719346,8043575962.22,0.05462,0.6209441037646393,1.0488831577327908,-0.4279390539681516,33.971872718309896,44.03292399919553,13.849770156538625,38.11723035918254,46.453112987832995,31.367399999999996,32.3098,31.702500000000004,34.557298472009904,28.847701527990104
2023-04-04,63,29.802,30.738,31.333,29.679,148665433,4804913183.29,0.03139,0.5021632956023403,0.9395391853067007,-0.43737588970436037,34.84157922204919,40.96914240681342,22.586452852520736,40.92629219825209,47.65329480796543,30.9364,32.1794,31.767249999999997,34.46043718445764,29.07406281554235
2023-04-05,63,30.738,30.738,30.738,30.738,0,0.0,0.0,0.40337875022615677,0.8323070982905919,-0.42892834806443514,36.17188191791435,39.370055577180395,29.775534599382254,40.92629219825209,47.65329480796543,30.5262,31.8769,31.8202,34.37879604594324,29.261603954056763
2023-04-06,63,30.246,31.797,32.78,29.963,144408305,4796316155.48,0.03049,0.4058651747856068,0.7470187135895949,-0.34115353880398813,46.97787759909983,41.90599625115354,57.1216402949924,54.73094725161581,53.446422503203344,30.912,31.597200000000004,31.869850000000003,34.383561391129724,29.356138608870282
2023-04-07,63,33.488,34.972,34.972,33.47,277566040,10192319650.91,0.0586,0.6564643373324301,0.7289078383381621,-0.07244350100573194,64.65191839939988,49.48797030056898,94.97981459706166,75.40710920965532,65.81867917232586,31.7512,31.749299999999998,32.092400000000005,34.8768457749586,29.307954225041406
2023-04-10,63,34.972,33.649,35.379,33.328,188685048,6875745264.86,0.03984,0.7397831759402145,0.7310829058585726,0.00870027008164187,68.29994353066684,55.75862804393493,93.38257450413066,61.38723935479545,58.724241876253295,32.3788,31.8731,32.16755,35.037891514615794,29.297208485384203
2023-04-11,63,33.536,33.129,33.602,32.42,109715237,3834400769.97,0.02316,0.7551494093119508,0.7358962065492484,0.01925320276270248,68.28685754350846,59.93470454379277,84.99116354293984,56.43810903458683,56.13008319340876,32.857,31.8967,32.2299,35.12816386507156,29.33163613492844
2023-04-12,63,32.77,34.925,35.993,32.647,195339156,7177491592.82,0.04124,0.9018534450374034,0.7690876542468794,0.13276579079052397,74.23632901965861,64.70191270241472,93.30516165414639,67.34845942704715,62.39006723256478,33.694399999999995,32.110299999999995,32.4161,35.50806594929173,29.324134050708267
2023-04-13,63,34.462,32.676,34.481,32.477,150996405,5303404168.77,0.03188,0.8271075648229989,0.7806916363621034,0.046415928460895484,68.47050434362632,65.95810991615191,73.49529319857513,48.93251850900619,52.21233119258959,33.8702,32.3911,32.51775,35.49585302568254,29.539646974317453
2023-04-14,63,32.439,32.515,32.95,31.929,83141651,2852891684.38,0.01755,0.746276945682748,0.7738086982262324,-0.02753175254348439,60.61902274581951,64.17841419270778,53.50023985204297,47.80947169918845,51.55552696222147,33.3788,32.565,32.5045,35.480047185415174,29.528952814584827
2023-04-17,63,32.137,31.834,32.354,31.504,95231199,3206281605.12,0.02011,0.6201187461209301,0.743070707805172,-0.12295196168424194,50.75541262103831,59.70408033548462,32.858077192145686,42.82108164558337,48.72711076906713,33.0158,32.6973,32.503550000000004,35.479984990493186,29.52711500950682
2023-04-18,63,31.919,32.912,33.158,31.882,99244801,3422861662.51,0.02095,0.6002042735735316,0.714497420958844,-0.11429314738531249,50.13876595963083,56.51564221020001,37.385013458492466,52.27924228166895,53.16427535955579,32.9724,32.914699999999996,32.54705,35.5205113163787,29.573588683621292
2023-04-19,63,32.609,33.413,34.5,32.487,124724920,4437698846.86,0.02633,0.6177276438160035,0.6951434655302761,-0.07741582171427253,47.60123567131247,53.544173363904164,35.71536028612908,56.30971375159332,55.13285812586908,32.67,33.1822,32.52955,35.476884315686235,29.582215684313766
2023-04-20,63,33.781,35.256,35.407,33.781,173202159,6395291052.54,0.03657,0.7714370917965994,0.7104021907835408,0.06103490101305853,59.594853631621234,55.561066786476516,67.66242732191068,68.17515061623541,61.6085620476454,33.186,33.528099999999995,32.562650000000005,35.62040516385892,29.504894836141094
2023-04-21,63,35.918,34.566,36.419,33.744,165381884,6150226859.02,0.03492,0.8280306810488725,0.7339278888366072,0.09410279221226525,60.496263899548126,57.20613249083371,67.07652671697696,60.76149671773805,58.179011312259476,33.596199999999996,33.4875,32.6184,35.78313831295326,29.45366168704674
2023-04-24,63,35.54,35.946,36.749,35.209,187618479,7144729909.35,0.03961,0.9730196107355766,0.7817462332164012,0.1912733775191754,68.560902974659,60.99105598544213,83.70059695309274,68.88268470290353,62.708271127967365,34.418600000000005,33.717200000000005,32.79515,36.28887509839547,29.301424901604527
2023-04-25,63,35.436,34.868,35.965,34.453,139228498,5180713123.76,0.02939,0.9895320814506832,0.8233034028632576,0.16622867858742552,67.08635984773898,63.02282393954107,75.21343166413479,57.690122604285705,57.40983757853936,34.8098,33.8911,32.893899999999995,36.50881494549435,29.278985054505643
2023-04-26,63,34.594,33.328,34.859,32.836,123910519,4421051296.59,0.02616,0.868343480655767,0.8323114184217597,0.036032062234007345,56.316232272181885,60.78729338375467,47.37411004903632,45.12153404309539,50.72983493072184,34.79280000000001,33.731399999999994,32.920849999999994,36.54050571349141,29.301194286508576
2023-04-27,63,32.94,32.77,33.299,31.778,87414389,3021443194.5,0.01846,0.7189866739857464,0.8096464695345572,-0.09065979554881076,45.58991271275424,55.721499826754524,25.326738484753662,41.21710728430379,48.499207701519055,34.2956,33.7408,33.06595,36.3910014186765,29.7408985813235
2023-04-28,63,32.487,33.668,34.453,32.477,99578962,3559199817.4,0.02102,0.6654109801673229,0.7807993716611105,-0.11538839149378755,43.06678147858932,51.50326037736612,26.193823681035724,49.63370903304437,52.189947826259825,34.116,33.8561,33.21055,36.36336838661028,30.057731613389716
2023-05-01,63,33.668,33.668,33.668,33.668,0,0.0,0.0,0.6158526903646475,0.747810035401818,-0.1319573450371705,41.384693989146044,48.13040491462609,27.89327213818595,49.63370903304437,52.189947826259825,33.6604,34.0395,33.368399999999994,36.257202731418865,30.479597268581127
2023-05-02,63,33.668,33.668,33.668,33.668,0,0.0,0.0,0.5700067061561214,0.7122493695526787,-0.14224266339655733,40.26330232951719,45.50803738625645,29.77383221603867,49.63370903304437,52.189947826259825,33.4204,34.1151,33.5149,36.12585351810113,30.903946481898867
2023-05-03,63,33.668,33.668,33.668,33.668,0,0.0,0.0,0.5275916848399689,0.6753178326101368,-0.1477261477701679,39.51570788976462,43.510594220759174,31.525935227775506,49.63370903304437,52.18994782625981,33.4884,34.1406,33.6614,35.92154171889157,31.401258281108433
2023-05-04,63,33.555,31.787,33.555,31.475,126268113,4260059949.41,0.02664,0.3382968198792966,0.6079136300639688,-0.2696168101846722,28.315743067958348,38.44564383649223,8.055941530890578,30.60212729718134,43.03965417675642,33.2918,33.793699999999994,33.6609,35.92278211335986,31.399017886640134
2023-05-05,63,31.797,31.617,31.957,31.003,67809357,2256910442.68,0.01431,0.1725723892704778,0.5208453819052706,-0.34827299263479283,23.00184295354149,33.297710208841984,2.410108442940512,29.38033800738536,42.30830879865494,32.881600000000006,33.4988,33.49315,35.84159936747195,31.144700632528046
2023-05-08,63,31.664,32.609,32.704,31.305,82749693,2827931782.31,0.01746,0.11989857737717102,0.4406560209996507,-0.32075744362247965,29.21768783348133,31.937702750388432,23.777657999667127,44.8097966162728,47.93965352522463,32.669799999999995,33.16510000000001,33.44115,35.820916487881235,31.061383512118766
2023-05-09,63,32.373,31.343,32.95,31.22,80616460,2727809579.48,0.01701,-0.02372789721004409,0.3477792373577117,-0.3715071345677558,22.76348271024359,28.879629403673484,10.5311893233838,33.575404340730174,42.20423086351299,32.2048,32.812599999999996,33.35185,35.90840716479069,30.79529283520931
2023-05-10,63,31.286,30.36,31.73,29.944,88948879,2871138947.37,0.01877,-0.2144013129439557,0.23534312729737822,-0.4497444402413339,18.25098596000419,25.336748255783718,4.079461368445138,27.21735863473718,38.32081705627782,31.543200000000002,32.5158,33.123599999999996,35.89489385704688,30.352306142953108
2023-05-11,63,30.398,29.944,30.625,29.774,47934362,1525017641.86,0.01011,-0.3945311821035915,0.10936826541718425,-0.5038994475207758,13.622554242125702,21.43201691789771,-1.9963711094183125,24.82958619724566,36.75927739393607,31.174599999999998,32.233200000000004,32.987,36.09950956455949,29.874490435440514
2023-05-12,63,29.774,29.348,30.18,29.112,62742466,1958391606.82,0.01324,-0.578706650167593,-0.02824671769977125,-0.5504599324678218,10.808363641662968,17.890799159152795,-3.356507393316683,21.5754156819509,34.55831649596547,30.720800000000004,31.8012,32.828649999999996,36.3390763513741,29.318223648625892
2023-05-15,63,29.055,29.642,29.717,28.29,88880284,2722970040.58,0.01875,-0.6929557302728284,-0.16118852021438274,-0.5317672100584456,15.585394776851796,17.122331031719128,12.51152226711713,27.221607152711,36.6010743614556,30.1274,31.3986,32.719049999999996,36.48761412555521,28.95048587444478
2023-05-16,63,29.929,29.785,30.388,29.632,63647741,1993033061.85,0.01343,-0.7631627790131503,-0.2815833719741363,-0.48157940703901403,19.855283760699557,18.033315274712603,23.499220732673464,30.156545878167805,37.634043352869305,29.815800000000003,31.0103,32.5627,36.550638979631444,28.574761020368552
2023-05-17,63,29.517,29.938,30.273,29.211,51987149,1621763337.61,0.01097,-0.7972661615987278,-0.3847199298990546,-0.41254623169967314,25.02512479611729,20.363918448514163,34.347537491323536,33.59477993182787,38.797942534629094,29.731399999999997,30.6373,32.38895,36.521099458498476,28.256800541501526
2023-05-18,63,30.015,31.078,31.451,29.986,82945652,2680411137.52,0.0175,-0.7239595107858143,-0.4525678460764066,-0.27139166470940773,36.62619192416402,25.78467627373078,58.30922322503049,53.89018664709933,46.85912025092062,29.958199999999998,30.566400000000005,32.18005,36.11987262357889,28.24022737642111
2023-05-19,63,30.733,31.25,31.719,30.695,59629393,1950961530.07,0.01258,-0.6445544765502333,-0.49096517217117197,-0.15358930437906138,45.590565717683006,32.386639421714854,71.99841830961931,56.30789203520955,47.98672991334199,30.338599999999996,30.529700000000002,32.01425,35.80767655128591,28.220823448714082
2023-05-22,63,31.193,30.79,31.47,30.407,41780047,1345038621.58,0.00882,-0.6116923616756011,-0.5151106100720579,-0.09658175160354321,54.61851668000571,39.79726517447847,84.2610196910602,48.197447096508284,45.18915202753166,30.5682,30.347799999999996,31.756449999999994,35.098803943586994,28.414096056412998
2023-05-23,63,30.762,29.881,30.762,29.823,57071281,1798185546.74,0.01204,-0.6514876578657862,-0.5423860196308036,-0.10910163823498265,51.87846674360641,43.82433236418778,67.98673550244368,35.92650980043166,40.14397905545339,30.587400000000002,30.201600000000003,31.5071,34.607384462330764,28.406815537669242
2023-05-24,63,29.862,30.015,30.618,29.354,47025383,1473178820.09,0.00992,-0.6645524892641852,-0.5668193135574799,-0.09773317570670526,51.35438173691579,46.33434882176378,61.3944475672198,38.687865167554925,41.19970417621431,30.602800000000002,30.167099999999998,31.341450000000002,34.385607992649476,28.297292007350524
2023-05-25,63,31.403,30.781,32.552,30.159,105016081,3414605849.9,0.02216,-0.6061098074337465,-0.5746774123327333,-0.031432395101013255,53.71850069806587,48.79573278053114,63.56403653313532,52.67775952298013,47.026311596756365,30.5434,30.250799999999998,31.241999999999997,34.218869001590896,28.265130998409102
2023-05-26,63,30.896,32.217,32.37,30.896,108012919,3598725182.57,0.02279,-0.4388614406728273,-0.5475142180007521,0.10865277732792478,65.80335445120983,54.4649400040907,88.48018334544808,68.7291973724916,55.95259729095802,30.7368,30.5377,31.16945,33.96241812313412,28.37648187686588
2023-05-29,63,32.744,32.954,33.73,32.609,100764606,3481232744.97,0.02126,-0.24403310271860335,-0.4868179949443223,0.24278489222571897,71.47825606919191,60.13604535912444,94.16267748932688,74.13289215896309,59.74993134831811,31.169600000000003,30.868900000000004,31.133750000000003,33.807976449884976,28.45952355011503
2023-05-30,63,32.744,33.49,33.682,32.418,84500835,2933303771.31,0.01783,-0.0458509792192352,-0.39862459179930493,0.35277361258006973,79.15735048122852,66.47648039982579,104.51909064403398,77.52269588066939,62.32671442651502,31.891399999999997,31.2394,31.124850000000002,33.7645258393491,28.485174160650907
2023-05-31,63,33.308,33.682,33.95,33.126,59980714,2107049690.73,0.01266,0.12525867285824788,-0.29384793886779437,0.41910661172604224,84.16118114472386,72.37138064812514,107.74078213792129,78.72133576672361,63.246186702977475,32.62480000000001,31.613800000000005,31.125550000000004,33.76807132192786,28.48302867807215
2023-06-01,63,33.509,34.381,34.946,33.414,82854186,2978394189.48,0.01748,0.31365217607724816,-0.17234791587878584,0.486000091956034,86.07288089667333,76.9385473976412,104.34154789473757,82.74195761214706,66.49400803094804,33.344800000000006,31.9441,31.25525,34.26375939660738,28.246740603392624
2023-06-02,63,34.85,34.496,35.041,34.084,68446177,2464215326.51,0.01444,0.4668533290143273,-0.04450766690016318,0.5113609959144905,87.52083390884255,80.46597623470831,101.63054925711106,83.36259283876254,67.01711154334384,33.800599999999996,32.2687,31.3992,34.73796835784838,28.06043164215162
2023-06-05,63,34.496,34.515,34.869,34.275,45829639,1653484802.89,0.00967,0.5830781259990516,0.08100949167967982,0.5020686343193718,88.59750101864928,83.17648449602196,99.43953406390395,83.48037569010552,67.10966184022683,34.1128,32.641200000000005,31.4945,35.07846954286886,27.910530457131134
2023-06-06,63,34.476,33.806,34.687,33.672,57911819,2068762257.35,0.01222,0.6109342703489347,0.18699444741353083,0.42393982293540383,83.96599753831023,83.43965551011804,85.01868159469461,63.386381965778924,60.22977114685257,34.176,33.033699999999996,31.617650000000005,35.34605421769521,27.889245782304798
2023-06-07,63,34.141,34.141,34.429,33.538,44055641,1567533648.59,0.0093,0.6525203176846048,0.2800996214677457,0.37242069621685914,82.07302931987067,82.98411344670225,80.2508610662075,67.78324983296149,62.22585273918813,34.2678,33.4463,31.8067,35.64831572915971,27.965084270840283
2023-06-08,63,33.758,33.883,34.026,33.289,48024014,1688889220.04,0.01013,0.6570846531449206,0.3554966278031807,0.3015880253417399,73.33271213776109,79.76697967705519,60.4641770591729,61.01195317242455,59.70807867364348,34.1682,33.7565,32.00365,35.84706236951049,28.16023763048951
2023-06-09,63,34.074,34.85,35.003,33.653,73908346,2659220750.17,0.01559,0.7303121563899282,0.43045973352053024,0.29985242286939795,79.79456193603954,79.7761737633833,79.83133828135203,73.09872517112512,65.42772513221178,34.239000000000004,34.019800000000004,32.27875,36.109423150958534,28.44807684904147
2023-06-12,63,34.859,34.438,35.702,34.275,78715874,2866438111.53,0.01661,0.746495389343842,0.4936668646851926,0.25282852465864936,70.17360029690427,76.57531594122362,57.37016900826555,63.09770303491166,61.378020152214035,34.2236,34.1682,32.518550000000005,36.253494484897196,28.783605515102813
2023-06-13,63,34.275,35.214,35.367,33.768,73984680,2679103226.54,0.01561,0.8125706244006636,0.5574476166282869,0.25512300777237673,73.37447092593727,75.50836760279483,69.10667757222217,71.81372048701422,65.73571046386331,34.5052,34.3406,32.79,36.47727690136897,29.102723098631035
2023-06-14,63,35.041,35.262,35.52,34.476,64753015,2371657402.04,0.01366,0.8589079666884771,0.617739686640325,0.24116828004815216,76.17145968898652,75.72939829819205,77.05558247057544,72.29936136508415,65.99461378339373,34.7294,34.498599999999996,33.056200000000004,36.64391832491739,29.468481675082625
2023-06-15,63,35.463,36.094,37.148,35.415,129412477,4927760918.74,0.0273,0.9517943976354601,0.684550628839352,0.2672437687961081,75.01004801585884,75.48961487074764,74.05091430608124,79.60755586983025,70.24584013802362,35.1716,34.6699,33.307,37.01183678168795,29.602163218312057
2023-06-16,63,35.644,37.339,37.607,35.644,110627681,4271501564.04,0.02334,1.1130382464100208,0.7702481523534859,0.34279009405653493,81.27117297089369,77.41680090412966,88.97991710442173,86.16287102512068,75.28889092089055,35.669399999999996,34.9542,33.611450000000005,37.5948260595228,29.62807394047721
2023-06-19,63,37.339,37.99,38.297,36.123,129824949,5064732723.86,0.02739,1.2786163245506472,0.8719217867929183,0.4066945377577289,85.47071808283224,80.10143996369717,96.20927432110233,88.4854217744822,77.46738984748308,36.3798,35.3017,33.971450000000004,38.17642757550817,29.766472424491834
2023-06-20,63,38.297,41.791,41.791,38.201,238114700,10053814931.31,0.05024,1.6969852880562186,1.0369344870455783,0.6600508010106403,90.31381205522149,83.50556399420527,103.93030817725392,94.70844001621792,85.57014268002122,37.6952,36.1002,34.56695,39.62055525711465,29.513344742885344
2023-06-21,63,41.657,40.996,41.743,40.269,155346847,6668797383.02,0.03278,1.9420095724203463,1.217949504120532,0.7240600682998144,90.28621303394713,85.7657803407859,99.3270784202696,83.39617257659155,79.08150071931323,38.842,36.7857,35.116,40.464747339822935,29.767252660177064
2023-06-22,63,40.996,40.996,40.996,40.996,0,0.0,0.0,2.1118490023646572,1.3967294037693572,0.7151195985953,90.22113815874013,87.2508996134373,96.1616152493458,83.39617257659155,79.08150071931323,39.8224,37.497,35.62675,41.179522275842764,30.07397772415724
2023-06-23,63,40.996,40.996,40.996,40.996,0,0.0,0.0,2.2208474275077563,1.5615530085170373,0.6592944189907191,90.17775490860213,88.22651804515891,94.08022863548854,83.39617257659155,79.08150071931323,40.5538,38.111599999999996,36.06570000000001,41.86600830759515,30.26539169240486
2023-06-26,63,40.211,40.068,41.341,39.417,125646881,5276627241.6,0.02651,2.20690776142321,1.6906239590982721,0.5162838023249379,85.60038980691952,87.35114196574577,82.09888548926705,67.20473411186958,70.93049706051542,40.9694,38.6746,36.4214,42.290359681865915,30.55244031813408
2023-06-27,63,39.359,42.5,43.505,39.35,164361200,7130373707.9,0.03468,2.3648421226227825,1.8254675918031744,0.5393745308196081,86.25934516176174,86.9872096977511,84.80361608978302,79.63749104439229,77.54683770133924,41.111200000000004,39.4032,36.8719,43.16156627513977,30.582233724860224
2023-06-28,63,41.849,40.786,42.088,39.733,152296428,6473212476.11,0.03213,2.3249007574928555,1.9253542249411109,0.39954653255174466,79.31007185825459,84.42816375125226,69.07388807225925,60.30330495561215,65.99780637169755,41.0692,39.9556,37.22709999999999,43.560485388890314,30.89371461110967
2023-06-29,63,40.738,43.256,44.022,40.575,149258741,6661032179.29,0.03149,2.4641501066646327,2.0331134012858154,0.43103670537881733,82.9742378873573,83.9435217966206,81.03567006883071,72.04127637706777,72.44843977776405,41.5212,40.671800000000005,37.67085,44.3961358057052,30.945564194294807
2023-06-30,63,43.256,43.601,44.376,42.634,109645422,4982749285.34,0.02296,2.572688484429804,2.141028417914613,0.43166006651519107,84.46595616242175,84.11766658522097,85.1625353168233,73.3615126038799,73.22250243481295,42.0422,41.298,38.1261,45.17154546871453,31.08065453128547
2023-07-03,63,44.137,43.323,44.759,42.413,115606458,5255838525.56,0.02421,2.6062306495229777,2.2340688642362863,0.3721617852866914,80.79452232483382,83.00995183175858,76.3636633109843,70.15805633214464,71.457711422166,42.693200000000004,41.8313,38.566500000000005,45.76109763696992,31.37190236303009
2023-07-04,63,42.605,42.701,43.313,42.461,72684570,3249776108.94,0.01522,2.553191255798005,2.29789334254863,0.2552979132493749,74.51378212300808,80.17789526217507,63.18555584467413,62.795845200634766,67.48756413215844,42.7334,41.9223,39.011250000000004,46.065122333317,31.95737766668301
2023-07-05,63,42.672,41.782,43.419,41.743,80461572,3559577286.71,0.01685,2.4092294372864416,2.3201605614961927,0.08906887579024891,64.66322148312695,75.00633733582569,43.97698977772944,52.945218970092746,61.94070252414996,42.9326,42.0009,39.393299999999996,46.15829927568347,32.628300724316524
2023-07-06,63,41.265,41.437,42.605,41.121,91217316,3978941027.97,0.0191,2.241461865093207,2.3044208222155955,-0.06295895712238853,55.970094903831075,68.6609231918275,30.588438327838247,49.45067894639622,59.923664498295416,42.568799999999996,42.045,39.771,46.067948801643865,33.474051198356136
2023-07-07,63,41.437,41.159,41.647,40.192,68119634,2916126790.28,0.01426,2.062299671892319,2.2559965921509404,-0.1936969202586214,48.4614831250166,61.927776502890524,21.52889636926875,46.483979709214296,58.256058985919765,42.0804,42.0613,40.08645,45.963525157808,34.209374842192
2023-07-10,63,41.647,40.594,41.743,40.154,51922726,2204032167.99,0.01087,1.8533572165709131,2.175468717034935,-0.3221115004640218,38.017961823362995,53.957838276381345,6.1382089173262955,40.550822848024254,54.87053154428155,41.5346,42.1139,40.39425,45.636243629386044,35.152256370613955
2023-07-11,63,40.613,41.466,42.413,40.211,75016431,3254505239.95,0.01571,1.7380962362869496,2.0879942208853377,-0.34989798459838806,34.84223151597344,47.58596935624537,9.354755835429572,51.91718937642025,58.89270448655201,41.2876,42.0105,40.70685,45.36081592731715,36.05288407268286
2023-07-12,63,41.379,39.733,41.619,39.292,84962895,3569747462.66,0.01779,1.4897396706936874,1.9683433108470076,-0.47860364015332024,25.91701477932157,40.362984497270766,-2.9749246565768175,35.658071388541714,49.35576460963152,40.8778,41.9052,40.9304,44.855612560117294,37.005187439882704
2023-07-13,63,40.25,40.671,41.054,39.254,73002100,3061649626.74,0.01529,1.3530074364460418,1.8452761359668144,-0.49226869952077257,25.85808856919955,35.52801918791369,6.518227331771257,46.53363951757695,53.77565174248235,40.724599999999995,41.646699999999996,41.15925,44.364959437861955,37.953540562138045
2023-07-14,63,41.724,42.136,43.084,41.073,106946600,4693645400.58,0.0224,1.3473282507939288,1.7456865589322375,-0.39835830813830864,40.30395180323592,37.11999672635443,46.671861956998896,59.39649602530971,59.75934771985002,40.92,41.50019999999999,41.3991,44.07542473051291,38.72277526948709
2023-07-17,63,42.03,42.289,43.361,41.552,66633924,2957865449.07,0.01395,1.3397297064705498,1.6644951884398997,-0.32476548196934996,51.15901708851185,41.7996701804069,69.87771090472175,60.58487447832661,60.34420214755047,41.259,41.3968,41.61405,43.779266943062126,39.44883305693787
2023-07-18,63,42.404,41.025,42.844,40.977,59894918,2606125289.41,0.01254,1.2176769471691031,1.5751315401857406,-0.3574545930166375,48.479844685093454,44.02639501530241,57.38674402467555,46.95942312512645,53.35536288238277,41.1708,41.2292,41.57575,43.754842604490314,39.396657395509685
2023-07-19,63,40.939,40.393,41.197,40.307,48320128,2050084482.76,0.01012,1.0577589511674717,1.471657022382087,-0.4138980712146154,41.56427597137878,43.20568866732786,38.281450579480605,41.37615974488014,50.18504791434623,41.302800000000005,41.0903,41.5456,43.774582245920456,39.316617754079545
2023-07-20,63,40.69,38.478,40.747,38.344,103442881,4233378478.24,0.02166,0.7676493081329454,1.330855479532259,-0.5632061713993135,28.599823606193254,38.33706698028299,9.125336858013782,28.887651911170366,41.94634696636726,40.864200000000004,40.794399999999996,41.4197,44.03104416687878,38.80835583312122
2023-07-21,63,39.235,38.469,39.235,37.923,52132992,2090872150.11,0.01092,0.5308893392810248,1.1708622514820122,-0.6399729122009874,22.413367754134963,33.02916723823365,1.1817687859375923,28.83856237207766,41.911071281864075,40.1308,40.525400000000005,41.29335,44.21688911516365,38.36981088483634
2023-07-24,63,38.478,39.426,40.345,38.124,74948578,3092255333.56,0.01569,0.41568549657046105,1.019826900499702,-0.604141403929241,24.155191105429203,30.071175193965495,12.323222928356628,41.519190391887236,47.07413255208646,39.5582,40.4086,41.261250000000004,44.25470038551226,38.26779961448775
2023-07-25,63,40.02,39.12,40.307,38.852,81599368,3354265431.98,0.01709,0.29627866257705904,0.8751172529151734,-0.5788385903381144,23.440717081196986,27.86102248970932,14.600106264172311,38.862061514556885,45.658553555285465,39.1772,40.174,41.09225,44.171647403457094,38.012852596542906
2023-07-26,63,38.967,37.674,39.005,37.425,82207307,3257186353.98,0.01722,0.0839994773961692,0.7168936978113726,-0.6328942204152034,17.02539269923466,24.24914589288443,2.5778863119351243,28.51415736074175,39.53053705010001,38.6334,39.9681,40.93665,44.37480086622805,37.49849913377195
2023-07-27,63,37.693,37.358,38.076,37.138,47707600,1868348477.73,0.00999,-0.10848135973866846,0.5518186863013644,-0.6603000460400329,12.528685925045501,20.342325903604788,-3.0985940320730734,26.65304164606907,38.304906618307534,38.409400000000005,39.6368,40.641749999999995,44.24984667713829,37.0336533228617
2023-07-28,63,37.358,37.684,38.057,37.253,48452342,1908078111.28,0.01015,-0.23204348159942612,0.3950462527212063,-0.6270897343206324,11.54208223955013,17.4089113489199,-0.19157597918940894,32.1365736274402,40.38508615669158,38.2524,39.191599999999994,40.34589999999999,43.902296692099526,36.78950330790046
2023-07-31,63,37.492,37.483,37.961,37.243,60621441,2375439627.84,0.01267,-0.3422412297057278,0.2475887562358195,-0.5898299859415472,10.527931643316727,15.115251447052174,1.3532920358458327,30.452133052773448,39.48951718907539,37.8638,38.711,40.0539,43.53937632627885,36.56842367372115
2023-08-01,63,37.358,38.134,38.756,36.755,83598772,3303883159.4,0.01748,-0.3727466878550345,0.12352166741764867,-0.4962683552726832,18.533317154328707,16.254606682811016,23.09073809736409,42.22229836064719,43.886163002538,37.6666,38.4219,39.82555,43.17664072424234,36.47445927575766
2023-08-02,63,37.933,38.201,38.919,37.827,53082940,2130073733.26,0.0111,-0.3870544207315092,0.02140644978781707,-0.4084608705193263,25.781728613563608,19.43031399306188,38.48455785456706,43.40520454575043,44.340224511465365,37.772,38.2027,39.6465,42.939615018688784,36.35338498131122
2023-08-03,63,38.009,38.124,38.909,37.655,42310500,1690850313.14,0.00885,-0.39999575650958974,-0.06287399147166432,-0.3371217650379254,29.899053987501098,22.919893991208284,43.85737398008672,42.21331324580474,43.89491353210582,37.925200000000004,38.1673,39.48085,42.727717269100445,36.23398273089955
2023-08-04,63,38.048,39.082,39.311,37.923,69434824,2817181097.99,0.01452,-0.32915497107634906,-0.11613018739260128,-0.21302478368374778,41.770165120796506,29.203317701071022,66.90385996024747,59.015629133915205,50.625208995056916,38.2048,38.22859999999999,39.376999999999995,42.52935571062558,36.22464428937441
2023-08-07,63,40.029,35.185,40.068,35.175,236894499,9114774407.66,0.04953,-0.5807736722773527,-0.20905888436955158,-0.3717147879078011,27.914901278841548,28.773845560327864,26.197012715868922,24.393241681189124,33.03794248576935,37.7452,37.8045,39.10655,42.71447423044465,35.498625769555346
2023-08-08,63,36.133,35.817,36.669,35.721,123874722,4672423838.22,0.0259,-0.7208763735342316,-0.31142238220248764,-0.409453991331744,22.983529117429228,26.84374007936165,15.263107193564387,32.14082835325215,36.91525747303626,37.2818,37.474199999999996,38.8241,42.537231230759325,35.11096876924068
2023-08-09,63,35.625,35.319,36.324,35.137,72509631,2690712958.1,0.01516,-0.8621548275271209,-0.4215688712674143,-0.4405859562597066,16.55266437883372,23.413381512519003,2.8312301114631566,29.301657524923755,35.164954695747326,36.705400000000004,37.2387,38.6034,42.60275096839716,34.60404903160284
2023-08-10,63,35.214,34.917,35.491,34.639,55885135,2038350550.72,0.01168,-0.9950863247862003,-0.5362723619711716,-0.45881396281502873,12.741992375844319,19.856251800294107,-1.4865264730552568,26.992000526182096,33.75554368929575,36.06400000000001,36.994600000000005,38.3157,42.51180065104288,34.11959934895712
2023-08-11,63,35.118,34.228,35.233,34.084,48726760,1762788621.72,0.01019,-1.142857881615555,-0.6575894659000483,-0.4852684157155067,9.296800621329359,16.33643474063919,-4.782467617290308,23.226568834353444,31.40228043284148,35.0932,36.649,37.9203,42.09093075376003,33.74966924623997
2023-08-14,63,33.979,35.06,35.242,33.806,58951314,2121565258.61,0.01232,-1.1792389260645848,-0.7619193579329557,-0.41731956813162907,12.873050728283262,15.181973403187214,8.25520537847536,36.136347671239484,37.17220200964042,35.068200000000004,36.4067,37.55885,41.37309252119931,33.74460747880069
2023-08-15,63,35.06,35.147,35.932,34.85,47253346,1739713875.59,0.00988,-1.1873638021877326,-0.8470082467839113,-0.34035555540382134,15.720328293464263,15.361425033279563,16.438134813833663,37.45603317680363,37.76930516918316,34.934200000000004,36.108000000000004,37.264950000000006,40.85383339034196,33.67606660965805
2023-08-16,63,34.754,34.036,34.85,33.845,55925230,1997675601.73,0.01169,-1.2688250150797984,-0.9313716004430886,-0.33745341463670975,11.704534842294624,14.142461636284583,6.828681254314709,28.447771424885914,33.35338858531999,34.6776,35.691500000000005,36.9471,40.4953018514941,33.3988981485059
2023-08-17,63,34.036,34.381,34.802,33.548,37816569,1354075548.54,0.00791,-1.2906669908205401,-1.003230678518579,-0.2874363123019612,12.061714434740377,13.448879235769846,9.287384832681436,34.33286741535136,35.892514317603386,34.5704,35.3172,36.74225,40.38998013054173,33.09451986945827
2023-08-18,63,34.256,33.136,34.256,32.992,77255061,2687434987.73,0.01615,-1.392387433457067,-1.0810620295062765,-0.31132540395079045,9.346554977162658,12.081437816234114,3.8767892990197446,25.31598022645288,31.21131607999378,34.352000000000004,34.72260000000001,36.4756,40.36362536270683,32.58757463729317
2023-08-21,63,33.318,33.126,33.988,33.031,49709178,1734695891.89,0.01039,-1.4570129946855985,-1.156252222542141,-0.30076077214345753,7.5715728659275685,10.578149499465265,1.5584195988521756,25.25205750974328,31.175688328774484,33.965199999999996,34.5167,36.1606,40.06296044087747,32.258239559122536
2023-08-22,63,33.605,34.783,34.946,33.222,84479175,3003804316.54,0.01766,-1.3588590840277774,-1.1967735948392684,-0.16208548918850907,25.353837692931315,15.50337889728728,45.05475528421939,50.23671010502161,42.94792181690997,33.892399999999995,34.41330000000001,35.94375,39.62969016429133,32.25780983570867
2023-08-23,63,34.304,33.251,34.304,33.222,57789094,2030899133.01,0.01208,-1.3886831245776037,-1.2351555007869355,-0.1535276237906682,19.839066398462144,16.948608064345567,25.619983066695298,36.64654777756068,36.62870355604333,33.7354,34.2065,35.7226,39.50102146934394,31.944178530656057
2023-08-24,63,33.854,33.462,34.189,32.897,64182805,2247475387.57,0.01342,-1.3793921805687432,-1.2640028367432972,-0.11538934382544608,19.431425924070908,17.776214017587346,22.74184973703803,39.35788017725892,37.999363128491815,33.55159999999999,34.061,35.5278,39.35265129260284,31.702948707397155
2023-08-25,63,32.763,32.274,32.782,31.499,60873361,2050012687.1,0.01273,-1.4511626126920802,-1.3014347919330538,-0.14972782075902646,18.781789776886445,18.111405937353712,20.122557455951913,30.530030202403182,33.543173112480076,33.379200000000004,33.86560000000001,35.2573,39.20337536407337,31.311224635926628
2023-08-28,63,33.892,32.811,34.026,32.667,58430569,2025421389.04,0.01222,-1.4480179357209835,-1.33075142069064,-0.11726651503034358,25.20855417482403,20.477122016510485,34.67141849145112,38.065262371543135,37.17611601103987,33.316199999999995,33.640699999999995,35.023700000000005,38.96815487395041,31.079245126049603
2023-08-29,63,32.552,33.423,33.615,32.198,74558219,2574422541.92,0.01559,-1.3802320157496695,-1.340647539702446,-0.03958447604722348,35.41125350364928,25.45516584555675,55.323428819834334,46.06584779839803,41.17420514438373,33.044200000000004,33.4683,34.78815,38.506738825432464,31.06956117456754
2023-08-30,63,33.452,33.701,34.658,33.433,72274699,2563686184.65,0.01511,-1.2892176110342533,-1.3303615539688076,0.04114394293455437,44.9013810708982,31.937237587337233,70.82966803802015,49.61376894009493,42.97263269441845,33.1342,33.434799999999996,34.56314999999999,37.9412338090628,31.185066190937185
2023-08-31,63,33.49,33.94,34.314,33.366,51061809,1808332811.51,0.01068,-1.1841525633394454,-1.3011197558429353,0.11696719250348986,53.53932125546583,39.1379321433801,82.34209947963728,52.815907080828175,44.56217820503157,33.2298,33.3907,34.353950000000005,37.29325743543436,31.414642564565646
2023-09-01,63,33.998,33.375,34.084,32.935,55229331,1930017839.45,0.01155,-1.1334132517456226,-1.2675784550234728,0.1341652032778502,53.834259813865344,44.03670803354184,73.42936337451235,44.748429292806556,41.57371709661224,33.45,33.41459999999999,34.0686,36.01596814566138,32.121231854338625
2023-09-04,63,33.797,33.72,33.94,33.165,53211775,1865350717.28,0.01112,-1.0532224719869845,-1.2247072584161751,0.17148478642919063,59.325192941226234,49.13286966943664,79.70983948480541,50.30995925837583,44.072154620290675,33.6318,33.474000000000004,33.99535,35.8749364354748,32.1157635645252
2023-09-05,63,33.672,32.744,33.672,32.571,61156125,2100498724.28,0.01279,-1.0562499525523066,-1.1910157972434015,0.13476584469109487,52.6871973201084,50.31764555299389,57.42630085433744,37.496808716336105,38.93398562378598,33.496,33.2701,33.8417,35.592267799616025,32.09113220038398
2023-09-06,63,32.533,32.437,32.609,31.853,60689062,2040310384.11,0.01269,-1.0710749022538764,-1.1670276182454964,0.09595271599162003,45.022445148089545,48.55257875135911,37.96217794155041,34.20827055904272,37.436321626710125,33.243199999999995,33.1887,33.6976,35.41020262389391,31.984997376106094
2023-09-07,63,32.456,31.757,32.533,31.69,38342052,1281803056.84,0.00802,-1.124728923789256,-1.1585678793542484,0.0338389555649925,30.767434231700307,42.62419724480617,7.053908205488582,27.741465598865688,34.252579347758285,32.8066,33.01819999999999,33.5396,35.35830392254887,31.72089607745113
2023-09-08,63,31.614,31.451,31.978,31.164,40269326,1322786711.17,0.00842,-1.178358383125648,-1.1625259801085284,-0.015832403017119523,23.249649915199544,36.166014801603964,-2.5830798576092917,25.17185333267092,32.87987816086563,32.421800000000005,32.935900000000004,33.40075,35.411995633929365,31.38950436607064
2023-09-11,63,31.537,32.724,33.462,31.48,86235722,2927035173.19,0.01803,-1.1053973226840696,-1.1511002486236366,0.04570292593956693,30.382422591815867,34.238150731674594,22.670966312098415,48.83227672596486,43.20888694450041,32.2226,32.9272,33.28395,35.15597693131773,31.41192306868226
2023-09-12,63,32.552,32.456,32.839,32.188,36979946,1253263313.55,0.00773,-1.0570158955838664,-1.1322833780156827,0.07526748243181625,33.9269060665016,34.13440250995026,33.51191317960428,45.220040786924265,41.73389456561989,32.165,32.8305,33.1494,34.83517795878217,31.463622041217832
2023-09-13,63,32.294,31.595,32.294,31.336,43239870,1430577098.63,0.00904,-1.0757482145727764,-1.1209763453271016,0.04522813075432519,27.538028701868612,31.93561124058971,18.742863624426413,35.18577031742578,37.2744124911903,31.9966,32.6199,33.02735,34.7943546346706,31.2603453653294
2023-09-14,63,31.997,31.92,32.772,31.796,63948244,2149118240.33,0.01337,-1.0522393680304916,-1.1072289498677796,0.05498958183728808,27.436495599516647,30.43590602689869,21.437674744752563,41.1053658930748,39.918087274536184,32.0292,32.4179,32.9043,34.616299766355134,31.19230023364487
2023-09-15,63,31.863,31.212,31.997,31.173,49925427,1641943043.53,0.01044,-1.078308056716395,-1.1014447712375028,0.023136714521107882,18.928955599039785,26.600255884279054,3.5863550285612504,33.18280021546708,36.28383605878241,31.9814,32.2016,32.808099999999996,34.67453966163558,30.94166033836441
2023-09-18,63,31.154,31.24,31.834,30.924,37794251,1238920076.94,0.0079,-1.084210213872396,-1.0979978597644815,0.013787645892085587,16.76955327301363,23.323355013857245,3.661949791326407,33.78843001388813,36.533126519438085,31.6846,31.9536,32.7138,34.69938559306026,30.728214406939735
2023-09-19,63,31.212,30.944,31.346,30.714,33907540,1097005732.14,0.00709,-1.1000912747339768,-1.0984165427583805,-0.0016747319755963108,13.96960999375096,20.205440007155147,1.4979499669425849,30.303984878406823,34.95588367728358,31.3822,31.773600000000005,32.52185,34.404782793612995,30.638917206387003
2023-09-20,63,30.972,31.049,31.461,30.924,29854467,972531764.77,0.00624,-1.0916209802553318,-1.097057430257771,0.005436450002439086,13.376634707139168,17.929171573816486,4.271560973784531,33.23483996985502,36.02471725090548,31.273000000000003,31.634800000000002,32.41175,34.371127331275396,30.4523726687246
2023-09-21,63,31.145,31.796,32.638,31.068,87933796,2938756710.24,0.01838,-1.012954840931549,-1.0802369123925266,0.06728207146097764,22.042453220576995,19.300265456069987,27.52682874959102,50.87198135663425,43.26082388675099,31.248199999999997,31.6387,32.32845,34.24092169638502,30.41597830361497
2023-09-22,63,31.729,33.28,33.318,31.48,113645063,3897770420.48,0.02376,-0.8213964144991621,-1.0284688128138537,0.2070723983146916,47.54187101545895,28.714133975866307,85.19734509464425,69.85561315322994,54.431084322712174,31.6618,31.8216,32.378750000000004,34.33754843674371,30.419951563256294
2023-09-25,63,33.069,32.332,33.174,32.246,65700415,2238022907.81,0.01374,-0.7375783149923194,-0.9702907132495469,0.23271239825722745,52.406306227407896,36.61152472638017,83.99586922946335,53.89203286107255,47.86427034854651,31.880200000000002,31.782400000000003,32.3548,34.30303035490919,30.406569645090805
2023-09-26,63,32.284,32.437,32.954,32.217,55952472,1904445957.14,0.0117,-0.6551273445525752,-0.9072580395101525,0.25213069495757734,56.9933490568792,43.405466169879844,84.1691148308779,55.25119917223142,48.61334924629316,32.1788,31.7805,32.3055,34.188733669153066,30.422266330846938
2023-09-27,63,32.217,31.575,32.408,31.336,84136381,2786729656.5,0.01759,-0.6518266999681259,-0.8561717716017472,0.20434507163362126,49.017071414263555,45.27600125134108,56.49921174010849,42.817127478127944,43.07111645264918,32.284000000000006,31.7785,32.199200000000005,33.98843207285318,30.40996792714683
2023-09-28,63,31.422,31.288,31.652,31.039,56609419,1850146515.05,0.01183,-0.6647070872598739,-0.8178788347333724,0.1531717474734985,40.025717860405116,43.52590678769575,33.02534000582385,39.28486624784436,41.35851105740841,32.1824,31.715300000000003,32.0666,33.698819335106315,30.434380664893684
2023-09-29,63,31.288,31.288,31.288,31.288,0,0.0,0.0,-0.667223549243328,-0.7877477776353636,0.12052422839203558,34.031482157832826,40.361098577741444,21.37224931801559,39.28486624784436,41.35851105740841,31.784,31.7229,31.96225,33.50676107917179,30.417738920828217
2023-10-02,63,31.288,31.288,31.288,31.288,0,0.0,0.0,-0.6615914490965338,-0.7625165119275977,0.10092506283106395,27.755880892746262,36.15935934940971,10.948923979419362,39.28486624784436,41.3585110574084,31.575200000000002,31.7277,31.84065,33.17050084640512,30.51079915359488
2023-10-03,63,31.288,31.288,31.288,31.288,0,0.0,0.0,-0.6496393313280038,-0.739941075807679,0.0903017444796752,22.145868818068944,31.48819583896279,3.4612147762812526,39.28486624784436,41.35851105740841,31.3454,31.762099999999997,31.76785,33.04796303366053,30.487736966339465
2023-10-04,63,31.288,31.288,31.288,31.288,0,0.0,0.0,-0.6328718392719992,-0.7185272285005431,0.08565538922854388,18.405860768284064,27.12741748206988,0.9627473407124327,39.28486624784436,41.35851105740841,31.288,31.786,31.710400000000003,32.96698340456645,30.453816595433562
2023-10-05,63,31.288,31.288,31.288,31.288,0,0.0,0.0,-0.6125227006039431,-0.6973263229212231,0.08480362231728,16.158161667536746,23.4709988772255,1.532487248159235,39.28486624784436,41.35851105740841,31.288,31.735200000000003,31.686950000000003,32.95730104555693,30.416598954443074
2023-10-06,63,31.288,31.288,31.288,31.288,0,0.0,0.0,-0.5895993275665283,-0.6757809238502842,0.08618159628375588,15.10631143371029,20.682769729387097,3.95339484235668,39.28486624784436,41.35851105740841,31.288,31.536,31.678800000000003,32.957588176360815,30.40001182363919
2023-10-09,63,31.058,32.121,32.437,30.714,80701366,2670778811.74,0.01687,-0.49847019680995786,-0.640318778442219,0.1418485816322611,37.29083946615711,26.2187929749771,59.43493244851713,67.32161670204286,51.6240882445471,31.4546,31.5149,31.648650000000004,32.84975375116093,30.447546248839075
2023-10-10,63,32.121,31.528,32.313,31.47,42096646,1397407593.66,0.0088,-0.46869700095442113,-0.6059944229446594,0.1372974219902383,40.60828647714789,31.015290809034028,59.79427781337563,48.27732401372974,45.44577215310967,31.5026,31.424,31.602250000000005,32.74217352005702,30.46232647994299
2023-10-11,63,31.604,32.475,32.916,31.604,80007662,2714806841.33,0.01673,-0.3644849870966098,-0.5576925357750495,0.1932075486784397,53.72977499929756,38.58678553912187,84.01575391964896,66.45978554588643,54.857819597851304,31.74,31.514,31.64625,32.851081654543364,30.441418345456636
2023-10-12,63,32.724,32.294,32.83,32.131,49302784,1665455614.29,0.01031,-0.2931224692638885,-0.5047785224728173,0.21165605320892877,59.737500620179596,45.63702389947444,87.93845406158991,61.501122732631245,52.952959481871744,31.9412,31.614599999999996,31.664949999999997,32.89892849934361,30.43097150065638
2023-10-13,63,32.073,30.886,32.073,30.455,97123050,3153768751.51,0.0203,-0.3461903260130228,-0.47306088318085837,0.12687055716783557,45.66273575139159,45.64559451678016,45.69701822061445,36.25211494608775,40.90071168196913,31.8608,31.574400000000004,31.648650000000004,32.91598242845386,30.38131757154615
2023-10-16,63,30.886,30.388,30.886,29.986,58155550,1843890164.21,0.01216,-0.42354901348299023,-0.4631585092412848,0.03960949575829459,35.01520267385152,42.10213056913727,20.84134688328001,30.872607450234554,37.598788849825944,31.5142,31.4844,31.60605,32.98369657831284,30.22840342168716
2023-10-17,63,30.446,30.13,30.618,30.005,41361090,1305451774.99,0.00865,-0.4999120989539598,-0.4705092271838199,-0.02940287177013995,24.98169370520702,36.39531828116052,2.1544445533000243,28.265068413391617,35.958152431538366,31.2346,31.368599999999997,31.565349999999995,33.06779408250452,30.06290591749547
2023-10-18,63,29.661,29.057,29.68,28.722,75337104,2289000095.82,0.01575,-0.6396391647907187,-0.5043352147051997,-0.135303950085519,19.316996248551604,30.70254427029088,-3.4540997949269467,19.88368586649659,30.015816144765708,30.551,31.1455,31.465749999999996,33.33230639868554,29.599193601314457
2023-10-19,63,29.105,28.923,29.651,28.818,53302269,1623372344.77,0.01114,-0.7525120606481117,-0.5539705838937822,-0.19854147675432954,14.475517766082543,25.293535435554766,-7.160517572861906,19.03769381511553,29.354918249139473,29.876799999999996,30.909,31.3221,33.498188320576084,29.146011679423914
2023-10-20,63,28.856,27.851,28.895,27.765,75209560,2214158255.44,0.01572,-0.9178852746600512,-0.626753522047036,-0.29113175261301516,10.206871418247733,20.264647429785754,-9.908680604828309,13.516753825198535,24.62330622692531,29.269799999999996,30.5653,31.050649999999997,33.53149970800017,28.56980029199983
2023-10-23,63,27.717,26.788,27.765,26.549,85799685,2422649799.21,0.01794,-1.1217886728214275,-0.7257605522019144,-0.3960281206195131,8.0558243358969,16.195039731822803,-8.222606455954903,10.049041548957604,20.967365419471193,28.549799999999998,30.032,30.773449999999997,33.82479838011697,27.722101619883027
2023-10-24,63,26.798,25.075,26.894,24.481,187717707,4934073050.26,0.03924,-1.4054077035994688,-0.8616899824814254,-0.5437177211180434,7.742091059240876,13.377390174295494,-3.5285071708683624,6.7167900616432945,16.627372072007404,27.5388,29.3867,30.40535,34.27754330068827,26.53315669931173
2023-10-25,63,25.611,24.797,25.611,24.596,121989637,3181039924.87,0.0255,-1.633776941917315,-1.0161073743686033,-0.6176695675487116,6.548819399522012,11.101199916037665,-2.555941633509292,6.309347621905346,16.03959245345831,26.686799999999998,28.618900000000004,30.066450000000003,34.631981708240325,25.50091829175968
2023-10-26,63,24.462,24.567,24.644,23.84,118304898,2992105827.75,0.02473,-1.812427747529103,-1.1753714490007032,-0.6370562985283998,7.805183223486811,10.00252768518738,3.4104943000856736,5.950957816585969,15.54366745036279,25.8156,27.8462,29.730399999999996,34.870593582265,24.59020641773499
2023-10-27,63,24.318,24.95,25.18,24.079,135214287,3483853051.48,0.02827,-1.901189173606383,-1.3205349939218394,-0.5806541796845437,10.662292897491254,10.222449422622004,11.54197984722975,15.538001941272086,20.03506759675909,25.235400000000002,27.2526,29.4135,34.91795077330972,23.90904922669028
2023-10-30,63,24.72,25.486,25.965,24.471,135514160,3572506453.95,0.02833,-1.9063077931984829,-1.4376895537771683,-0.46861823942131453,16.503172433943945,12.316023759729317,24.8774697823732,27.883588267654446,26.039909027337828,24.975,26.762399999999996,29.123399999999997,34.82009327537342,23.426706724626577
2023-10-31,63,25.496,25.036,25.496,24.893,80365465,2107500358.47,0.0168,-1.924491238255552,-1.5350498906728451,-0.38944134758270676,17.86266678295742,14.164904767472017,25.258190813928223,24.304545817392764,24.364229600944,24.967200000000002,26.252999999999997,28.8108,34.69056840217014,22.931031597829858
2023-11-01,63,25.113,24.921,25.343,24.73,56425680,1474052544.68,0.0118,-1.9259797922090343,-1.6132358709800831,-0.3127439212289511,19.03670037426307,15.788836636402367,25.532427849984476,23.38408533470684,23.934835756835483,24.992,25.8394,28.492449999999998,34.49565182902429,22.489248170975706
2023-11-02,63,25.036,24.615,25.161,24.558,60378519,1565196281.56,0.01262,-1.929607806933742,-1.6765102581708151,-0.2530975487629268,19.272874559487466,16.950182610764067,23.918258456934268,20.861385291363874,22.769965260822147,25.0016,25.4086,28.158799999999996,34.24892358702709,22.0686764129729
2023-11-03,63,24.625,25.18,25.257,24.625,86843253,2270769809.19,0.01816,-1.8653892109837678,-1.7142860487334057,-0.15110316225036202,27.474210631887086,20.458191951138403,41.50624799338445,36.12860332344124,29.664968324588344,25.0476,25.1415,27.8534,33.89521218544661,21.811587814553388
2023-11-06,63,25.419,25.908,26.042,25.161,118666580,3181240567.4,0.02481,-1.735743425427703,-1.7185775240722654,-0.017165901355437718,49.621014777903525,30.17913289339344,88.50477854692369,50.80336456096154,37.5073611048649,25.132,25.0535,27.542749999999995,33.29250883704796,21.792991162952028
2023-11-07,63,25.754,26.051,26.281,25.4,110485124,2979071135.58,0.0231,-1.6029811327507026,-1.6954582458079528,0.09247711305725015,63.27322055793048,41.210495448239115,107.39867077731321,53.33080453049648,38.9656528749045,25.334999999999997,25.1511,27.268900000000002,32.73413800801129,21.803661991988708
2023-11-08,63,26.042,26.109,26.396,25.62,103230889,2799354143.43,0.02158,-1.4760707195963434,-1.6515807405656309,0.17551002096928747,71.38657805574016,51.26918965073946,111.62135486574155,54.469278694949054,39.58940095233711,25.5726,25.2823,26.9506,31.85156701091795,22.049632989082053
2023-11-09,63,25.965,26.511,26.607,25.898,120505629,3310745319.22,0.02519,-1.3277497894087915,-1.5868145503342632,0.2590647609254717,79.42625802966947,60.654879110382794,116.96901586824282,62.1490598148908,43.92260710970141,25.951800000000002,25.4767,26.661450000000002,30.86825373605485,22.454646263945154
2023-11-10,63,26.233,26.051,26.396,25.908,84821322,2314245813.44,0.01773,-1.2331080373882415,-1.5160732477450591,0.28296521035681765,77.23910938760133,66.18295586945564,99.35141642389272,50.461638836463784,40.31298677301457,26.125999999999998,25.5868,26.4197,30.130811457856318,22.70858854214368
2023-11-13,63,26.185,26.731,26.961,26.185,127319654,3540104158.32,0.02662,-1.0906609890828172,-1.430990796012611,0.34032980692979375,81.63561655109062,71.33384276333396,102.23916412660395,62.85345319998049,47.297615435521145,26.2906,25.7113,26.236849999999997,29.451928767963764,23.02177123203623
2023-11-14,63,26.702,26.597,26.846,26.377,86965188,2412805932.33,0.01818,-0.9773174499365958,-1.340256126797408,0.36293867686081227,82.70783370017224,75.12517307561339,97.87315494928995,59.34317777118194,46.13697671862529,26.399800000000006,25.867399999999996,26.0602,28.713835488394,23.406564511605996
2023-11-15,63,26.922,26.587,26.97,26.52,81826000,2279916660.76,0.01711,-0.8781757318028127,-1.247840047798489,0.3696643159956763,83.0276815996884,77.75934258363839,93.56435963178845,59.04785791649256,46.04499024803882,26.4954,26.034,25.936699999999995,28.205023016076872,23.668376983923118
2023-11-16,63,26.463,26.262,26.721,26.262,69484325,1920478576.34,0.01453,-0.8164188217914123,-1.1615558025970738,0.34513698080566146,75.63923936386082,77.05264151037919,72.81243507082408,49.45039913264959,43.005042450715784,26.445600000000002,26.198699999999995,25.803649999999998,27.596848292378855,24.01045170762114
2023-11-17,63,26.09,26.386,26.664,26.013,72854264,2000829979.96,0.01523,-0.7488381222464007,-1.0790122665269393,0.3301741442805386,71.36034216614077,75.15520839563305,63.77060970715621,52.951596323306156,44.529354372546486,26.5126,26.3193,25.730399999999996,27.27374488419793,24.18705511580206
2023-11-20,63,26.31,26.348,26.683,25.908,92052484,2524484565.49,0.01924,-0.6903878519789757,-1.0012873836173466,0.3108995316383709,65.54887008606913,71.9530956257784,52.74041900665057,51.636378240253265,44.134744000682396,26.436,26.3633,25.7084,27.19994252899154,24.216857471008463
2023-11-21,63,26.587,26.08,26.76,26.022,81336644,2242604660.28,0.017,-0.6581047302369356,-0.9326508529412644,0.27454612270432877,49.35845070414555,64.42154731856745,19.232257475301736,42.66732548607324,41.31767350321459,26.332600000000003,26.366200000000003,25.75865,27.22789331043709,24.28940668956291
2023-11-22,63,26.051,25.438,26.08,25.438,82841573,2227314401.33,0.01732,-0.6765255923451754,-0.8814258008220466,0.20490020847687118,32.905633802763695,53.91624281329953,-9.115584218307987,28.45793022008195,35.410986894848676,26.102799999999995,26.2991,25.790699999999998,27.198289368949595,24.3831106310504
2023-11-23,63,25.534,25.687,25.687,25.257,61211693,1629190783.1,0.0128,-0.6633849504944145,-0.83781763075652,0.17443268026210557,30.304475852941906,46.04565382651366,-1.1778800942015977,38.058699994498724,39.094941853012024,25.9878,26.216700000000003,25.8467,27.133213378743175,24.560186621256822
2023-11-24,63,25.678,25.132,25.707,25.046,60801232,1604611603.65,0.01271,-0.6898031376427447,-0.808214732133765,0.11841159449102034,21.692935391912794,37.92808101498004,-10.777355854221696,28.006207811823842,34.33333195423404,25.737000000000002,26.1248,25.8558,27.117951312974427,24.59364868702557
2023-11-27,63,24.95,24.998,25.237,24.749,50147109,1307716644.14,0.01048,-0.7133296017886757,-0.7892377060647473,0.07590810427607164,18.19901230840115,31.35172477945374,-8.106412633704025,26.01534026887569,33.26615551031627,25.467000000000002,25.9515,25.831400000000002,27.141605672886563,24.52119432711344
2023-11-28,63,24.979,24.874,25.075,24.692,45525207,1181186584.52,0.00952,-0.733524642338466,-0.7780950933194911,0.04457045098102508,15.06626610373098,25.92323855421282,-6.6476787972327,24.111987850256767,32.2540857206337,25.2258,25.779200000000003,25.8233,27.156019909769384,24.490580090230615
2023-11-29,63,24.874,24.682,25.036,24.615,46295489,1199451361.62,0.00968,-0.7563039516884302,-0.773736864993279,0.01743291330484875,11.085358443668362,20.977278517364663,-8.69848170372424,21.22644368975169,30.677574825574467,25.074599999999997,25.5887,25.811349999999997,27.181885089510633,24.44081491048936
2023-11-30,63,24.548,24.538,24.74,24.347,43547858,1115456306.48,0.0091,-0.7770193199633191,-0.7743933559872871,-0.0026259639760319864,10.028724941171902,17.327760658633743,-4.56934649375178,19.162536287154495,29.497923892203275,24.8448,25.4163,25.807499999999997,27.192541211623578,24.422458788376417
2023-12-01,63,24.5,25.027,25.161,24.433,77140147,1997135199.88,0.01613,-0.7453858413187042,-0.7685918530535706,0.02320601173486636,16.079379274222347,16.91163353049661,14.414870761673825,42.102790121258565,38.28878673965042,24.8238,25.2804,25.79985,27.20107987708014,24.39862012291986
2023-12-04,63,25.036,24.682,25.18,24.519,69032604,1793891042.56,0.01443,-0.7396287188328294,-0.7627992262094224,0.023170507376592986,17.163133018744844,16.99546669324602,17.498465669742494,33.94681252699753,34.93603068463926,24.7606,25.1138,25.738549999999996,27.224562180300342,24.25253781969965
2023-12-05,63,24.558,24.012,24.558,23.964,70361451,1782741939.57,0.01471,-0.7801366289212943,-0.7662667067517969,-0.01386992216949745,12.360046223626831,15.450326536706289,6.179485597467917,23.388333217441854,29.46912204348851,24.5882,24.907,25.636599999999998,27.30137922038707,23.971820779612926
2023-12-06,63,23.935,24.136,24.337,23.859,47978811,1206727137.99,0.01003,-0.7930914117094581,-0.7716316477433292,-0.02145976396612892,13.236423312143673,14.712358795185416,10.284552346060188,28.33846335209647,31.629223798399465,24.479000000000003,24.7768,25.53795,27.314912455546562,23.760987544453435
2023-12-07,63,24.069,24.098,24.29,23.859,52048417,1308733223.67,0.01088,-0.7972344305695884,-0.776752204308581,-0.020482226261007375,14.605607800742074,14.676775130370968,14.463273141484283,27.680741039451476,31.308663363082317,24.391,24.6179,25.4173,27.24308491844524,23.59151508155476
2023-12-08,63,24.031,24.988,25.352,23.974,129280737,3351592765.43,0.02703,-0.7203979418637694,-0.7654813518196188,0.045083409955849474,34.94359117950786,21.432380480083268,61.96601257835705,56.23141802976758,45.43760887754081,24.3832,24.6035,25.364150000000002,27.17408192951413,23.554218070485874
2023-12-11,63,24.797,25.438,25.486,24.424,96061603,2507913556.49,0.02008,-0.6160913146228708,-0.7356033443802693,0.1195120297573985,55.6456557463877,32.83680556885141,101.26335610146027,64.68947130973916,50.99716429645887,24.534399999999998,24.6475,25.299500000000002,26.99245052310612,23.606549476893885
2023-12-12,63,25.324,25.324,25.64,25.084,65630255,1737617776.86,0.01372,-0.5364426315751842,-0.6957712018192523,0.1593285702440681,64.51615679742338,43.39658931170873,106.75529176885267,61.10006051827565,49.600432464830945,24.7968,24.692500000000003,25.23585,26.815320567527383,23.656379432472615
2023-12-13,63,25.324,24.778,25.391,24.778,56354926,1475553060.67,0.01178,-0.5114820664344037,-0.6589133747422827,0.14743130830787898,60.21084606259064,49.00134156200269,82.62985506376654,46.32642482981441,43.391111237557126,24.925199999999997,24.702099999999998,25.145400000000002,26.60144733873342,23.689352661266586
2023-12-14,63,24.931,25.228,26.109,24.931,128124810,3427085971.21,0.02679,-0.4501997767493542,-0.6171706551436971,0.16697087839434288,60.42204552320857,52.80824288240465,75.6496508048164,56.68471433376605,49.11814842862617,25.1512,24.7711,25.0937,26.453028022842645,23.734371977157352
2023-12-15,63,25.333,25.544,26.08,25.008,142809145,3825279752.45,0.02986,-0.3718481278308694,-0.5681061496811316,0.1962580218502622,65.24432664510198,56.95360413663709,81.82577166203176,62.743497594801696,52.77791715908912,25.2624,24.8228,25.0516,26.289101965974428,23.814098034025573
2023-12-18,63,25.324,24.864,25.41,24.653,78495734,2052296360.69,0.01641,-0.3604689370505092,-0.5265787071550071,0.1661097701044979,58.38510665229019,57.43077164185479,60.293776673161005,46.094265456048944,45.15371183713177,25.1476,24.841,24.9774,26.05527615732394,23.899523842676057
2023-12-19,63,24.73,24.835,25.123,24.567,59791892,1549182511.22,0.0125,-0.34975909883740286,-0.4912147854914862,0.14145568665408337,53.38266369411937,56.08140232594298,47.985186430472154,45.476697526998706,44.852269391658844,25.049799999999998,24.9233,24.91515,25.860574499477163,23.969725500522838
2023-12-20,63,24.835,24.089,24.902,24.079,72127672,1832348787.18,0.01508,-0.3968923127862496,-0.47235029095043896,0.07545797816418937,37.38391475002178,49.84890646730258,12.453931315460196,32.171285531874375,37.775287063986504,24.912,24.9186,24.8477,25.827908592194365,23.867491407805634
2023-12-21,63,23.868,24.481,24.644,23.648,73845937,1861487716.04,0.01544,-0.39802639992240074,-0.45748551274483135,0.059459112822430604,36.205286252147815,45.30103306225099,18.01379263194147,42.735831809889234,42.936566678459734,24.7626,24.956899999999997,24.7874,25.69597491653056,23.878825083469444
2023-12-22,63,24.481,24.098,24.845,23.945,69032453,1758704958.42,0.01443,-0.42493172289320214,-0.45097475477450555,0.026043031881303413,30.231940800903622,40.27800230846853,10.1398177857738,36.136791172673156,39.448931877239545,24.4734,24.8679,24.7357,25.678733202519286,23.792666797480717
2023-12-25,63,24.031,24.242,24.567,24.031,44630398,1133568370.94,0.00933,-0.4296816856436294,-0.4467161409483303,0.01703445530470088,28.200137155905143,36.252047257614066,12.0963169524873,40.29623554678605,41.40122273907019,24.349,24.7483,24.697899999999997,25.65713124921722,23.738668750782775
2023-12-26,63,24.194,23.591,24.242,23.342,70943156,1753394263.23,0.01483,-0.48043813297636717,-0.4534605393539377,-0.026977593622429463,21.799730035029427,31.434608183419186,2.5299737382499075,29.775548579643754,35.72113527347466,24.1002,24.575,24.63375,25.708092271248148,23.55940772875185
2023-12-27,63,23.581,23.591,23.792,23.437,52359613,1290309103.77,0.01095,-0.5147295018783566,-0.4657143318588215,-0.04901517001953515,17.56456314485286,26.81125983723041,-0.9288302399022399,29.775548579643754,35.72113527347466,24.000600000000002,24.456300000000002,24.5792,25.749713985168416,23.408686014831584
2023-12-28,63,23.495,25.18,25.285,23.418,167972268,4333261288.85,0.03512,-0.4089722609681914,-0.45436591768069545,0.04539365671250406,41.33575647438933,31.65275871628338,60.701751990601224,63.38026440907389,54.03829151533457,24.1404,24.4515,24.6113,25.81188268309539,23.41071731690461
2023-12-29,63,25.132,25.352,25.4,24.988,80246966,2116275730.95,0.01678,-0.3077325735204184,-0.4250392488486401,0.1173066753282217,60.11305047758125,41.139522636715995,98.06010615931174,65.52327200415756,55.53454676152225,24.3912,24.4323,24.62755,25.86019311222122,23.394906887778777
2024-01-01,63,25.352,25.352,25.352,25.352,0,0.0,0.0,-0.22490680616366987,-0.38501276031164605,0.16010595414797618,72.63124647970919,51.63676391771372,114.62021160370011,65.52327200415756,55.53454676152226,24.6132,24.4811,24.66105,25.935628233646472,23.386471766353527
2024-01-02,63,25.371,24.51,25.381,24.491,112461318,2905735778.47,0.02351,-0.22461987383387338,-0.35293418301609153,0.12831430918221814,67.33887439431217,56.870800743246534,88.27502169644345,46.387199846238175,46.681117310172645,24.797,24.448600000000003,24.68595,25.926133428708532,23.445766571291465
2024-01-03,63,24.414,24.251,24.673,23.993,73969611,1880494906.63,0.01546,-0.2424962673209663,-0.3308465998770665,0.0883503325561002,59.61561499951233,57.78573882866846,63.27536734120008,41.87319292906414,44.310656823991756,24.929000000000002,24.464800000000004,24.6917,25.922175834361862,23.46122416563814
2024-01-04,63,24.337,23.878,24.337,23.706,77460377,1934000254.88,0.01619,-0.28349348424309184,-0.3213759767502716,0.03788249250717973,48.425311198249574,54.66559628519549,35.94474102435774,35.845049687394976,41.03677967100815,24.6686,24.404500000000002,24.6807,25.937181654211305,23.4242183457887
2024-01-05,63,23.954,23.504,24.251,23.342,96123917,2385200565.61,0.0201,-0.3422178737491137,-0.32554435615004,-0.016673517599073706,34.90744750437244,48.0795466915878,8.563249129941724,30.552777221130313,37.96827761180604,24.299,24.3451,24.6065,25.958233467967045,23.254766532032956
2024-01-08,63,23.437,22.403,23.457,22.394,116035899,2748155040.21,0.02426,-0.4721561518663755,-0.35486671529330716,-0.11728943657306834,23.37143206878323,39.84350848398628,-9.572720761622875,20.079812755387252,30.616218736382606,23.7092,24.1612,24.45475,26.069327001798932,22.84017299820107
2024-01-09,63,22.538,22.758,23.122,22.423,87315488,2076434773.49,0.01825,-0.5402598609113305,-0.39194534441691187,-0.14831451649441862,19.61732641356452,33.101447793845686,-7.350916346997813,29.438387506715117,35.04066805585178,23.358800000000002,24.0779,24.32645,26.054041993133232,22.59885800686677
2024-01-10,63,22.605,22.786,23.208,22.26,78266839,1865512800.56,0.01636,-0.5852270419475651,-0.4306016839230426,-0.15462535802452254,18.662081727938983,28.288325771876785,-0.5904063599366225,30.21186157684558,35.395142290914436,23.065800000000003,23.9974,24.22685,26.07061117588082,22.383088824119177
2024-01-11,63,22.748,23.102,23.256,22.652,90795107,2186442645.42,0.01898,-0.5885805080933615,-0.4621974487571064,-0.1263830593362551,21.43423199250187,26.003627845418478,12.29544028666865,39.23289164068281,39.46226174022126,22.9106,23.7896,24.12055,25.96642192062983,22.274678079370172
2024-01-12,63,22.949,22.557,22.987,22.538,71809378,1705826673.16,0.01501,-0.6279761809073783,-0.4953531951871608,-0.13262298572021747,17.46154823210471,23.156267974313888,6.072108747686357,30.952349034056297,35.28312331548642,22.7212,23.5101,23.9712,25.81549562649159,22.12690437350841
2024-01-15,63,22.317,22.624,22.911,22.26,49882974,1178160058.56,0.01043,-0.6463405834721314,-0.5255506728441549,-0.1207899106279765,16.66935098330392,20.993962310643898,8.020128328623969,33.03732390625525,36.189407543054266,22.7654,23.2373,23.8592,25.74676324118557,21.971636758814434
2024-01-16,63,22.48,23.045,23.074,22.317,72818107,1725274652.0,0.01522,-0.6197788979206109,-0.5443963178594461,-0.07538258006116483,23.71119948397441,21.8997080350874,27.334182381748434,45.45628277136791,41.77832178819099,22.822799999999997,23.090799999999998,23.7697,25.632029169841733,21.907370830158268
2024-01-17,63,22.901,22.375,23.074,22.375,62768590,1488578634.9,0.01312,-0.6453527465862798,-0.5645876036048129,-0.08076514298146698,17.732796977262005,20.510737682478933,12.17691556682815,33.56733937302724,36.264005101634744,22.7406,22.9032,23.684,25.639861796861517,21.728138203138485
2024-01-18,63,22.212,23.026,23.026,22.116,109711518,2585206214.52,0.02294,-0.6061031665199366,-0.5728907161878376,-0.033212450332098964,34.44180002312121,25.15442512935969,53.01654981064426,49.09201900024918,44.08660823987043,22.7254,22.818,23.61125,25.550459374977677,21.67204062502232
2024-01-19,63,22.968,22.786,23.265,22.71,76625582,1839677859.0,0.01602,-0.5875902115788421,-0.5758306152660385,-0.011759596312803544,42.39839177636573,30.902414011695033,65.39034730570711,44.49224187524788,42.01280740169717,22.7712,22.7462,23.545650000000002,25.504198149174,21.587101850826002
2024-01-22,63,22.834,21.896,22.911,21.705,87564072,2046846316.7,0.01831,-0.6373867259517318,-0.5881418374031772,-0.04924488854855469,32.34679109877378,31.38387304072128,34.272627214878774,31.399967355558132,35.296126311862494,22.625600000000002,22.6955,23.428350000000002,25.489613411753318,21.367086588246686
2024-01-23,63,21.829,22.873,23.007,21.743,115860500,2735022850.6,0.02422,-0.5912001007344578,-0.5887534900694333,-0.0024466106650244956,46.52179235644749,36.42984614596335,66.70568477741577,50.563142638339585,45.69338554510376,22.5912,22.707,23.39245,25.466754700248984,21.318145299751016
2024-01-24,63,23.016,22.997,23.064,22.126,103062042,2436285281.06,0.02155,-0.5383849373792202,-0.5786797795313907,0.040294842152170496,58.62136584446926,43.82701937879865,88.21005877581047,52.58061428925291,46.87533918679467,22.715600000000002,22.7281,23.36275,25.442088546142745,21.28341145385725
2024-01-25,63,22.834,23.667,23.83,22.7,143659297,3509606261.97,0.03003,-0.43742280156096314,-0.5504283839373052,0.11300558237634206,69.85738115121485,52.50380663627072,104.56453018110314,62.502482705019275,52.91573240916241,22.843799999999998,22.7846,23.287100000000002,25.1907277721073,21.383472227892703
2024-01-26,63,23.476,23.189,23.61,23.083,95365627,2326456768.3,0.01994,-0.391467591998957,-0.5186362255496355,0.12716863355067853,69.85001880669228,58.28587735974456,92.9783017005877,53.00722143676634,48.613739177621994,22.9244,22.8478,23.17895,24.815694326238848,21.542205673761153
2024-01-29,63,23.361,22.624,23.418,22.557,78984441,1882641548.77,0.01651,-0.39607285411421245,-0.4941235512625509,0.09805069714833847,60.982365478971325,59.184706732820146,64.57768297127367,43.610034291102636,44.00102238596083,23.07,22.8478,23.04255,24.3353357273514,21.749764272648598
2024-01-30,63,22.423,21.877,22.739,21.829,77523236,1802882920.85,0.01621,-0.45475705828867774,-0.4862502526677764,0.031493194379098643,43.3529495350005,53.90745433354692,22.24393993790764,34.03669210729055,38.70418751148968,22.8708,22.731,22.9109,24.10713213730329,21.714667862696714
2024-01-31,63,21.781,21.025,21.886,21.006,89528627,1996097251.74,0.01872,-0.5635181064790586,-0.5017038234300328,-0.06181428304902581,29.126234534192946,45.64704773376226,-3.9153918649456756,26.172938772115074,33.66218030222058,22.4764,22.596,22.7496,24.050410338536537,21.448789661463465
2024-02-01,63,20.757,21.322,21.81,20.632,77835415,1734917876.36,0.01627,-0.6186155874660599,-0.5250861762372383,-0.09352941122882164,26.60948468633499,39.301193384619836,1.2260672897652967,32.67917826286363,36.79339870695294,22.0074,22.4256,22.6218,23.957591442908964,21.286008557091037
2024-02-02,63,21.369,20.776,21.657,20.134,84385843,1842371239.06,0.01764,-0.6982889348209369,-0.559726727953978,-0.13856220686695886,23.52969974759995,34.04402883894654,2.501041564906771,27.359964607306466,33.61164412402938,21.5248,22.2246,22.485400000000002,23.988534325335387,20.982265674664617
2024-02-05,63,20.517,20.929,21.379,20.0,100624811,2185257634.56,0.02104,-0.7405482361978812,-0.5958910296027587,-0.1446572065951225,23.77175805627637,30.619938578056477,10.075397012716152,31.12951441999968,35.32144075822485,21.1858,22.1279,22.4117,24.068530722224434,20.754869277775565
2024-02-06,63,20.661,22.097,22.107,20.642,112266451,2529259749.81,0.02347,-0.6720442901405193,-0.6111216817103109,-0.06092260843020836,34.09849144569863,31.77945620060386,38.73656193588816,53.320351144742084,46.74394893612472,21.2298,22.0503,22.37865,24.032763504029276,20.724536495970725
2024-02-07,63,22.088,22.164,22.346,21.839,98380590,2267801101.09,0.02057,-0.6053697535982572,-0.6099712960879002,0.004601542489643062,42.71386040978248,35.4242576036634,57.293066022020625,54.33322208074998,47.32607539470577,21.4576,21.967000000000002,22.347550000000002,23.992781127580372,20.70231887241963
2024-02-08,63,22.384,22.978,23.122,22.308,108345776,2580703641.71,0.02265,-0.4812985952976412,-0.5842367559298485,0.10293816063220729,57.51823188621739,42.78891569784806,86.97686426295606,65.3078267276801,53.991457046196544,21.788800000000002,21.8981,22.34135,23.97550740722258,20.707192592777417
2024-02-09,63,22.978,22.978,22.978,22.978,0,0.0,0.0,-0.3786069630644242,-0.5431107973567636,0.1645038342923394,70.14134528054042,51.906392225412176,106.61125139079692,65.3078267276801,53.991457046196544,22.2292,21.877000000000002,22.3624,24.01894623587162,20.70585376412838
2024-02-12,63,22.978,22.978,22.978,22.978,0,0.0,0.0,-0.2938359467784082,-0.4932558272410925,0.19941988046268433,78.5567542100891,60.789846220304476,114.09057018965835,65.3078267276801,53.991457046196544,22.639000000000003,21.9124,22.3801,24.055868719126085,20.704331280873912
2024-02-13,63,22.978,22.978,22.978,22.978,0,0.0,0.0,-0.224071350579635,-0.439418931908801,0.21534758132916598,84.16702682978821,68.58223975679905,115.33660097576654,65.3078267276801,53.991457046196544,22.8152,22.0225,22.376749999999998,24.047181507441746,20.70631849255825
2024-02-14,63,22.978,22.978,22.978,22.978,0,0.0,0.0,-0.16685895924920757,-0.3849069373768823,0.21804797812767474,87.90720857625429,75.0238960299508,113.67383366886128,65.3078267276801,53.99145704619654,22.978,22.2178,22.4069,24.0988275709275,20.7149724290725
2024-02-15,63,22.978,22.978,22.978,22.978,0,0.0,0.0,-0.12013290952594602,-0.3319521318066951,0.21181922228074906,90.40066307389834,80.14948504459997,110.9030191324951,65.3078267276801,53.99145704619654,22.978,22.3834,22.404500000000002,24.092862333275217,20.716137666724787
2024-02-16,63,22.978,22.978,22.978,22.978,0,0.0,0.0,-0.08215514510429145,-0.28199273446621437,0.19983758936192292,91.66495817829784,83.98797608916593,107.01892235656163,65.3078267276801,53.99145704619654,22.978,22.603600000000004,22.4141,24.11374155973559,20.714458440264412
2024-02-19,63,23.552,23.648,23.715,23.035,120590576,2944412876.7,0.02521,0.0019830480477622814,-0.22519757796341902,0.2271806260111813,93.25282926172235,87.07626048001806,105.60596682513093,79.69762060356582,61.38647335669943,23.112000000000002,22.875500000000002,22.5017,24.268190317580803,20.735209682419196
2024-02-20,63,23.447,23.256,23.514,23.074,80037442,1945535621.75,0.01673,0.036610030739005595,-0.1728360562229341,0.2094460869619397,84.62768574804234,86.26006890269282,81.36291943874139,61.72290798520331,55.674850282025005,23.1676,22.991400000000002,22.520850000000003,24.312414359054138,20.729285640945868
2024-02-21,63,23.016,23.399,23.907,22.987,111394250,2736893698.82,0.02329,0.07472963221232831,-0.12332291853588162,0.19805255074820993,71.52430574806698,81.34814785115087,51.8766215418992,65.16241253694297,57.25750176584452,23.251800000000003,23.1149,22.540950000000002,24.363755065075427,20.718144934924577
2024-02-22,63,23.926,24.242,24.797,23.782,139407740,3525555188.12,0.02914,0.17099166034996927,-0.06446000275871143,0.2354516631086807,70.84578052253393,77.84735874161188,56.84262408437803,78.70129721002186,65.23934400733191,23.5046,23.241300000000003,22.5697,24.483169606981928,20.656230393018074
2024-02-23,63,24.51,24.433,24.644,24.175,103278624,2628971676.35,0.02159,0.2596984725905749,0.0003716923111458549,0.259326780279429,73.89352199761376,76.52941316027918,68.62173967228293,80.7367092330731,66.7730025872306,23.7956,23.3868,22.6319,24.704399929528638,20.559400070471366
2024-02-26,63,24.567,24.51,25.017,24.337,115998496,2993132811.72,0.02425,0.33238103519969897,0.0667735608888565,0.2656074743108425,74.30730467651938,75.78871033235924,71.34449336483965,81.5879266150968,67.4054603040675,23.968,23.54,22.7262,24.962353332470123,20.490046667529874
2024-02-27,63,24.414,26.961,26.961,24.299,289459669,7888985735.52,0.06052,0.5810596123413312,0.16963077117935146,0.41142884116197975,82.87153645101291,78.14965237191046,92.31530460921783,93.14998697960998,80.37619839086737,24.709,23.9383,22.9804,25.87037726452564,20.09042273547436
2024-02-28,63,27.65,26.214,28.11,26.214,358209477,10215545691.58,0.07489,0.7096817498472667,0.2776409669129346,0.4320407829343321,76.26613731704315,77.52181402028802,73.75478391055339,75.75245042269307,70.98440298626888,25.272,24.2619,23.23985,26.316353297063646,20.163346702936355
2024-02-29,63,26.022,28.588,28.703,26.003,345344884,10002562487.69,0.0722,0.9917454558721772,0.4204618647047832,0.571283591167394,83.50679273433855,79.51680692497152,91.4867643530726,85.83896762764199,79.34990337508395,26.141199999999998,24.8229,23.60315,27.365651031299215,19.840648968700783
2024-03-01,63,28.579,29.239,29.613,28.225,320903340,9702847500.5,0.06709,1.2533652203546843,0.5870425358347635,0.6663226845199208,87.1230514797995,82.05222177658084,97.2647108862368,87.54400299798623,80.98952005945722,27.1024,25.449,24.0263,28.316604275800106,19.735995724199892
2024-03-04,63,29.67,28.981,29.871,28.378,250868808,7590688175.02,0.05245,1.4234734093896435,0.7543287105457396,0.6691446988439039,87.10585767837884,83.73676707718016,93.84403888077622,82.80264600892681,78.30158918623837,27.9966,25.9823,24.428900000000002,28.997578855447365,19.86022114455264
2024-03-05,63,28.454,27.861,28.713,27.688,273285115,8038012593.72,0.05713,1.4511824075294015,0.893699449942472,0.5574829575869296,80.40045627674482,82.62466347703504,75.95204187616437,64.58188426220545,67.66631535792106,28.1766,26.4428,24.7171,29.392371876136266,20.04182812386373
2024-03-06,63,27.746,28.311,29.192,27.688,222685876,6640398892.26,0.04656,1.492251481199819,1.0134098561939413,0.4788416250058778,77.80442403468382,81.0179169962513,71.37743811154886,67.97915981866572,69.48309256291208,28.595999999999997,26.933999999999997,25.024449999999998,29.800151898261014,20.248748101738983
2024-03-07,63,28.234,27.42,28.55,27.305,183709842,5339672553.27,0.03841,1.4363454679079837,1.0979969785367498,0.33834848937123385,70.54035064863106,77.52539488037789,56.57026218513741,55.36195446194618,61.96285368578138,28.3624,27.251800000000003,25.24655,30.03467005631494,20.458429943685058
2024-03-08,63,27.669,28.895,28.962,27.43,237691181,7018424258.35,0.04969,1.4938396686860855,1.177165516566617,0.3166741521194685,74.5215163692477,76.5241020433345,70.51634502107413,67.38673624976678,68.18196977153113,28.293600000000005,27.698,25.542399999999997,30.469516564696477,20.615283435303517
2024-03-11,63,28.263,28.722,28.789,28.225,187760801,5585970497.78,0.03925,1.5080605989972966,1.243344533052753,0.26471606594454355,73.11258623168739,75.3869301061188,68.56389848282458,64.92512124048095,66.78482574857729,28.2418,28.1192,25.8296,30.796804038279063,20.862395961720935
2024-03-12,63,28.531,27.976,28.655,27.87,163883428,4819534154.86,0.03426,1.4425065062326041,1.2831769276887233,0.15932957854388086,65.7444818242273,72.17278067882162,52.88788411503862,54.60365506730771,60.913126412635336,28.2648,28.2207,26.079500000000003,30.944492259419498,21.21450774058051
2024-03-13,63,28.33,27.918,28.483,27.861,140223371,4124845541.65,0.02932,1.370080860833113,1.3005577143176013,0.06952314651551172,51.792761850082414,65.37944106924188,24.6194034117635,53.80561148796497,60.46225976114552,28.186199999999996,28.3911,26.3265,31.02732436219559,21.62567563780441
2024-03-14,63,27.526,27.573,27.995,27.095,139111577,4000476336.6,0.02908,1.2702022969351319,1.2944866308411074,-0.024284333905975508,40.26818129102518,57.00902114316964,6.786501586736264,48.72274196097356,57.6913183139937,28.2168,28.2896,26.55625,31.010695910371126,22.10180408962887
2024-03-15,63,27.43,27.765,27.861,27.018,123182534,3531568122.45,0.02575,1.1927908602978476,1.2741474767324554,-0.08135661643460779,38.29899605234245,50.772346112893906,13.352295931239539,51.76573154843697,58.836632307374565,27.9908,28.142200000000003,26.7956,30.944445236930513,22.646754763069488
2024-03-18,63,27.765,28.282,28.464,27.621,152776767,4485441013.35,0.03194,1.159789981333624,1.2512759776526892,-0.09148599631906507,44.91322214590385,48.81930479056389,37.10105685658377,59.526683967963464,61.86880133116396,27.902799999999996,28.072300000000002,27.027299999999997,30.947280026802083,23.10731997319791
2024-03-19,63,28.023,27.822,28.301,27.822,105883083,3098701635.43,0.02214,1.0840224552923239,1.2178252731806163,-0.1338028178882924,43.72815632772189,47.12225530294989,36.93995837726591,50.799617192725016,57.740433388036706,27.871999999999996,28.068400000000004,27.255599999999998,30.76066649234938,23.750533507650616
2024-03-20,63,27.708,27.937,28.1,27.526,102936111,2990277708.14,0.02152,1.0214806903848412,1.1785563566214614,-0.15707566623662017,44.909991735628054,46.38483411384261,41.96030697919893,52.872397208843616,58.49574794806192,27.875799999999998,28.031,27.482499999999998,30.488366299509543,24.476633700490453
2024-03-21,63,27.928,27.468,28.119,27.449,101663352,2946707765.13,0.02125,0.9234268211224474,1.1275304495216587,-0.20410362839921126,38.40978556890541,43.72648459886354,27.776387508989146,43.834678759735375,54.1869044290294,27.8548,28.035800000000002,27.643800000000006,30.23513654601978,25.05246345398023
2024-03-22,63,27.305,26.693,27.497,26.434,163763599,4588184185.15,0.03424,0.7742572446790135,1.0568758085531296,-0.2826185638741161,29.493661638462836,38.98221027872997,10.516564357928559,32.73801826974797,47.835055932166014,27.6404,27.8156,27.756800000000005,29.92041165889981,25.593188341100202
2024-03-25,63,26.693,26.348,27.171,26.262,93137809,2604817731.27,0.01947,0.6210416819990634,0.9697089832423164,-0.34866730124325296,20.953150982748273,32.97252384673607,-3.0855947452273114,28.838224607576365,45.25865534467794,27.2536,27.5782,27.8487,29.535170509362143,26.16222949063786
2024-03-26,63,26.281,25.898,26.539,25.64,106538061,2899256654.74,0.02227,0.4580261650048101,0.8673724195948151,-0.40934625459000507,17.014093100869,27.653046931447044,-4.263814560287088,24.306299255545284,42.03698814667668,26.8688,27.3704,27.795550000000002,29.657670407097015,25.93342959290299
2024-03-27,63,26.022,25.036,26.07,25.036,100692429,2670692702.68,0.02105,0.256324250949433,0.7451627858657387,-0.4888385349163057,11.342728733912667,22.216274198935583,-10.404362196133164,17.856059581261462,36.59361991469554,26.288599999999995,27.0822,27.736649999999997,29.864907035822306,25.60839296417769
2024-03-28,63,25.046,26.281,26.693,25.046,148553139,4026084347.3,0.03106,0.1946908510376737,0.6350683989001258,-0.4403775478624521,19.668003520002436,21.3668506392912,16.270309281424908,43.734680651775044,47.33805659100735,26.0512,26.953000000000003,27.6213,29.804635362527716,25.437964637472287
2024-03-29,63,26.233,26.798,26.855,25.793,126814271,3489819240.11,0.02651,0.18542604083857483,0.5451399272878156,-0.35971388644924074,31.10077212716853,24.61149113525031,44.07933411100497,51.36916583028541,51.09242248079289,26.0722,26.856299999999997,27.49925,29.571928092151573,25.426571907848427
2024-04-01,63,26.932,26.961,27.066,26.693,102177746,2867827696.88,0.02136,0.1890570181374116,0.4739233454577348,-0.2848663273203232,41.54690895622456,30.256630408908393,64.1274660508569,53.74375066995001,52.26294811800773,26.194799999999997,26.724200000000003,27.39825,29.36085212607244,25.43564787392756
2024-04-02,63,26.846,26.559,26.913,26.377,76024853,2113349558.11,0.01589,0.15767892891983948,0.41067446215015574,-0.25299553323031626,44.164584346857026,34.892615054891266,62.70852293078855,46.95789952631365,49.10122308283153,26.326999999999998,26.5979,27.33315,29.317378687478193,25.348921312521806
2024-04-03,63,26.386,26.061,26.482,26.013,68108574,1862805931.99,0.01424,0.09157154928875144,0.3468538795778749,-0.25528233028912345,43.326301524479234,37.703843878087255,54.571216817263206,39.536884130958576,45.39027515990888,26.532,26.4103,27.22065,29.226461375400273,25.214838624599725
2024-04-04,63,26.061,26.061,26.061,26.061,0,0.0,0.0,0.038734467819505625,0.28522999722620107,-0.24649552940669545,44.887323576819085,40.09833711099786,54.465296508461535,39.536884130958576,45.39027515990888,26.488,26.269600000000004,27.1527,29.221174149044195,25.084225850955804
2024-04-05,63,26.061,26.061,26.061,26.061,0,0.0,0.0,-0.0031035244178667654,0.2275632928973875,-0.23066681731525426,46.75575266369219,42.31747562856263,55.63230673395131,39.536884130958576,45.39027515990888,26.340600000000002,26.206399999999995,27.011000000000003,28.961864963359623,25.060135036640382
2024-04-08,63,25.831,25.697,26.166,25.678,58091244,1571204783.06,0.01214,-0.06488424740250309,0.16907378483740937,-0.23395803223991246,42.02436056068804,42.21977060593777,41.63354047018858,32.9582644059802,42.35280218331197,26.087799999999998,26.1413,26.85975,28.71897710314088,25.000522896859117
2024-04-09,63,25.697,25.869,25.908,25.458,53800775,1445477939.43,0.01125,-0.09882772840297349,0.1154934821893328,-0.2143212105923063,41.597098459600616,42.012213223825384,40.76686893115108,38.738290071330724,44.275073714809665,25.9498,26.138399999999997,26.754399999999997,28.58588170098793,24.922918299012064
2024-04-10,63,25.802,25.362,25.802,25.17,58484773,1551654894.47,0.01223,-0.16473982629904071,0.05944682049165808,-0.2241866467906988,31.10692639922736,38.37711761562604,16.56654396642999,29.685385066318105,39.987346105424955,25.810000000000002,26.171,26.626599999999996,28.47285942181282,24.78034057818717
2024-04-11,63,25.218,25.62,26.032,25.19,71788742,1926568192.48,0.01501,-0.19392178531961335,0.00877309932940378,-0.20269488464901714,28.649343337881525,35.1345261897112,15.678977634222164,38.466543630328985,43.04909006512882,25.721799999999995,26.104899999999997,26.52895,28.37103468575002,24.686865314249978
2024-04-12,63,25.697,25.812,26.128,25.697,85380081,2312089164.83,0.01785,-0.19925896933493448,-0.03283331440346389,-0.1664256549314706,31.377244382454577,33.88209892062566,26.367535306112416,44.64046915565837,45.31410687783637,25.672000000000004,26.0063,26.4313,28.203218270659182,24.65938172934082
2024-04-15,63,25.831,26.989,27.191,25.821,152468173,4246781936.4,0.03188,-0.10727802838585632,-0.04772225719994238,-0.05955577118591394,50.91981227014375,39.561336703798354,73.63676340283455,68.14912891611888,56.80320801958513,25.9304,26.0091,26.36665,27.937160781812903,24.796139218187097
2024-04-16,63,26.808,26.415,26.989,26.329,102271435,2851257276.04,0.02138,-0.07977982076608825,-0.05413376991317156,-0.025646050852916692,54.48093042980719,44.534534612467965,74.37372206448563,54.584160662029255,51.09247715524425,26.0396,25.9947,26.296299999999995,27.710603339755373,24.881996660244617
2024-04-17,63,26.616,27.755,27.755,26.463,150311301,4294027314.81,0.03142,0.04956811763420177,-0.03339339240369689,0.08296151003789866,69.65395361987146,52.90767428160246,103.14651229640945,70.84266163829814,61.061992037543824,26.5182,26.1641,26.287200000000002,27.658749964552612,24.915650035447392
2024-04-18,63,27.487,27.439,27.909,27.334,107831784,3107857848.12,0.02254,0.1251362389719226,-0.0016874661285729792,0.1268237051004956,74.04945331990457,59.95493396103649,102.23849203764075,64.32602641388083,58.01940856323597,26.881999999999998,26.3019,26.28575,27.65209524033664,24.91940475966336
2024-04-19,63,27.353,26.836,27.669,26.568,105088034,2964607630.21,0.02197,0.13481341393485025,0.025612709884111677,0.10920070405073856,69.64134176541768,63.18373656249688,82.55655217125927,53.133919059535664,52.566827947392426,27.0868,26.379399999999997,26.292900000000003,27.669675164154516,24.91612483584549
2024-04-22,63,26.224,26.31,26.597,25.898,74451894,2045097709.15,0.01557,0.09889879700911663,0.04026992730911268,0.05862886970000396,60.30123770122403,62.222903608739266,56.45790588619356,44.947717027689215,48.251656839445744,26.951,26.4407,26.291000000000004,27.667559861623424,24.914440138376584
2024-04-23,63,26.511,26.329,26.702,26.042,60331096,1661945355.97,0.01261,0.07114918207289023,0.046445778261868194,0.024703403811022033,54.164292095041844,59.53669977084012,43.41947674344529,45.31292847295803,48.41851080939931,26.9338,26.486700000000003,26.312549999999998,27.676643140052374,24.948456859947623
2024-04-24,63,26.453,27.037,27.076,26.224,93875140,2625285462.89,0.01963,0.10507584635849554,0.05817179188119368,0.04690405447730186,56.3024153448561,58.45860496217878,51.990036110210724,57.824018444066766,54.39590812745258,26.7902,26.654199999999996,26.412599999999998,27.671974180423305,25.15322581957669
2024-04-25,63,26.779,26.616,26.97,26.501,67798272,1891703418.0,0.01417,0.09687507511378612,0.06591244852771218,0.030962626586073946,50.22651444446343,55.71457478960699,39.25039375417633,49.70922361307807,50.59275366018129,26.6256,26.753800000000002,26.42935,27.690264668009334,25.168435331990665
2024-04-26,63,27.143,27.516,27.727,27.047,148981889,4267967094.34,0.03115,0.16114085177261828,0.0849581291766934,0.07618272259592487,60.30350424260431,57.24421794060609,66.42207684660076,63.021678028754394,57.51932232721618,26.761599999999998,26.924199999999995,26.465249999999997,27.80855164735645,25.121948352643546
2024-04-29,63,27.583,27.65,28.033,27.334,135467026,3914553087.2,0.02832,0.2203446271973739,0.11203542878082952,0.10830919841654439,67.55596613831696,60.68146733984304,81.3049637352648,64.69158233115334,58.46510522959516,27.0296,26.9903,26.4997,27.929113586055863,25.07028641394414
2024-04-30,63,27.736,27.449,27.861,27.334,85395338,2460126043.99,0.01785,0.2481841136162295,0.13926516574790954,0.10891894786831996,69.25276743335105,63.53856737101238,80.68116755802842,59.82836142041512,56.4099914266867,27.2536,27.093700000000002,26.5442,28.03546291938676,25.05293708061324
2024-05-01,63,27.449,27.449,27.449,27.449,0,0.0,0.0,0.2671673680627258,0.1648456062108728,0.10232176185185299,70.38396829670711,65.82036767957729,79.51116953096675,59.82836142041512,56.4099914266867,27.336000000000002,27.0631,26.6136,28.13897917978001,25.088220820219995
2024-05-02,63,27.449,27.449,27.449,27.449,0,0.0,0.0,0.2789956458420306,0.18767561413710437,0.09132003170492625,71.13810220561115,67.59294585492191,78.22841490698963,59.828361420415106,56.4099914266867,27.5026,27.064100000000003,26.683,28.228684110166792,25.137315889833207
2024-05-03,63,27.449,27.449,27.449,27.449,0,0.0,0.0,0.28508337748288426,0.20715716680626037,0.07792621067662389,70.98140347944812,68.72243172976397,75.49934697881642,59.828361420415106,56.4099914266867,27.4892,27.125399999999996,26.7524,28.305119637824312,25.19968036217569
2024-05-06,63,27.765,27.516,28.033,27.449,117710751,3408429243.86,0.02461,0.29194888372591166,0.22411551019019063,0.06783337353572103,71.12782712154836,69.52423019369209,74.33502097726091,61.81262672917185,57.12155088868075,27.462400000000002,27.246000000000002,26.843349999999997,28.348130770883945,25.33856922911605
2024-05-07,63,27.506,27.2,27.736,27.066,90780660,2591115247.8,0.01898,0.2687928115946576,0.23305097047108406,0.035741841123573564,62.62742869896083,67.225296362115,53.43169337265246,48.307752318996634,52.695667242030716,27.412599999999998,27.3331,26.9099,28.349563542564894,25.470236457435107
2024-05-08,63,26.999,26.453,27.037,26.405,89707499,2497664640.85,0.01875,0.18799768030556407,0.22404031243798006,-0.036042632132415986,42.734420115441495,59.061670946557165,10.079918453210169,29.823898418152325,43.91992814564007,27.2134,27.274700000000003,26.964450000000006,28.22921517063174,25.699684829368273
2024-05-09,63,26.367,26.875,27.056,26.348,65836054,1839554902.08,0.01376,0.15621804547443574,0.2104758590452712,-0.05425781357083545,38.91493487419147,52.346092255768596,12.052620111037214,44.27758734353756,49.13988096300797,27.098599999999998,27.300600000000003,27.027200000000004,28.124560584599514,25.929839415400494
2024-05-10,63,26.903,26.798,27.095,26.425,70704328,1972334859.05,0.01478,0.12339675840760833,0.19306003891773862,-0.0696632805101303,34.84536706746293,46.512517193000036,11.51106681638872,42.36695874089281,48.245986914316966,26.968399999999995,27.2288,27.076500000000003,28.022089540418236,26.13091045958177
2024-05-13,63,26.597,27.372,27.727,26.434,113432714,3230475095.79,0.02371,0.14206501773236724,0.18286103468066436,-0.040796016948297126,43.487415829347185,45.50415007178242,39.45394734447672,58.41791741092515,54.91543046767105,26.939600000000002,27.201,27.09565,28.049257284280362,26.142042715719636
2024-05-14,63,27.382,27.468,27.554,26.999,80080910,2286034185.8,0.01674,0.16273029193002841,0.1788348861305372,-0.016104594200508776,51.147891462888225,47.38539720215102,58.67287998436264,60.61909804981586,55.9511170992113,26.9932,27.2029,27.1483,28.05898651952419,26.237613480475808
2024-05-15,63,27.363,26.98,27.439,26.951,58102065,1649667042.28,0.01215,0.13813778263270038,0.17069546543096983,-0.032557682798269455,46.60106710780086,47.12395383736763,45.5552936486673,45.822598223579256,49.62886336325801,27.098599999999998,27.156,27.109550000000002,27.976440504832883,26.24265949516712
2024-05-16,63,27.21,27.315,27.65,27.171,104019922,2980774477.86,0.02175,0.14401957412188438,0.16536028716915277,-0.021340713047268395,50.196952750403355,48.14828680837954,54.294284634451,54.892533527262756,53.55875486905334,27.1866,27.142599999999998,27.10335,27.962054599658504,26.244645400341494
2024-05-17,63,27.315,27.143,27.315,26.731,81893839,2306484429.34,0.01712,0.13326576888837494,0.15894138351299722,-0.025675614624622284,52.55685418710849,49.61780926795585,58.434944025413785,49.760005587939965,51.31628696549127,27.255599999999998,27.112000000000002,27.118699999999997,27.968208613382764,26.26919138661723
2024-05-20,63,26.616,26.645,26.942,26.233,111337609,3092217558.32,0.02328,0.0835952289602595,0.14387215260244968,-0.06027692364219017,44.230227646381095,47.82194872743092,37.04678548428146,37.55860593749773,45.322527119297696,27.110200000000003,27.024900000000002,27.135450000000002,27.92920098176545,26.341699018234554
2024-05-21,63,26.568,26.243,26.702,26.09,86312331,2371162819.44,0.01804,0.011658535524155411,0.11742942918679082,-0.10577089366263541,32.602273531714836,42.748723662192226,12.309373270760048,30.349804191928783,41.09560044244042,26.865199999999998,26.9292,27.131149999999998,27.943997956263026,26.31830204373697
2024-05-22,63,26.147,26.31,26.501,26.042,54309821,1494014861.75,0.01135,-0.03949025318531696,0.08604549271236926,-0.12553574589768624,27.03653052460509,37.51132594966318,6.086939674488903,32.92462335865444,42.07778492667615,26.7312,26.9149,27.094800000000003,27.986566455148044,26.203033544851962
2024-05-23,63,26.329,25.85,26.377,25.783,65736144,1780503813.48,0.01374,-0.11580921581313319,0.04567455100726876,-0.16148376682040194,19.173187702274454,31.398613200533603,-5.277663294243844,25.23789144509226,37.406235679227834,26.438200000000002,26.812400000000004,27.0565,28.08946863966304,26.02353136033696
2024-05-24,63,25.764,25.659,26.109,25.64,46294546,1248856057.32,0.00968,-0.18951997894532013,-0.0013643549832490281,-0.1881556239620711,13.097216345463208,25.298147582176803,-11.304646127963984,22.60798902678154,35.61518700891072,26.141399999999997,26.698500000000003,26.963649999999994,28.145780863715338,25.78151913628465
2024-05-27,63,25.754,26.099,26.109,25.505,52767764,1423828137.52,0.01103,-0.21001108990136075,-0.04309370196687139,-0.16691738793448935,17.96224679441139,22.85284731958833,8.181045744057506,39.91596278776615,42.53045493519299,26.0322,26.571199999999997,26.8861,28.082064424748573,25.690135575251425
2024-05-28,63,26.032,25.831,26.31,25.802,44785850,1215119872.99,0.00936,-0.24505100771704846,-0.08348516311690682,-0.16156584460014164,17.040876262319333,20.915523633832,9.291581519294006,34.30795850932404,39.6973797946176,25.9498,26.4075,26.805200000000003,28.05836905231707,25.552030947682937
2024-05-29,63,25.831,25.668,26.032,25.592,37502541,1010130406.74,0.00784,-0.28271417970691815,-0.12333096643490911,-0.15938321327200905,14.362425795505708,18.731157687723233,5.624962011070657,31.11718428203214,38.017111795679384,25.8214,26.2763,26.71615,28.028416223792384,25.403883776207614
2024-05-30,63,25.62,25.707,25.898,25.381,41573878,1113854218.87,0.00869,-0.30588943776500344,-0.159842660700928,-0.14604677706407543,16.536300092583573,17.999538489343344,13.609823299064033,32.90872021879888,38.69441374771632,25.7928,26.115499999999997,26.62905,27.96749284623313,25.290607153766867
2024-05-31,63,25.735,25.812,26.166,25.687,49763836,1348898782.94,0.0104,-0.31218470333455883,-0.1903110692276542,-0.12187363410690463,21.89979935518694,19.299625444624542,27.10014717631173,38.10923595630516,40.600772225155886,25.823400000000003,25.982400000000002,26.547199999999997,27.87468699666583,25.219713003334164
2024-06-03,63,25.726,26.07,26.31,25.668,60288705,1638276674.85,0.0126,-0.2929780344407966,-0.21084446227028272,-0.0821335721705139,35.10581861774365,24.56835650233091,56.18074284856913,49.62315036402115,45.17096083164126,25.8176,25.9249,26.474899999999998,27.73607353870827,25.213726461291728
2024-06-04,63,25.946,26.099,26.166,25.802,42192050,1144583686.3,0.00882,-0.27227790314863753,-0.2231311504459537,-0.049146752702683844,47.43333021638067,32.19001440701416,77.91996183511367,50.85632427208827,45.68341219945618,25.871199999999998,25.910500000000003,26.419849999999997,27.64331140110798,25.196388598892014
2024-06-05,63,26.099,26.003,26.329,25.984,49576304,1354755221.25,0.01036,-0.26061508913741704,-0.23062793818424637,-0.02998715095317067,53.49282492625095,39.290951246759754,81.89657228523335,46.349289728759636,44.19183461219872,25.938200000000002,25.8798,26.39735,27.634716860461978,25.15998313953802
2024-06-06,63,26.137,26.08,26.405,25.879,69035579,1886852048.93,0.01443,-0.24236513412420635,-0.23297537737223842,-0.009389756751967931,58.41578953416722,45.66589734256224,83.91557391737716,50.565987910694446,45.741934457426225,26.0128,25.902799999999996,26.3576,27.58136251566142,25.13383748433858
2024-06-07,63,26.09,25.649,26.147,25.467,68027226,1828564080.17,0.01422,-0.25968650687313044,-0.23831760327241683,-0.021368903600713612,47.66781802277815,46.33320423596754,50.33704559639938,33.09474318265664,39.10889503334632,25.980200000000004,25.901799999999998,26.300150000000002,27.544567136866675,25.05573286313333
2024-06-10,63,25.649,25.649,25.649,25.649,0,0.0,0.0,-0.2702979925667499,-0.24471368113128347,-0.02558431143546644,40.50250368185211,44.38963738459573,32.72823627636487,33.09474318265664,39.10889503334632,25.895999999999997,25.8568,26.214,27.382212669896372,25.045787330103625
2024-06-11,63,25.525,25.783,25.841,25.391,38279820,1027216239.78,0.008,-0.2648420569413332,-0.24873935629329344,-0.016102700648039786,40.08760662123476,42.95562713014207,34.351565603420156,42.05769637662195,42.20958615556361,25.832800000000002,25.851999999999997,26.12975,27.150967823045814,25.10853217695419
2024-06-12,63,25.716,26.348,26.472,25.687,87587160,2403781248.7,0.01831,-0.2124780953323402,-0.2414871041011028,0.029009008768762612,56.23478430931525,47.38201285653312,73.94032721487952,65.46576628193839,53.17683356379712,25.901799999999998,25.919999999999998,26.098149999999997,27.04499457125044,25.151305428749552
2024-06-13,63,26.377,26.52,26.808,26.271,73802045,2046682173.97,0.01543,-0.1553099989682316,-0.22425168307452858,0.06894168410629697,64.04831303989636,52.937446250987534,86.270046617714,69.90693717780948,55.952887139183225,25.989800000000002,26.001300000000004,26.0584,26.84299869729095,25.27380130270905
2024-06-14,63,26.386,26.635,26.865,26.338,79428600,2211502895.92,0.01661,-0.09957647618760035,-0.19931664169714294,0.0997401655095426,70.83094229796806,58.901944933314375,94.68893702727543,72.7215460545338,57.77870143983668,26.187,26.0836,26.032999999999998,26.692710303248106,25.37328969675189
2024-06-17,63,26.549,26.568,26.76,26.511,58959563,1639066876.22,0.01233,-0.06012056544849642,-0.17147742644741365,0.11135686099891723,73.83754362153101,63.88047782938658,93.75167520581988,68.25816005292975,56.29557246248572,26.370800000000003,26.1334,26.029149999999998,26.67456598988651,25.383734010113486
2024-06-18,63,26.539,27.114,27.258,26.52,95548466,2699948008.61,0.01998,0.01503287533511255,-0.1341753660909084,0.14920824142602096,79.98739294461649,69.24944953446321,101.46327976492304,80.1639055945265,64.4158997427978,26.637,26.2349,26.072700000000005,26.876886964384152,25.268513035615857
2024-06-19,63,27.114,27.028,27.238,26.913,65655679,1857414938.97,0.01373,0.0668820625549209,-0.09396388036174254,0.16084594291666343,82.55185239335796,73.68358382076146,100.28838953855097,74.85697022282704,62.42299265236278,26.773000000000003,26.337400000000002,26.108600000000003,27.015000027872624,25.20219997212738
2024-06-20,63,26.961,26.3,27.104,26.281,79433802,2203923902.73,0.01661,0.04866838231340154,-0.06543742782671372,0.11410581014011525,71.26381303995694,72.87699356049328,68.03745199888428,44.7580770914438,48.551626204423336,26.729000000000003,26.3594,26.131099999999996,27.032800125202737,25.229399874797256
2024-06-21,63,26.166,26.769,26.875,26.109,67651793,1877631992.28,0.01414,0.07125688488983783,-0.0380985652834034,0.10935545017324123,72.11195820232086,72.6219817744358,71.091911058091,57.85770988007053,55.5011281987723,26.7558,26.4714,26.1866,27.10248126097856,25.270718739021437
2024-06-24,63,26.616,25.85,26.875,25.831,76508079,2104053998.78,0.01599,0.014831844060662291,-0.02751248341459026,0.04234432747525255,51.53315779157483,65.5923737801488,23.414725814426873,37.145683123801746,43.066054863430935,26.6122,26.491500000000002,26.174150000000004,27.10173980839202,25.24656019160799
2024-06-25,63,25.85,25.333,25.965,25.17,70950119,1893748282.74,0.01483,-0.07078699811673062,-0.03616738635501834,-0.03461961176171228,36.957609664370395,56.04745240822266,-1.2220758233341371,29.915974544254368,37.86018967370976,26.256,26.446500000000004,26.149250000000002,27.14019742013633,25.158302579863673
2024-06-26,63,25.371,26.252,26.367,25.276,73206153,1974303736.94,0.0153,-0.06375005682418688,-0.04168392044885205,-0.022066136375334833,41.91171423346274,51.335539683302684,23.064063333782855,50.476358732886695,49.66021003160161,26.1008,26.436899999999998,26.178449999999998,27.14377437417149,25.213125625828507
2024-06-27,63,26.137,25.735,26.195,25.659,51393949,1393749626.7,0.01074,-0.09875245259983956,-0.053097626879049564,-0.04565482572078999,36.96093848003516,46.54400594888017,17.794803542345136,42.13219928562635,44.4768599224694,25.9878,26.3584,26.17985,27.14237262311135,25.217327376888647
2024-06-28,63,25.735,26.779,27.047,25.726,129760469,3621765891.63,0.02713,-0.04176854669643859,-0.050831810842527365,0.009063264146088774,50.32708797775013,47.80503329183682,55.37119734957676,58.682878875666546,54.85676119974821,25.989799999999995,26.3728,26.228199999999998,27.209879463176346,25.24652053682365
2024-07-01,63,26.779,26.942,27.047,26.654,69433289,1949631171.0,0.01452,0.016355807463739325,-0.03739428718127403,0.053750094645013353,62.113609909086804,52.57455883092015,81.19171206542013,60.784272828744236,56.24983637096283,26.208199999999998,26.410200000000003,26.271800000000002,27.300239103435313,25.243360896564692
2024-07-02,63,26.903,26.549,27.009,26.425,60124353,1678013588.99,0.01257,0.03035801305973962,-0.023843827133071295,0.054201840192810914,65.17673959468247,56.775285752174256,81.9796472796989,52.987153097956494,52.02700112288933,26.4514,26.353699999999996,26.2943,27.326504406521906,25.262095593478094
2024-07-03,63,26.549,26.539,26.76,26.243,49921638,1382471031.96,0.01044,0.04018472099894055,-0.011038117506668924,0.05122283850560947,67.76300487274695,60.43785879236515,82.41329703351056,52.780422606736394,51.91880702010365,26.508799999999997,26.3048,26.3211,27.349284480682783,25.29291551931722
2024-07-04,63,26.664,26.319,26.884,26.3,62647533,1739075087.28,0.0131,0.029875905612286147,-0.002855312882877908,0.032731218495164055,65.58023802029689,62.15198520167573,72.43674365753921,47.85169102653222,49.4507298013599,26.625600000000002,26.3067,26.333050000000004,27.354972331996283,25.311127668003724
2024-07-05,63,26.243,26.319,26.472,25.908,59566739,1630100271.73,0.01245,0.021458732239693745,0.002007496141636424,0.019451236098057323,64.12506011866353,62.809676840671656,66.75582667464727,47.85169102653221,49.4507298013599,26.5336,26.2617,26.36655,27.336669140811864,25.396430859188136
2024-07-08,63,26.233,26.042,26.434,25.946,50871496,1394300228.86,0.01064,-0.007477329317062242,0.00011053104989669011,-0.007587860366958932,57.16750667048868,60.928953450610656,49.64461311024472,40.92302520506111,46.16253245452882,26.3536,26.280900000000003,26.386200000000002,27.30993443438268,25.462465565617325
2024-07-09,63,26.003,27.641,27.66,25.955,194074782,5515876459.24,0.04057,0.0974927344697214,0.01958697173386164,0.07790576273585975,71.12849603453198,64.32880097858443,84.7278861464271,70.5057993062801,62.052566645640596,26.571999999999996,26.5117,26.4791,27.514389921255752,25.443810078744246
2024-07-10,63,27.573,27.621,27.909,27.439,116991513,3381645848.74,0.02446,0.17702776752808802,0.051075130892706926,0.1259526366353811,76.35471273274798,68.33743822997228,92.38926173829938,69.9798349171358,61.80366684753525,26.788400000000003,26.6486,26.54275,27.694123710423224,25.39137628957678
2024-07-11,63,27.937,27.88,28.349,27.593,130686794,3814025781.0,0.02732,0.2579850980720728,0.09245712432858012,0.1655279737434927,77.83199611651995,71.5022908588215,90.49140663191685,73.09843741085066,63.85203036744941,27.100600000000004,26.863100000000003,26.610750000000003,27.907883012698655,25.31361698730135
2024-07-12,63,27.573,27.401,27.679,27.21,80872601,2311898226.48,0.01691,0.2802623787196694,0.130018175206798,0.1502442035128714,72.27581661079479,71.76013277614592,73.30718428009254,59.4030919462798,57.618013781388235,27.317,26.9253,26.64905,27.993567205464686,25.304532794535312
2024-07-15,63,27.46,27.244,27.529,27.097,59446934,1653717121.34,0.01243,0.2819979988427761,0.16041413993399364,0.12158385890878246,66.42776685701216,69.98267746976799,59.31794563150049,55.32609573930607,55.674436681864115,27.5574,26.9555,26.682849999999995,28.05254059510419,25.3131594048958
2024-07-16,63,27.195,27.882,27.999,27.166,94241773,2653140327.47,0.0197,0.3310387496646676,0.19453906188012846,0.13649968778453916,71.24134341061497,70.40223278338365,72.91956466507762,66.52845097796876,61.44055848816719,27.6056,27.0888,26.721249999999998,28.181879118241078,25.260620881758918
2024-07-17,63,27.715,27.45,27.99,27.362,76451795,2155203043.25,0.01598,0.3312269305118498,0.22187663560647275,0.10935029490537707,68.55117281587084,69.78521279421271,66.0830928591871,55.26761852480234,56.05426696233836,27.5714,27.179899999999996,26.74235,28.233510237074697,25.2511897629253
2024-07-18,63,27.156,27.254,27.274,26.558,94120986,2584506422.49,0.01968,0.3119643721384193,0.23989418291286205,0.07207018922555727,63.84476856055976,67.80506471632839,55.92417624902248,50.604211545633135,53.72318605851836,27.446199999999997,27.2734,26.790049999999997,28.282664163843535,25.29743583615646
2024-07-19,63,27.068,27.568,27.774,27.029,80784591,2268513697.01,0.01689,0.3183659076334493,0.2555885278569795,0.0627773797764698,65.02210413087724,66.87741118784467,61.31149001694237,57.498530015194724,56.858668355377446,27.479599999999998,27.3983,26.830000000000002,28.362480205075567,25.297519794924437
2024-07-22,63,27.578,27.333,27.666,27.176,60021579,1674727792.05,0.01255,0.30100681541292573,0.2646721853681687,0.03633463004475701,57.77204113098866,63.84228783555933,45.63154772184731,51.09395390567598,53.87822445121299,27.4974,27.5274,26.904149999999998,28.379419720210336,25.42888027978966
2024-07-23,63,27.431,26.577,27.45,26.558,64989194,1784077865.83,0.01359,0.22366841762861256,0.2564714318202575,-0.03280301419164494,38.86831403893571,55.517629903351455,5.569682310104213,35.73002847174308,45.506739804655304,27.236400000000003,27.421000000000003,26.96635,28.255914312390246,25.67678568760975
2024-07-24,63,26.548,26.411,26.793,26.273,60260621,1628081386.32,0.0126,0.14728456275339852,0.2346340580068857,-0.08734949525348717,28.57733102788842,46.53753027819711,-7.343067472728961,33.10690462761717,43.873803121415065,27.0286,27.3,26.9743,28.247174095564425,25.701425904435574
2024-07-25,63,26.224,26.224,26.44,25.989,54939161,1467419852.94,0.01149,0.07084382673716405,0.2018760117529414,-0.13103218501577735,22.948734781444678,38.6745984459463,-8.502992547558563,30.117910662504173,42.02078419611963,26.8226,27.1344,26.998749999999994,28.187390953269958,25.81010904673003
2024-07-26,63,26.283,26.411,26.528,26.195,47004814,1263916575.74,0.00983,0.025064403057925233,0.16651369001393818,-0.14144928695601294,22.297498146170433,33.21556501268768,0.46136441313595355,36.94885411647286,44.57450106337958,26.591200000000004,27.0354,26.980349999999998,28.194434758161904,25.76626524183809
2024-07-29,63,26.469,26.146,26.499,26.146,39658525,1061166750.69,0.00829,-0.032227902138725284,0.12676537158340548,-0.15899327372213076,17.480357751286704,27.970495925554015,-3.4999185972479196,31.682399057250194,41.73284673879855,26.3538,26.925599999999996,26.940549999999995,28.210817021245614,25.670282978754376
2024-07-30,63,26.028,26.244,26.264,25.606,49749298,1315840139.57,0.0104,-0.06893010248208853,0.08762627677030667,-0.15655637925239518,21.462919927672043,25.801303926260022,12.786151930496082,35.74659821592991,43.19384242236406,26.287200000000002,26.7618,26.9253,28.222399290117036,25.628200709882965
2024-07-31,63,26.087,26.891,26.989,26.087,81429742,2213577775.06,0.01702,-0.04528732380544298,0.06104355665515674,-0.10633088046059971,34.06568585584036,28.5560979027868,45.08486176194747,56.32896490546399,51.88321636923372,26.3832,26.705900000000003,26.942899999999998,28.227420783057372,25.658379216942624
2024-08-01,63,26.891,26.636,26.989,26.626,56144256,1532582088.67,0.01174,-0.04658956474191456,0.039516932375742476,-0.08610649711765703,39.37712390389354,32.163106569822375,53.80515857203588,48.917847842064916,48.68150948343663,26.465600000000002,26.6441,26.958750000000002,28.218439330957192,25.69906066904281
2024-08-02,63,26.352,26.097,26.548,26.058,55821851,1495257292.77,0.01167,-0.09007605476630332,0.013598334947333313,-0.10367438971363663,35.12704861850314,33.15108725271596,39.078971350077495,36.67775993374753,42.61725647166776,26.402800000000003,26.497000000000003,26.94765,28.23469071419713,25.66060928580287
2024-08-05,63,25.989,25.332,26.126,25.332,72920366,1909230721.05,0.01524,-0.18414579988779067,-0.0259504920196915,-0.15819530786809918,23.418032412335425,29.90673563925578,10.44062595849472,25.71787150263573,35.726525569063966,26.24,26.2969,26.912150000000004,28.336241108114788,25.48805889188522
2024-08-06,63,25.646,25.548,25.763,25.351,43029242,1119120586.4,0.009,-0.238517870283399,-0.06846396767243301,-0.17005390261096598,19.957223780824652,26.5902316864454,6.691207969583161,32.54718387234739,38.775714967292764,26.1008,26.194,26.807499999999997,28.311447017544175,25.30355298245582
2024-08-07,63,25.557,25.538,25.812,25.43,36628521,958326135.57,0.00766,-0.2791966391656153,-0.11061050197106949,-0.16858613719454585,17.448851259234125,23.543104877374972,5.260344022952431,32.38178940532414,38.68303029440829,25.8302,26.1067,26.70335,28.257747669771337,25.148952330228663
2024-08-08,63,25.322,25.42,25.597,25.008,40127129,1034292476.25,0.00839,-0.31729884681789144,-0.1519481709404339,-0.16535067587745755,18.565093166596974,21.883767640448973,11.927744218892975,30.208115246868175,37.52830771944506,25.587,26.026300000000003,26.58035,28.132029874065537,25.02867012593446
2024-08-09,63,25.597,25.312,25.734,25.312,30775534,799867348.39,0.00643,-0.35215044715151933,-0.191988626182651,-0.16016182096886833,17.49199043009547,20.41984190366447,11.63628748295747,28.133932427869382,36.44215345859685,25.43,25.9164,26.475900000000003,28.075483748486516,24.87631625151349
2024-08-12,63,25.214,25.057,25.273,24.959,29287700,749312878.0,0.00612,-0.395784601861326,-0.23274782131838603,-0.16303678054294,13.270522355695814,18.036735387674916,3.7380962917376053,23.55199835205906,33.91392903690836,25.375,25.807499999999997,26.36655,28.042247809084188,24.690852190915813
2024-08-13,63,25.116,25.342,25.342,24.969,25599538,656342535.68,0.00535,-0.4027254968406666,-0.2667433564228422,-0.13598214041782442,15.136013261761065,17.069828012370298,11.268383760542598,37.25675421615183,39.06799857333731,25.3338,25.7173,26.239549999999998,27.813573269406366,24.66552673059363
2024-08-14,63,25.391,25.224,25.45,25.224,24401391,630417073.69,0.0051,-0.41298716103428035,-0.2959921173451298,-0.11699504368915054,15.649727322399148,16.596461115713247,13.756259735770954,34.209747393283976,37.73860997659809,25.270999999999997,25.5506,26.12825,27.65601119310547,24.600488806894532
2024-08-15,63,25.155,25.479,25.577,25.067,34303744,889179676.57,0.00717,-0.39597863969270364,-0.3159894218146446,-0.07998921787805902,25.286050719931303,19.49299098378593,36.87217019222206,45.72137356882403,42.362255169302465,25.282799999999998,25.434900000000003,26.039499999999997,27.4964932268748,24.582506773125193
2024-08-16,63,25.479,25.538,25.714,25.361,37949028,988179858.51,0.00793,-0.37343374531177886,-0.3274782865140715,-0.04595545879770735,39.48339293794558,26.156458301839145,66.13726221015845,48.23612454273428,43.422748461373104,25.328,25.378999999999998,25.938,27.21883722619276,24.657162773807237
2024-08-19,63,25.538,25.656,25.871,25.342,42274861,1107628789.07,0.00884,-0.34210160589296734,-0.33040295038985074,-0.011698655503116606,51.797408157460794,34.703441587046356,85.98534129828968,53.41594458303822,45.60632251068259,25.447799999999997,25.4114,25.854150000000004,26.957777182474192,24.750522817525816
2024-08-20,63,25.646,25.126,25.656,25.047,42506239,1093726278.68,0.00889,-0.3559342418936957,-0.3355092086906198,-0.020425033203075926,40.635406607897906,36.68076326066354,48.54469330236664,34.700539734266385,38.353409357495984,25.4046,25.3692,25.781599999999997,26.87588051825515,24.687319481744844
2024-08-21,63,25.038,24.773,25.224,24.773,32999122,841675946.45,0.0069,-0.3908750907046006,-0.346582385093416,-0.04429270561118459,27.090271071931937,33.48393253108634,14.302948153623134,27.10910892758011,34.38067752160627,25.3144,25.2927,25.6997,26.83986288771715,24.55953711228285
2024-08-22,63,24.743,23.616,24.763,23.302,102061914,2479321836.0,0.02134,-0.5060922789102342,-0.3784843638567797,-0.12760791505345453,22.134398957776863,29.700754673316514,7.001687526697559,14.571238545509118,25.08866101132091,24.941799999999997,25.1123,25.5693,27.013103179472132,24.125496820527864
2024-08-23,63,23.537,23.91,23.969,23.488,42638485,1032273199.82,0.00891,-0.5671417308786388,-0.41621583726115163,-0.1509258936174872,22.645198111464587,27.348902486032536,13.237789362328684,25.129970285226833,30.30985067286109,24.6162,24.9721,25.44425,27.00924630065181,23.87925369934819
2024-08-26,63,23.91,23.959,24.145,23.841,30161627,737690569.88,0.00631,-0.6046005125532723,-0.45389277231957587,-0.15070774023369643,23.62151652999936,26.106440500688144,18.651668588621803,26.936065723665664,31.181941336718538,24.2768,24.8623,25.3349,26.996106270661606,23.673693729338396
2024-08-27,63,23.831,23.439,23.841,23.39,31666559,759533919.49,0.00662,-0.6685400080242481,-0.49682221946051036,-0.1717177885637377,17.525282461546226,23.246054487640837,6.083738409357004,20.60592555883619,27.23616849855547,23.9394,24.672,25.19465,27.000063062519775,23.389236937480224
2024-08-28,63,23.39,23.527,23.733,23.361,25020052,599788293.25,0.00523,-0.7039964217633425,-0.5382570599210769,-0.16573936184226568,14.602945541381168,20.365018172220946,3.0788002797016105,24.222361724419258,28.897221126041373,23.6902,24.502299999999998,25.02645,26.79282189563395,23.260078104366052
2024-08-29,63,23.341,23.851,24.018,23.272,37961315,919613779.09,0.00794,-0.6979067582054945,-0.5701869995779604,-0.12771975862753415,17.16123007876098,19.29708880773429,12.889512620814358,36.91768879761468,34.86903476569658,23.7372,24.339499999999997,24.8872,26.555703975359588,23.218696024640412
2024-08-30,63,23.822,24.351,24.645,23.782,59640405,1485464727.3,0.01247,-0.6452962610225015,-0.5852088518668687,-0.06008740915563282,26.527509090538643,21.707228902002406,36.16806946761112,51.85468055326276,42.93738752566776,23.825400000000002,24.2208,24.7999,26.38237107232269,23.21742892767731
2024-09-02,63,24.39,23.733,24.488,23.723,40214437,984370936.63,0.00841,-0.6460225522777385,-0.5973715919490427,-0.04865096032869587,25.557273819921964,22.99057720797559,30.690667043814713,38.376744482664186,36.79189672800192,23.7802,24.0285,24.71995,26.350082377576236,23.089817622423766
2024-09-03,63,23.635,23.89,24.057,23.635,23462577,570503805.74,0.00491,-0.6267052869959073,-0.6032383309584156,-0.023466956037491715,30.854413264253825,25.611855893401668,41.339528005958144,42.90108909383247,39.20346479062196,23.8704,23.9049,24.63705,26.258487111103744,23.015612888896253
2024-09-04,63,23.655,23.763,23.949,23.557,24164620,585033348.2,0.00505,-0.614559790983126,-0.6055026229633578,-0.009057168019768191,32.489977864443134,27.904563217082153,41.660807159165095,40.04700726817574,37.926547678726145,23.9176,23.803900000000002,24.5483,26.156355262208702,22.9402447377913
2024-09-05,63,23.733,23.978,24.096,23.733,25353588,618938627.96,0.0053,-0.5808895614462379,-0.6005800106599338,0.019690449213695893,38.800067787269015,31.536398073811107,53.32740721418483,47.184931520216715,41.4486232228542,23.943,23.8401,24.4762,26.048604206772225,22.903795793227772
2024-09-06,63,23.998,23.625,24.018,23.576,24857865,602427915.64,0.0052,-0.5760494720774965,-0.5956739029434464,0.019624430865949893,34.436753130332804,32.50318309265167,38.303893205695076,38.21962770215673,37.62484822028696,23.797800000000002,23.8116,24.391849999999998,25.95644798435026,22.827252015649737
2024-09-09,63,23.488,23.076,23.576,22.88,47425204,1120739838.09,0.00991,-0.6094875847136407,-0.5984366392974853,-0.011050945416155478,26.65944070822945,30.555268964510926,18.867784195666495,28.2146651391199,32.53282680554187,23.6664,23.723300000000002,24.2928,25.929269962096292,22.656330037903707
2024-09-10,63,23.096,23.4,23.478,22.851,39966612,943345009.37,0.00836,-0.6028936549019122,-0.5993280424183707,-0.0035656124835414804,27.973629368474022,29.694722432498622,24.53144324042482,39.44151531622561,37.94020823777692,23.568400000000004,23.7194,24.1957,25.80019134094243,22.591208659057568
2024-09-11,63,23.243,23.331,23.439,23.194,22323900,530660988.11,0.00467,-0.5963611611189172,-0.59873466615848,0.0023735050395627955,27.56770385991914,28.985716241638794,24.73167909647983,37.925717326518175,37.2466634572152,23.482,23.699800000000003,24.10105,25.673141931824162,22.52895806817584
2024-09-12,63,23.4,23.263,23.655,23.243,24012030,574110481.45,0.00502,-0.5898714732704811,-0.5969620275808802,0.0070905543103991775,26.767799315287213,28.2464105995216,23.810576746818434,36.27694928521671,36.528772863046306,23.339,23.641000000000002,23.99025,25.462630510745242,22.517869489254757
2024-09-13,63,23.214,23.086,23.449,23.076,22206040,526412422.26,0.00464,-0.5921844360870061,-0.5960065092821054,0.003822073195099307,24.13703354620216,26.87661824841512,18.657864141776244,31.9398072261516,34.63329955889034,23.231199999999998,23.5145,23.86765,25.19897846593615,22.536321534063852
2024-09-16,63,23.086,23.086,23.086,23.086,0,0.0,0.0,-0.5872480458596421,-0.5942548165976128,0.007006770737970736,22.38318970014546,25.378808732325233,16.391951635785915,31.9398072261516,34.63329955889034,23.2332,23.449800000000003,23.739150000000002,24.815362124464087,22.662937875535917
2024-09-17,63,23.086,23.086,23.086,23.086,0,0.0,0.0,-0.5766882182358231,-0.5907414969252549,0.014053278689431847,21.213960469440995,23.990525978030483,15.660829452262021,31.9398072261516,34.63329955889034,23.170399999999997,23.3694,23.637150000000002,24.531197749814726,22.743102250185277
2024-09-18,63,23.135,23.194,23.253,22.9,23307994,548063221.55,0.00487,-0.553227518892534,-0.5832387013187107,0.03001118242617673,23.93984111273214,23.973631022931034,23.87226129233435,39.55884102489079,37.214136877926244,23.142999999999997,23.3125,23.5582,24.294955504686335,22.821444495313663
2024-09-19,63,23.321,23.469,23.714,23.057,40803412,975592494.51,0.00853,-0.5066047200464467,-0.5679119050642579,0.06130718501781118,39.83011423737965,29.259125427747236,60.97209185664447,54.963749853627434,43.41951476251398,23.184199999999997,23.2616,23.55085,24.28811044102213,22.81358955897787
2024-09-20,63,23.488,23.694,23.861,23.488,45620093,1101092483.47,0.00954,-0.44635489508103987,-0.5436005030676143,0.09724560798657444,54.37519166980421,37.63114750843289,87.86327999254684,63.977927542463725,48.00617449057961,23.305799999999998,23.2685,23.54005,24.261313066105377,22.818786933894625
2024-09-23,63,24.018,24.42,24.763,23.92,93792149,2345331322.58,0.01961,-0.3361494208764526,-0.502110286629382,0.16596086575292934,63.44640618387736,46.236233733581045,97.86675108447,79.70582444311987,59.5487859820062,23.5726,23.4029,23.5631,24.365624149498146,22.76057585050185
2024-09-24,63,24.498,24.93,24.94,24.155,92258309,2316808696.03,0.01929,-0.20529157731585457,-0.44274654476667646,0.2374549674508219,75.46753876310774,55.980002076756605,114.44261213581001,85.16570986063151,65.43007890487748,23.9414,23.5559,23.63765,24.64301189347096,22.632288106529042
2024-09-25,63,25.195,24.989,25.597,24.9,98413307,2537530465.05,0.02057,-0.09572156794711262,-0.3733415494027637,0.2776199814556511,76.13050353333372,62.69683589561564,102.99783880876988,85.699803258744,66.05297184304796,24.300400000000003,23.7217,23.710749999999997,24.88127446634711,22.540225533652883
2024-09-26,63,24.949,25.793,25.793,24.871,91092698,2356644030.26,0.01904,0.05535147720442879,-0.2876029440813252,0.342954421285754,84.08700235555581,69.82689138226236,112.60722430214273,90.99912627815053,73.22493631405798,24.7652,23.9747,23.80785,25.30420575210025,22.31149424789975
2024-09-27,63,26.146,28.107,28.235,26.126,191391162,5290243992.36,0.04001,0.35767535614419543,-0.15854728403622104,0.5162226401804164,88.59158482560326,76.08178919670932,113.61117608339114,96.05202873796965,83.90277344144144,25.6478,24.4768,23.99565,26.42866565313963,21.562634346860374
2024-09-30,63,29.01,30.549,30.775,28.46,286947790,8701519423.66,0.05999,0.7852661404286891,0.030215400856761054,0.7550507395719281,91.43777612712175,81.20045150684679,111.91242536767166,97.69248428069818,88.9678323319632,26.8736,25.2231,24.33645,28.138733329236636,20.534166670763362
2024-10-01,63,30.549,30.549,30.549,30.549,0,0.0,0.0,1.111324263267779,0.2464371733389647,0.8648870899288141,93.31577750273178,85.23889350547512,109.46954549724512,97.69248428069818,88.9678323319632,27.9974,25.9694,24.6694,29.367704258481407,19.971095741518592
2024-10-02,63,30.549,30.549,30.549,30.549,0,0.0,0.0,1.3541182425489176,0.4679733871809554,0.8861448553679622,94.5100471764701,88.32927806247343,106.87158540446342,97.69248428069818,88.9678323319632,29.1094,26.7049,25.0087,30.365396629355516,19.652003370644486
2024-10-03,63,30.549,30.549,30.549,30.549,0,0.0,0.0,1.5289098987657788,0.6801606894979202,0.8487492092678586,95.24107691657696,90.63321101384128,104.45680872204832,97.69248428069818,88.9678323319632,30.0606,27.4129,25.33725,31.20905818111345,19.465441818886553
2024-10-04,63,30.549,30.549,30.549,30.549,0,0.0,0.0,1.6484314539355083,0.8738148423854379,0.7746166115500703,95.68941885072906,92.31861362613719,102.43102929991278,97.69248428069818,88.9678323319632,30.549,28.098399999999998,25.68345,31.934421679414605,19.432478320585396
2024-10-07,63,30.549,30.549,30.549,30.549,0,0.0,0.0,1.723288154379759,1.0437095047843024,0.6795786495954566,95.8503081407751,93.4958451310165,100.5592341602923,97.69248428069818,88.9678323319632,30.549,28.7113,26.0571,32.54087842733218,19.573321572667815
2024-10-08,63,33.609,33.609,33.609,31.971,316587709,10762270256.24,0.06619,2.0064005190653766,1.2362477076405174,0.7701528114248593,97.23353876051672,94.74174300751656,102.21713026651707,99.09676569694294,93.37236087012892,31.161,29.579199999999997,26.56755,33.74128714468644,19.39381285531356
2024-10-09,63,33.217,31.432,33.58,31.128,269019865,8915458308.17,0.05624,2.0316834199550655,1.395334850103427,0.6363485698516385,88.45815586840807,92.64721396114706,80.08003968293008,65.2145280277959,71.28428303877041,31.3376,30.2235,26.9726,34.29025284198361,19.654947158016387
2024-10-10,63,32.167,31.04,32.413,30.589,171084858,5485898310.6,0.03577,1.9970682178606012,1.515681523654862,0.4813866942057392,75.67437619815279,86.9896013734823,53.04392584749374,60.72799921600803,68.1189199314434,31.4358,30.748199999999997,27.361449999999998,34.67562842923853,20.04727157076147
2024-10-11,63,30.706,29.265,30.971,28.853,166810005,5044328920.71,0.03487,1.8055939915146766,1.573664017226825,0.23192997428785156,53.33716473204578,75.77212249300345,8.467249210130433,44.20383254124656,55.86510721952366,31.178999999999995,30.864000000000004,27.670399999999994,34.7421638207765,20.598636179223494
2024-10-14,63,29.402,29.824,29.971,28.892,117696424,3539351137.2,0.02461,1.6795945949016051,1.5948501327617812,0.0847444621398239,42.36354856540646,64.63593118380444,-2.1812166713895067,49.40643425279972,58.43398747335946,31.034000000000002,30.791499999999996,28.007300000000004,34.7958041248152,21.21879587518481
2024-10-15,63,29.755,29.402,30.5,29.382,115544641,3531929673.58,0.02416,1.5280726221147098,1.5814946306323672,-0.05342200851765733,32.09013694660402,53.78733310473763,-11.304255369663196,45.55817421727815,55.761090336382345,30.1926,30.676800000000004,28.3231,34.72424127653082,21.92195872346918
2024-10-16,63,28.872,28.872,29.392,28.725,86121711,2546652668.91,0.018,1.3496656904769502,1.535128842601284,-0.18546315212433373,22.396700634345336,43.323788947940194,-19.45747599284438,40.77200910673458,52.47256639518095,29.680600000000005,30.5091,28.607,34.536605223390886,22.677394776609113
2024-10-17,63,29.127,28.882,29.588,28.872,86259528,2572798084.86,0.01803,1.195305095142782,1.4671640931095837,-0.2718589979668018,16.002659827756297,34.216745907878895,-20.4255123324889,40.91255622456946,52.53018993533625,29.249000000000002,30.342399999999998,28.87765,34.29152279515382,23.46377720484618
2024-10-18,63,28.882,30.284,31.02,28.764,171164415,5213426616.51,0.03578,1.1725860521300575,1.4082484849136787,-0.2356624327836212,21.308625525356486,29.914039113704757,4.097798348659943,57.77148600704155,59.95579464626274,29.452800000000003,30.315900000000006,29.207149999999995,34.066406528577964,24.347893471422022
2024-10-21,63,30.539,31.098,31.667,30.314,164232532,5193693619.8,0.03433,1.206357901027431,1.3678703681364293,-0.16151246710899825,30.498232327580595,30.1087701849967,31.277156612748385,64.77402397486881,63.565653861117326,29.707600000000003,30.370799999999996,29.541050000000002,33.908091656726015,25.17400834327399
2024-10-22,63,29.912,29.5,30.02,29.206,225061818,6782707920.72,0.04705,1.0915938749381695,1.3126150694967775,-0.22102119455860803,27.336854812747145,29.184798394246847,23.640967649747736,46.57837281711157,53.27952699648944,29.7272,29.959899999999998,29.769550000000002,33.56104072057573,25.978059279424276
2024-10-23,63,29.431,30.088,31.157,29.235,202578848,6202214277.15,0.04235,1.0361452063504224,1.2573210968675066,-0.2211758905170842,33.66757916589668,30.679058651463457,39.644620194763135,52.4733934299819,56.129193811632646,29.9704,29.825499999999998,30.0245,33.07601975941605,26.97298024058395
2024-10-24,63,30.5,30.942,31.854,30.402,266349762,8447367330.56,0.05568,1.0490199508318163,1.2156608676603686,-0.1666409168285523,46.0628220326176,35.80697977851484,66.57450654082315,60.139468855552224,59.99524479329972,30.3824,29.815700000000003,30.281950000000002,32.614399579756565,27.94950042024344
2024-10-25,63,30.785,30.794,31.0,30.412,144530701,4523761983.27,0.03022,1.0353460902308385,1.1795979121744626,-0.14425182194362418,52.74966872058389,41.454542759204514,75.33992064334265,58.1875948582067,59.012082290514876,30.4844,29.9686,30.4163,32.51954632288711,28.31305367711289
2024-10-28,63,30.647,30.441,30.667,30.216,105450702,3268653140.9,0.02205,0.9846745915807134,1.1406132480557127,-0.15593865647499938,53.447046644658975,45.452044054355994,69.43705182526494,53.24176814191677,56.59875136640034,30.353,30.0303,30.410900000000005,32.51326617572759,28.308533824272427
2024-10-29,63,30.579,30.186,31.246,30.177,148437166,4623753453.95,0.03103,0.913411456267017,1.0951728896979736,-0.18176143343095652,50.971170255015366,47.29175278790912,58.330005189227876,49.58807194136593,54.83165068301644,30.490199999999998,30.1087,30.392749999999996,32.4963635201378,28.28913647986219
2024-10-30,63,29.912,29.667,30.294,29.284,133921875,4060229121.43,0.028,0.8057675587275988,1.0372918235038986,-0.23152426477629984,43.72188049363486,46.10179535648436,38.962050767935864,42.46988383844513,51.27703166912762,30.406,30.188200000000002,30.34865,32.475325416305246,28.221974583694752
2024-10-31,63,29.461,29.696,30.079,29.235,114645794,3471012502.37,0.02397,0.7145620257981129,0.9727458639627414,-0.25818383816462853,35.316097569774726,42.50656276091448,20.935167187495225,43.01833662403811,51.46881103200141,30.156799999999997,30.269600000000004,30.306,32.44990131351855,28.16209868648145
2024-11-01,63,29.49,29.029,29.814,29.029,101329245,3036429933.32,0.02118,0.5817535652317289,0.894547404216539,-0.31279383898481006,23.544065046516483,36.18573018944848,-1.7392652393475032,34.0572176631903,46.84259920228787,29.803800000000003,30.144099999999998,30.23,32.44424317591961,28.01575682408039
2024-11-04,63,29.157,29.716,29.843,29.147,77809651,2347032565.14,0.01627,0.5258751010816347,0.8208129435895581,-0.29493784250792343,23.802238054609823,32.05789947783559,7.290915208158282,47.559015835871136,51.71877264419703,29.658800000000003,30.005900000000004,30.188350000000003,32.40865754389454,27.96804245610547
2024-11-05,63,29.686,30.481,30.559,29.529,136879055,4219020209.0,0.02861,0.5371284399830536,0.7640760428682574,-0.22694760288520377,33.000902065905095,32.37223367385876,34.25823884999777,58.824485918405365,56.55942838711278,29.7178,30.104000000000003,30.031950000000002,31.57515002114582,28.488749978854184
2024-11-06,63,30.471,30.706,31.775,30.167,206571283,6494075414.78,0.04318,0.5577727546211086,0.7228153852188277,-0.16504263059771906,42.35748411579883,35.700650487838786,55.671151371718935,61.7263725340868,57.913308854337636,29.925599999999996,30.1658,29.99565,31.430539656495263,28.56076034350474
2024-11-07,63,30.294,31.236,31.265,30.206,146159772,4573964221.43,0.03055,0.6098698928176347,0.7002262867385892,-0.09035639392095451,55.028805870838475,42.143368948838685,80.79967971483805,68.08435874423512,61.034011583709756,30.233600000000003,30.1952,30.005450000000003,31.472684774741875,28.53821522525813
2024-11-08,63,31.726,32.148,33.256,31.589,248811831,8240081467.51,0.05201,0.7164887914865048,0.7034787876881724,0.013010003798332392,61.281722642699215,48.52282018012553,86.7995275678466,76.23592531518571,65.7950733045287,30.857400000000002,30.330600000000004,30.149600000000003,31.857314064566168,28.441885935433838
2024-11-11,63,32.226,35.365,35.365,31.893,255971423,8812997769.13,0.05351,1.0484837828483151,0.772479786720201,0.2760039961281141,74.1878150951328,57.07781848512795,108.40780831514252,88.58112736615638,76.73416977919577,31.9872,30.822999999999997,30.426650000000002,33.30713287435891,27.54616712564109
2024-11-12,63,35.365,34.129,35.708,33.688,343530058,12136871228.19,0.07182,1.1980469950793768,0.8575932283920362,0.3404537666873406,74.9114555093469,63.02236415986759,98.6896382083055,71.46455999737145,67.66416554963101,32.7168,31.2173,30.663,33.93816569287582,27.38783430712418
2024-11-13,63,33.786,34.757,35.551,33.756,271825742,9634274143.26,0.05683,1.3516700588492512,0.9564085944834794,0.3952614643657718,78.5280841789617,68.19093749956562,99.20237753775388,74.47210970794191,69.65242226229923,33.527,31.726300000000002,30.95725,34.59255546750978,27.321944532490214
2024-11-14,63,34.472,32.57,34.698,32.491,231945494,7905116607.81,0.04849,1.2821648232404712,1.0215598402348778,0.2606049830055934,69.74269778978487,68.7081909296387,71.8117115100772,51.70051318749658,56.462895080027664,33.7938,32.0137,31.141650000000006,34.70720452393582,27.57609547606419
2024-11-15,63,32.54,32.305,33.501,32.256,181613775,6071856722.8,0.03797,1.1919579882394018,1.0556394698357825,0.1363185184036193,61.47058635626916,66.29565607184885,51.82044692510976,49.499711900922065,55.0840839318905,33.8252,32.341300000000004,31.242700000000003,34.820444017203144,27.664955982796865
2024-11-18,63,32.697,31.667,32.864,31.452,140084364,4587320162.73,0.02928,1.0568049637999337,1.0558725686286128,0.0009323951713209322,50.00403284606719,60.86511499658829,28.28186854502499,44.0788062069001,51.764116557571384,33.0856,32.5364,31.27115,34.85309603238919,27.689203967610812
2024-11-19,63,31.834,31.873,31.991,30.745,133949243,4295289178.57,0.028,0.9553055291103227,1.0357591607249548,-0.08045363161463204,43.43537970665961,55.055203233278725,20.195732653421388,46.3550853905054,52.76685948994112,32.6344,32.6756,31.389799999999997,34.88077474549523,27.898825254504768
2024-11-20,63,31.589,31.775,32.03,31.501,107233935,3466756379.23,0.02242,0.8570788434804548,1.0000230972760549,-0.14294425379560005,35.87477862638882,48.661728364315415,10.300879150535621,45.30237202629754,52.203652958441815,32.038,32.7825,31.474149999999998,34.913831581040405,28.03446841895959
2024-11-21,63,31.638,31.667,32.05,31.383,86829308,2808178998.59,0.01815,0.7617379491153962,0.9523660676439231,-0.1906281185285269,30.1090101850719,42.47748897123424,5.3720526127472255,43.98149713270363,51.54226516236468,31.857400000000002,32.825599999999994,31.510399999999997,34.94173918309964,28.079060816900352
2024-11-22,63,31.589,30.353,32.118,30.334,132339216,4220449150.74,0.02767,0.5735393800360384,0.8766007301223462,-0.30306135008630775,20.190524839917686,35.04850092746205,-9.525427335171045,30.849267772939896,44.12271344354669,31.467000000000002,32.6461,31.488350000000004,34.94464989409137,28.032050105908635
2024-11-25,63,30.216,30.039,30.471,29.461,98406505,3001059404.67,0.02057,0.3945058643181838,0.7801817569615137,-0.3856758926433299,16.624006160383015,28.907002671769035,-7.9419868623890295,28.416221808659856,42.52683406849403,31.141399999999997,32.1135,31.46825,34.95473928383798,27.98176071616202
2024-11-26,63,30.402,29.824,30.539,29.775,64708378,1989273312.71,0.01353,0.23259064984615563,0.6706635355384422,-0.43807288569228653,13.393153874600724,23.735719739379597,-7.291977854957025,26.686833355579864,41.40811589749885,30.731600000000004,31.683,31.45015,34.96828277479033,27.932017225209673
2024-11-27,63,29.618,30.422,30.432,29.618,73732294,2259026553.92,0.01541,0.15078709833848336,0.5666882480984504,-0.41590114975996706,16.857812154024263,21.443083877594482,7.6872687068838275,39.064542353380965,45.739186146867674,30.461000000000002,31.2495,31.487900000000003,34.94107378958168,28.034726210418324
2024-11-28,63,30.432,30.147,30.696,30.108,66139865,2048253918.45,0.01383,0.0630403033015483,0.46595865913907,-0.40291835583752167,17.958102607531504,20.281423454240155,13.311460914114207,35.735138238626305,44.10367824669815,30.157,31.0072,31.510450000000002,34.91996859389365,28.10093140610635
2024-11-29,63,30.069,30.559,30.922,29.99,79966209,2485998079.85,0.01672,0.02644050316376223,0.3780550279440084,-0.3516145247802462,25.747002541264898,22.103283149915068,33.034441323964565,44.27378564939417,47.18994806118094,30.198200000000003,30.832600000000003,31.58695,34.82645935043877,28.347440649561232
2024-12-02,63,30.559,30.991,30.991,30.432,84687086,2654529531.3,0.0177,0.031925668261923335,0.3088291560075914,-0.2769034877456681,36.359248714625714,26.855271671485283,55.36720280090657,52.25566451760013,50.32716601149119,30.388600000000004,30.765000000000004,31.6507,34.78361255778678,28.51778744221322
2024-12-03,63,30.942,30.539,30.961,30.206,74461519,2321241743.38,0.01557,-0.00019764305162084383,0.24702379619574896,-0.2472214392473698,37.76352373221944,30.49135569173,52.30785981319832,44.29054106471576,47.13135374324847,30.531599999999997,30.6316,31.6536,34.78205786122731,28.525142138772694
2024-12-04,63,30.5,30.196,30.745,30.0,67017966,2070109909.64,0.01401,-0.05272505057019217,0.18707402684256075,-0.23979907741275291,34.396608344375146,31.793106575945046,39.60361188123534,38.892219007664494,44.77748250045492,30.486399999999996,30.4737,31.6281,34.797130328200396,28.459069671799607
2024-12-05,63,30.01,30.177,30.353,29.961,45135269,1388905951.85,0.00944,-0.09479381656828068,0.13070045816039247,-0.22549427472867314,38.53020076988845,34.03880464059284,47.51299302847967,38.579649356733576,44.6427501854372,30.492400000000004,30.3247,31.57515,34.80654052845206,28.34375947154794
2024-12-06,63,30.265,30.696,30.814,30.186,74690194,2325147585.72,0.01561,-0.08527169515289046,0.08750602749773587,-0.17277772265062633,51.85820133870209,39.97860353996259,75.61739693618108,51.38635139867211,49.19783663495345,30.519800000000004,30.359,31.502549999999996,34.74497550375019,28.2601244962498
2024-12-09,63,30.598,30.461,30.942,30.216,57861696,1803071912.11,0.0121,-0.09558602515333803,0.05088761696752108,-0.14647364212085912,55.03826678224711,44.99849128739076,75.1178177719598,46.157037724502466,47.27627451488809,30.4138,30.4012,31.257349999999995,33.968035698840055,28.546664301159932
2024-12-10,63,31.52,30.53,31.52,30.461,97473265,3074385153.71,0.02038,-0.09707347999524885,0.021295397574967092,-0.11836887757021594,48.858096178543235,46.28502625110825,54.00423603341321,48.020793617877196,47.92772996660211,30.412,30.4718,31.077400000000004,33.44103479234426,28.71376520765575
2024-12-11,63,30.53,30.549,30.677,30.284,55263210,1718481762.16,0.01155,-0.09561694484295202,-0.0020870709086167373,-0.09352987393433529,45.14422576110709,45.904759421107855,43.623158441105545,48.608602666051645,48.120291365435385,30.4826,30.484500000000004,30.867,32.4821611944979,29.251838805502103
2024-12-12,63,30.559,30.677,30.696,30.294,60759229,1891577927.75,0.0127,-0.08317530681943808,-0.018304718090781012,-0.06487058872865706,45.40510924163608,45.73820936128393,44.73890900234041,52.91329882425123,49.492941100832695,30.582600000000003,30.5375,30.77235,32.17522378357175,29.369476216428243
2024-12-13,63,30.383,29.961,30.461,29.912,73100145,2246666670.41,0.01528,-0.12959652709366765,-0.04056307989135835,-0.0890334472023093,31.28582738828806,40.920748703618635,12.01598475762691,33.869736459442564,42.612847158147204,30.4356,30.4777,30.65515,31.901856528587388,29.40844347141261
2024-12-16,63,29.99,30.745,30.775,29.971,110109638,3426348118.54,0.02302,-0.10194823497696959,-0.052840110908480606,-0.04910812406848898,38.125045787880296,39.98884773170585,34.39744190022918,55.10194491371983,50.78505996758286,30.492399999999996,30.4531,30.609049999999996,31.762949106234935,29.455150893765058
2024-12-17,63,32.364,32.521,33.825,32.334,493647742,16727885875.17,0.1032,0.0625505492737446,-0.02976197887203556,0.09231252814578016,47.64175895186567,42.53981813842579,57.845640578745446,76.02594101023918,63.596186688264055,30.890599999999996,30.651300000000003,30.641450000000003,31.96822154262411,29.314678457375894
2024-12-18,63,31.863,33.894,34.933,31.491,432061996,14652219646.04,0.09032,0.3002456019000981,0.03623953728239119,0.26400606461770687,58.19680962588029,47.75881530091062,79.07279827581964,83.2623186067234,70.14946512663617,31.5596,31.021099999999997,30.747400000000006,32.6630513692273,28.83174863077271
2024-12-19,63,34.198,37.071,37.287,34.198,604031374,22240849857.02,0.12627,0.7364882146198859,0.17628927274989017,0.5601989418699957,71.15493523081284,55.55752194421136,102.3497618040158,90.89414330059009,79.47583268354495,32.8384,31.710500000000003,31.017599999999998,34.4238871529603,27.6113128470397
2024-12-20,63,36.09,36.659,37.228,35.678,399563043,14816285390.57,0.08353,1.0370146124531132,0.34843434069053486,0.6885802717625784,77.93153874144585,63.01552754328952,107.7635611377585,84.87190046622554,76.11164600994553,34.178,32.306799999999996,31.332899999999995,35.550873616747765,27.114926383252225
2024-12-23,63,37.414,35.453,37.728,35.217,292997985,10788069340.28,0.06125,1.1644468089041808,0.5116368343332642,0.6528099745709166,75.5853724670028,67.20547585119394,92.34516569862052,68.84869464720786,67.04861505081882,35.1196,32.806,31.6036,36.15376850584462,27.053431494155383
2024-12-24,63,35.953,36.1,36.669,35.11,243344491,8891881047.06,0.05087,1.3026293353669374,0.6698353345399989,0.6327940008269385,76.78055878557606,70.39717016265465,89.5473360314189,72.22455677165401,69.19537650205369,35.8354,33.363,31.917400000000004,36.8040173167132,27.03078268328681
2024-12-25,63,35.796,37.355,38.366,35.718,341551695,13016279761.43,0.0714,1.4961611799133436,0.835100503614668,0.6610606762986756,80.53409383907103,73.7761447214601,94.0499920742929,77.81954928024555,72.92757913099085,36.52759999999999,34.043600000000005,32.26405,37.6609952363547,26.867104763645294
2024-12-26,63,37.218,40.2,40.817,36.934,346433237,13917196374.78,0.07242,1.8576899905418642,1.0396184010001073,0.818071589541757,85.12648483487396,77.55959142593139,100.26027165275912,85.67128352418584,79.16903389693111,37.1534,34.9959,32.7667,39.12110330048891,26.412296699511092
2024-12-27,63,40.013,39.307,40.2,39.042,246093405,9925364049.87,0.05145,2.048532335159173,1.2414011878319204,0.8071311473272527,84.68722550361245,79.93546945182507,94.1907376071872,75.59216724101532,73.37643952548994,37.68300000000001,35.9305,33.2041,40.099908121033124,26.308291878966873
2024-12-30,63,40.092,40.013,41.288,39.287,277403747,11489120449.47,0.05799,2.2310266811110893,1.4393262864877543,0.791700394623335,85.45342099682836,81.77478663349282,92.81068972349942,78.04290352377848,74.95677685565914,38.595,36.857299999999995,33.6552,41.099962047026295,26.210437952973702
2024-12-31,63,40.023,39.621,41.239,39.18,284838390,11668303969.98,0.05955,2.3173111210322688,1.6149232533966573,0.7023878676356115,82.46495109238488,82.0048414531235,83.38517037090764,73.14917993757989,72.35527702755678,39.2992,37.5673,34.109300000000005,41.85556864605426,26.363031353945754
2025-01-01,63,39.621,39.621,39.621,39.621,0,0.0,0.0,2.358504786257896,1.7636395599689052,0.5948652262889909,79.31568661365641,81.10845650663447,75.73014682770031,73.14917993757989,72.35527702755678,39.75240000000001,38.14,34.58055,42.46985800714359,26.691241992856412
2025-01-02,63,39.611,37.199,40.141,36.836,329999755,12796803803.58,0.06899,2.1706935007650614,1.8450503481281366,0.3256431526369248,64.148301704885,75.45507157271797,41.53476196921906,46.95369838708174,57.644490416359574,39.1522,38.1528,34.93165,42.618209870456106,27.245090129543886
2025-01-03,63,37.512,34.962,37.581,34.864,273493496,9970054005.53,0.05717,1.8203605163958585,1.840112381781681,-0.01975186538582241,43.27404422500846,64.7280624568148,0.3660077613957924,33.61258820359028,47.84351742208822,38.28320000000001,37.9831,35.14495,42.568886605758216,27.72101339424179
2025-01-06,63,35.07,34.129,35.698,33.776,215596743,7607105096.08,0.04507,1.4586881153499434,1.7638275284953338,-0.3051394131453904,30.4157454932786,53.29062346896939,-15.33401045810298,29.825772809971227,44.752534520735296,37.1064,37.8507,35.32835,42.43972740081646,28.216972599183542
2025-01-07,63,34.423,34.747,34.962,33.844,244307135,8578225668.61,0.05107,1.2080024664923243,1.6526625160947317,-0.44466004960240735,24.58582535902633,43.7223574323217,-13.68723878756441,36.22258782864086,47.49779212506665,36.131600000000006,37.7154,35.5392,42.29260337124459,28.785796628755413
2025-01-08,63,34.198,34.207,34.717,32.854,236241597,8137445864.95,0.04939,0.9547529983959819,1.5130806125549818,-0.5583276141589999,21.737953606673635,36.394222823772346,-7.574584827523793,33.06243876074707,45.349765617488266,35.0488,37.4006,35.7221,42.09381023558955,29.350389764410444
2025-01-09,63,33.825,37.63,37.63,33.737,391504889,14480336477.3,0.08184,1.0185176259741127,1.414168015238808,-0.3956503892646954,33.367947254658574,35.38546430073442,29.332913162506884,59.76402308703925,58.36898427975463,35.135000000000005,37.143600000000006,36.06975,42.027736621246156,30.111763378753842
