date,symbol,open,close,high,low,volume,amount,turnover,macd,macds,macdh,kdjk,kdjd,kdjj,rsi_6,rsi_12,close_5_sma,close_10_sma,boll,boll_ub,boll_lb
2022-01-03,157,5.976,5.976,5.976,5.976,0,0.0,0.0,0.0,0.0,0.0,33.33333333333333,44.444444444444436,11.111111111111114,,,5.976,5.976,5.976,,
2022-01-04,157,5.976,6.009,6.017,5.951,44245779,318023328.0,0.0051,0.0007403846153843929,0.00041132478632466274,0.0003290598290597302,51.51515151515155,46.80134680134681,60.942760942761026,100.0,100.0,5.9925,5.9925,5.9925,6.039169047558313,5.945830952441686
2022-01-05,157,6.017,6.051,6.084,5.992,72619150,526369121.0,0.00837,0.0022458144434560623,0.0011631648097391706,0.0010826496337168917,59.4060909850385,51.002928195910705,76.2124165632941,100.0,100.0,6.0120000000000005,6.0120000000000005,6.0120000000000005,6.087179784516851,5.9368202154831495
2022-01-06,157,6.017,6.184,6.201,6.009,121626584,897074996.0,0.01402,0.0076773885739207515,0.0033698801770093534,0.004307508396911398,70.67072732335907,57.55886123839349,96.89445949329024,100.0,100.0,6.055,6.055,6.055,6.237625299452185,5.872374700547814
2022-01-07,157,6.167,6.392,6.451,6.142,199492946,1523736752.0,0.02299,0.018743995054339102,0.007943331770693833,0.010800663283645269,76.51381821557277,63.87718023078658,101.78709418514515,100.0,100.0,6.122400000000001,6.122400000000001,6.122400000000001,6.462795652146148,5.782004347853854
2022-01-10,157,6.442,6.392,6.517,6.334,102266607,784817331.0,0.01178,0.025044201566399416,0.012578618275297868,0.012465583291101548,76.98094359247844,68.24510135135053,94.45262807473426,100.0,100.0,6.2056000000000004,6.1673333333333344,6.1673333333333344,6.543034633127023,5.791632033539646
2022-01-11,157,6.392,6.334,6.442,6.284,81210678,618356318.0,0.00936,0.026025709986723378,0.01598171845169643,0.010043991535026948,73.87657723597499,70.12225997955868,81.38521174880762,81.4654221185508,84.98323426366422,6.2706,6.191142857142857,6.191142857142857,6.556518332640651,5.825767381645064
2022-01-12,157,6.326,6.284,6.334,6.209,62790461,471552317.0,0.00724,0.023887392253804762,0.017881600532571863,0.0060057917212329,68.86235891114468,69.70229295675401,67.18249081992604,68.3585566777808,74.46677543719963,6.3172,6.20275,6.20275,6.5473354652435924,5.8581645347564075
2022-01-13,157,6.259,6.226,6.342,6.217,65220474,489809625.0,0.00752,0.019165599445861936,0.018178210651493328,0.0009873887943686079,62.103763420150635,67.16944977788621,51.97239070467947,55.85045319860919,64.3843877903339,6.3256,6.205333333333333,6.205333333333333,6.528035982842134,5.882630683824532
2022-01-14,157,6.217,6.234,6.259,6.151,57959596,431196891.0,0.00668,0.0159493233474004,0.01767881050864608,-0.0017294871612456783,58.06917561343375,64.13602505640205,45.93547672749716,57.148260684170644,65.09549146750467,6.294,6.2082,6.2082,6.512986701372179,5.903413298627821
2022-01-17,157,6.234,6.226,6.259,6.176,40139475,299121535.0,0.00463,0.012975310467682633,0.016649711575181844,-0.0036744011074992117,53.56992659943201,60.613992237412035,39.48179532347197,55.20105144730695,63.7078601610626,6.2608,6.2332,6.209818181818182,6.499163398722583,5.920472964913781
2022-01-18,157,6.226,6.367,6.376,6.159,95077223,717219162.0,0.01096,0.018363652165036548,0.017017794133989708,0.0013458580310468406,59.20409804791528,60.14402750757978,57.32423912858627,73.96382802471129,74.25842966349909,6.2674,6.269,6.222916666666666,6.513338877604571,5.9324944557287616
2022-01-19,157,6.334,6.384,6.476,6.317,85570583,657521422.0,0.00986,0.023076489818773638,0.018300024638400955,0.004776465180372683,60.9805098097213,60.422854941626944,62.095819545910004,75.45136474104099,75.20645579787299,6.2874,6.3023,6.235307692307692,6.527369768603565,5.9432456160118186
2022-01-20,157,6.351,6.351,6.426,6.251,73277319,556708247.0,0.00844,0.024391842509274397,0.01957443748218892,0.0048174050270854765,58.868609454203984,59.904773112485955,56.79628213764005,66.58918549440097,69.7654492645342,6.312399999999999,6.319000000000001,6.243571428571428,6.53090903679371,5.956233820349147
2022-01-21,157,6.317,6.259,6.367,6.226,47205818,355470346.0,0.00544,0.019613170644977806,0.019582466614733705,3.0704030244101815e-05,50.32266271305912,56.71073631267701,37.54651551382334,47.8047044521387,57.183277327049055,6.3174,6.3057,6.2446,6.521600051572972,5.967599948427028
2022-01-24,157,6.284,6.201,6.292,6.167,32506250,242254097.0,0.00375,0.012222946882789465,0.018067932317747695,-0.00584498543495823,38.67664693691118,50.69937318742173,14.631194435890094,39.3969580970602,50.873221685802235,6.3124,6.2866,6.241875,6.510368947790263,5.973381052209738
2022-01-25,157,6.176,5.926,6.201,5.926,56110798,407097879.0,0.00647,-0.010583066385824402,0.012205727458944906,-0.022788793844769308,25.78443129127412,42.39439255537253,-7.435491236922687,19.691790865710857,32.38754272098258,6.224200000000001,6.2458,6.223294117647059,6.525056246405692,5.921531988888427
2022-01-26,157,5.926,6.001,6.026,5.926,28728580,206152172.0,0.00331,-0.023190125943892248,0.004996690310312351,-0.0281868162542046,21.73507540630397,35.507953505683005,-5.810680792454093,30.98842780920242,38.98394893888472,6.1476,6.2175,6.210944444444444,6.521886445635302,5.9000024432535865
2022-01-27,157,5.984,5.884,5.992,5.867,34684542,246460322.0,0.004,-0.04010211529678198,-0.004154959991552283,-0.0359471553052297,15.420537408253022,28.81214813987301,-11.362684054986957,24.52922522961839,33.43297865256021,6.0542,6.183300000000001,6.193736842105263,6.531104983988718,5.856368700221808
2022-01-28,157,5.901,5.876,5.951,5.817,31030035,219095388.0,0.00358,-0.0531745366415759,-0.014073225133259672,-0.03910131150831622,13.264677948445877,23.62965807606396,-7.465282306790293,24.116763406874014,33.081610493586055,5.977600000000001,6.1475,6.17785,6.535646340188985,5.820053659811015
2022-01-31,157,5.876,5.876,5.876,5.876,0,0.0,0.0,-0.06263732586652804,-0.02387646420100135,-0.03876086166552668,11.827438308574449,19.695584820234124,-3.908854714744905,24.116763406874014,33.081610493586055,5.9126,6.1125,6.17285,6.545028946772992,5.800671053227009
2022-02-01,157,5.876,5.876,5.876,5.876,0,0.0,0.0,-0.06921717138629901,-0.033012014098433094,-0.03620515728786592,11.114296584479307,16.835155408315853,-0.32742106319378195,24.116763406874014,33.081610493586055,5.9026,6.0634,6.1662,6.555083746666087,5.777316253333913
2022-02-02,157,5.876,5.876,5.876,5.876,0,0.0,0.0,-0.07349957239776828,-0.04115760886292372,-0.03234196353484456,10.985288632077125,14.885199816236277,3.185466263758819,24.116763406874014,33.081610493586055,5.8776,6.0126,6.15745,6.5646894743559185,5.750210525644081
2022-02-03,157,5.876,5.876,5.876,5.876,0,0.0,0.0,-0.07595808707258556,-0.04815072857901405,-0.027807358493571507,11.46387663191108,13.744758754794542,6.902112386144161,24.116763406874014,33.081610493586055,5.876,5.9651,6.14205,6.567929881755656,5.716170118244344
2022-02-04,157,5.876,5.876,5.876,5.876,0,0.0,0.0,-0.07697678162393906,-0.05393780213375008,-0.02303897949018898,12.764112199051851,13.417876569546976,11.456583458061601,24.116763406874014,33.081610493586055,5.876,5.9268,6.11625,6.540890962895034,5.691609037104966
2022-02-07,157,5.951,6.042,6.076,5.926,40879287,294656686.0,0.00471,-0.06521173469793862,-0.05619942397919569,-0.009012310718742929,37.4669370902302,21.434230076441384,69.53235111780785,62.83605101976988,51.0675691119676,5.9092,5.910900000000001,6.09875,6.503945144668786,5.693554855331214
2022-02-08,157,6.167,6.259,6.317,6.117,79018911,589546740.0,0.00911,-0.039901680887361124,-0.05293197515433147,0.013030294266970346,54.444624726820145,32.437694959900966,98.45848426065851,79.35810355592699,64.6260689684218,5.9858,5.9442,6.095,6.492340103557063,5.697659896442937
2022-02-09,157,6.251,6.284,6.317,6.209,63266526,475676384.0,0.00729,-0.01791398106890174,-0.04591480315258378,0.028000822083682042,67.42974981788007,44.101713245894,114.0858229618522,80.55332667022641,65.816489334063,6.067400000000001,5.9725,6.095000000000001,6.492340103557064,5.6976598964429375
2022-02-10,157,6.276,6.259,6.301,6.209,39903124,299297898.0,0.0046,-0.002352294913445796,-0.037188798666836324,0.03483650375339053,73.90252406603948,54.03531685260916,113.63693849290013,75.31985238477152,63.485811428810855,6.144,6.01,6.09665,6.496546447122319,5.696753552877682
2022-02-11,157,6.226,6.326,6.367,6.209,79726407,603860509.0,0.00919,0.014689637211481532,-0.026800251092180066,0.0414898883036616,79.81824754436573,62.62962708319468,114.19548846670784,79.58530847941188,66.91150072738044,6.234,6.055000000000001,6.10125,6.50982125900412,5.692678740995881
2022-02-14,157,6.292,6.159,6.292,6.134,50000088,371605521.0,0.00576,0.015615774813949379,-0.018308636222918298,0.03392441103686768,72.42465654349431,65.89463690329455,85.48469582389382,52.464354102715625,53.31153700373865,6.2574,6.0833,6.0979,6.503250478630921,5.692549521369079
2022-02-15,157,6.151,6.209,6.226,6.142,27113566,201166348.0,0.00312,0.019839276926102656,-0.010673004022024993,0.03051228094812765,70.89002900591402,67.5597676041677,77.55055180940664,57.649546851456954,56.218061954834745,6.247400000000001,6.1166,6.090000000000001,6.479100988108962,5.70089901189104
2022-02-16,157,6.234,6.242,6.309,6.217,36466474,273823013.0,0.0042,0.025354932375415196,-0.003462846762448036,0.028817779137863233,72.10726984644097,69.07560168492546,78.170606169472,61.01731678947763,58.09629467493752,6.239,6.1532,6.0829,6.454187319584459,5.711612680415542
2022-02-17,157,6.242,6.192,6.251,6.167,27337182,203222450.0,0.00315,0.025651688193740085,0.0023630142912942353,0.02328867390244585,68.17733333678076,68.77617890221055,66.97964220592121,53.30957922164814,54.24953491324594,6.2256,6.184800000000001,6.07495,6.428449482617058,5.721450517382943
2022-02-18,157,6.134,6.217,6.217,6.117,27709137,205212729.0,0.00319,0.027459231147247465,0.007384294535737931,0.020074936611509532,58.78488889118712,65.44574889853607,45.46316887648925,56.59903779933228,55.84428316588869,6.203799999999999,6.2189,6.072850000000001,6.422220727541904,5.723479272458097
2022-02-21,157,6.209,6.184,6.209,6.151,26413069,195449447.0,0.00304,0.026075353149546565,0.011123719771368638,0.014951633378177927,48.12325926079143,59.67158568595452,25.02660641046525,50.91687641236812,53.175164070644875,6.2088,6.233099999999999,6.072,6.420138508431102,5.723861491568898
2022-02-22,157,6.142,6.017,6.142,6.009,46720020,339262784.0,0.00538,0.012078952924301056,0.011314816013375976,0.0007641369109250805,32.82705179769708,50.72340772320203,-2.965660053312817,31.63205280856384,42.07348212712343,6.170400000000001,6.2089,6.076549999999999,6.418986148485341,5.734113851514658
2022-02-23,157,6.092,6.092,6.142,6.042,36827057,268926249.0,0.00424,0.006675866687703369,0.010386833413795992,-0.003710966726092623,29.612820379097805,43.68654527516729,1.4653705869588407,43.221525483885074,47.44870771698788,6.1404000000000005,6.1897,6.0811,6.421722896903215,5.740477103096786
2022-02-24,157,6.067,5.934,6.092,5.876,59970485,429438554.0,0.00691,-0.00965710335087433,0.00637737987612567,-0.016034483227,24.20685330892893,37.1933146197545,-1.766069312722209,30.255799501051087,39.10853245842203,6.088800000000001,6.1572,6.083600000000001,6.418823036515285,5.748376963484716
2022-02-25,157,5.951,5.951,6.001,5.926,35828678,256179560.0,0.00413,-0.02103157412605583,0.0008948603238417374,-0.02192643444989757,21.91157426137982,32.09940116696294,1.5359204502135668,32.85640466806696,40.33942077357088,6.0356000000000005,6.1197,6.08735,6.4143724682446805,5.760327531755319
2022-02-28,157,5.917,5.867,5.934,5.834,47009782,330965339.0,0.00542,-0.03613173666530578,-0.006511246626363604,-0.029620490038942175,16.923505647937446,27.040769327287776,-3.311021710763214,26.907339907052716,36.375786907145205,5.9722,6.0905000000000005,6.0869,6.415169401559148,5.758630598440852
2022-03-01,157,5.876,5.909,5.926,5.876,24352290,172284436.46,0.00281,-0.04431048955914818,-0.014071738388428488,-0.030238751170719693,17.27754093555542,23.78635986337699,4.259903079912284,34.06983103486721,39.612254437018585,5.9506,6.0605,6.08855,6.412661400601708,5.764438599398291
2022-03-02,157,5.884,5.934,5.934,5.859,22870390,161880631.39,0.00264,-0.048279108651498426,-0.020913678079328948,-0.027365430572169478,20.221580815174505,22.598100180642827,15.46854208423786,38.382687881864214,41.54317037542262,5.919,6.0297,6.09145,6.408515143563841,5.774384856436159
2022-03-03,157,5.951,5.967,5.984,5.917,29988894,214228947.67,0.00346,-0.048283312085666275,-0.026387902925746456,-0.021895409159919818,25.303276099005224,23.499825486763626,28.910177323488426,44.167908541624925,44.11630300545397,5.9256,6.007199999999999,6.096,6.402482248133647,5.789517751866353
2022-03-04,157,5.951,5.909,5.951,5.876,27115952,191917127.9,0.00312,-0.0522264179975096,-0.031555831035114654,-0.020670586962394946,24.985733849553263,23.99512827436017,26.966944999939443,36.86737367440249,40.68277861964514,5.917199999999999,5.9764,6.09765,6.39946505316301,5.795834946836989
2022-03-07,157,5.859,5.851,5.884,5.834,35426620,248906152.52,0.00408,-0.0592189443579203,-0.03708864649015656,-0.022130297867763743,18.49698273952905,22.162413096083128,11.166122026420894,30.765149940054144,37.4989566819274,5.914,5.943099999999999,6.0881,6.408824114925489,5.767375885074511
2022-03-08,157,5.842,5.642,5.876,5.601,57856872,396582855.11,0.00667,-0.0802749466789976,-0.04572614730630583,-0.034548799372691764,15.114756992679949,19.813194394948734,5.717882188142376,17.931295106485265,28.676785432797956,5.8606,5.9056,6.057250000000001,6.424133819269952,5.69036618073005
2022-03-09,157,5.676,5.467,5.692,5.2,56810051,372678629.62,0.00655,-0.10948526560319483,-0.05847825534719579,-0.05100701025599903,21.18761577289772,20.271334854265064,23.02017761016303,12.63522199505421,23.604233282749064,5.7672,5.8431,6.0164,6.452404055992724,5.580395944007276
2022-03-10,157,5.576,5.584,5.634,5.534,39044363,261591717.37,0.0045,-0.12197636480735063,-0.07117810381209451,-0.050798260995256125,30.451607794176688,23.66475916756894,44.025305047392195,29.371265548040995,32.334005231052245,5.6906,5.8081000000000005,5.98265,6.443383180005408,5.521916819994591
2022-03-11,157,5.567,5.701,5.709,5.451,42412176,286334396.66,0.00489,-0.12121632822942541,-0.08118589153148,-0.04003043669794541,41.60209227094771,29.643870202028527,65.51853640878608,42.572574939301525,39.83418955478903,5.648999999999999,5.7831,5.9514000000000005,6.3986636806180455,5.5041363193819555
2022-03-14,157,5.651,5.659,5.742,5.626,35282307,240987069.2,0.00407,-0.12252462093558059,-0.08945373181434786,-0.033070889121232724,47.250034303080774,35.51259156904594,70.72491977115044,39.40023937468079,38.17706192753045,5.6106,5.7623,5.926399999999999,6.3806461192372534,5.472153880762745
2022-03-15,157,5.651,5.401,5.651,5.376,48306192,319975838.13,0.00557,-0.14238129100765473,-0.10003934034603548,-0.04234195066161925,40.045941236067435,37.02370812471977,46.09040745876277,25.43117560837554,29.854324435632336,5.562399999999999,5.711499999999999,5.886,6.376682017303736,5.395317982696264
2022-03-16,157,5.501,5.567,5.601,5.317,51621466,339220988.53,0.00595,-0.1432738559040656,-0.10868630664541853,-0.03458754925864707,42.98668607926023,39.011367442899925,50.93732335198084,41.45678741376169,39.163381709538655,5.5824,5.674799999999999,5.85225,6.332577903350245,5.3719220966497545
2022-03-17,157,5.634,5.617,5.701,5.601,46074945,312096260.46,0.00531,-0.1384058582411658,-0.1146302517129098,-0.023775606528256,48.979428146407386,42.334054344069074,62.270175751084025,45.676548294098865,41.705427666657236,5.589,5.639799999999999,5.8235,6.2867328049468725,5.360267195053128
2022-03-18,157,5.576,5.609,5.651,5.509,34917099,234401872.7,0.00402,-0.13364156737747823,-0.1184325326283508,-0.015209034749127437,52.820604957565465,45.82957121523454,66.8026724422273,45.05304795085141,41.403457881624874,5.570600000000001,5.6098,5.7931,6.226437549237251,5.359762450762749
2022-03-21,157,5.592,5.576,5.626,5.509,31202069,208617251.77,0.0036,-0.13098315296753338,-0.12094266608771154,-0.010040486879821842,58.33796788068937,49.99903677038615,75.0158301012958,42.20152566499603,40.09700031498598,5.554,5.5823,5.762700000000001,6.164749538712517,5.360650461287484
2022-03-22,157,5.517,5.609,5.617,5.509,31443058,210372141.35,0.00362,-0.12480319344217072,-0.12171477386964193,-0.003088419572528797,61.79393937143996,53.93067097073741,77.52047617284506,46.28150248669213,42.09041524533796,5.5956,5.579,5.7423,6.131209460441697,5.353390539558303
2022-03-23,157,5.617,5.634,5.642,5.584,23071148,155686700.8,0.00266,-0.11656444237932728,-0.12068470510505432,0.0041202627257270336,66.05870467899922,57.97334887349134,82.22941629001498,49.52087192573358,43.64041473254405,5.609,5.5957,5.7194,6.074035706338949,5.364764293661051
2022-03-24,157,5.609,5.542,5.609,5.534,23600730,157378712.96,0.00272,-0.1160463291124394,-0.11975702812945531,0.0037106990170159143,61.686195276195534,59.2109643410594,66.63665714646781,39.10684931608278,39.40611934394825,5.593999999999999,5.5915,5.6998,6.047764063480244,5.351835936519755
2022-03-25,157,5.567,5.492,5.567,5.467,22698975,150486231.47,0.00262,-0.11826804273505243,-0.11945923059420131,0.0011911878591488873,56.31510240635258,58.24567702949045,52.45395316007682,34.39024994543803,37.26255907961771,5.5706,5.5706,5.67685,6.015475876463281,5.338224123536719
2022-03-28,157,5.476,5.476,5.509,5.359,20895865,136356818.36,0.00241,-0.11992437595839789,-0.11955225978109409,-0.0003721161773038023,51.345484937568386,55.94561299884976,42.14522881500564,32.86801776727435,36.56815287508008,5.5506,5.5523,5.6573,5.994848499439241,5.319751500560759
2022-03-29,157,5.476,5.442,5.492,5.401,17925470,116846512.9,0.00207,-0.12254445292276195,-0.12015069899637514,-0.002393753926386813,42.31999190769668,51.40373930179874,24.15249711949258,29.534413127896343,35.05381193839442,5.5172,5.5564,5.6339500000000005,5.962681837601154,5.305218162398847
2022-03-30,157,5.459,5.601,5.609,5.451,33453166,222601969.41,0.00385,-0.11060750463500302,-0.11824205862650948,0.0076345539915064625,55.83889871472018,52.882125772772554,61.752444598615426,55.0936464817145,46.381516928595715,5.510599999999999,5.5598,5.6173,5.914238129298981,5.320361870701019
2022-03-31,157,5.559,5.534,5.609,5.517,30277939,201960921.21,0.00349,-0.10530289634960965,-0.11565422454671975,0.010351328197110099,57.8384177532763,54.53422309960713,64.44680706061465,46.554884168142884,42.93877731101834,5.509,5.551499999999999,5.59565,5.844475684069453,5.346824315930547
2022-04-01,157,5.501,5.542,5.551,5.451,26538700,175320974.65,0.00306,-0.09931179529812262,-0.11238573705567005,0.013073941757547433,60.113715486872024,56.39405389536209,67.55303866989189,47.71595578939028,43.48519556994222,5.519,5.5448,5.5773,5.778375110344368,5.376224889655632
2022-04-04,157,5.542,5.542,5.542,5.542,0,0.0,0.0,-0.09348547538420693,-0.10860568320279936,0.015120207818592427,61.6305806426025,58.13956281110889,68.61261630558974,47.71595578939028,43.48519556994222,5.5322000000000005,5.5414,5.56185,5.716503126297803,5.407196873702197
2022-04-05,157,5.542,5.542,5.542,5.542,0,0.0,0.0,-0.08785475014933297,-0.10445549525828711,0.016600745108954137,65.48705376173498,60.58872646131758,75.2837083625698,47.71595578939028,43.48519556994223,5.5522,5.5347,5.55685,5.706992774157063,5.406707225842936
2022-04-06,157,5.517,5.709,5.751,5.484,55013492,372108867.26,0.00634,-0.06918563945879885,-0.09740152228474185,0.028215882825942992,73.41994060306135,64.86579784189883,90.5282261253864,70.68702195017751,55.13000355605698,5.573799999999999,5.542199999999999,5.568949999999999,5.7273810907818135,5.410518909218185
2022-04-07,157,5.676,5.584,5.709,5.584,43298422,293071584.35,0.00499,-0.06369645897216802,-0.09066050823568092,0.026964049263512896,68.079280129932,65.93695860457655,72.36392318064293,50.68525366778826,47.19028973138552,5.583799999999999,5.5464,5.56895,5.727381090781814,5.410518909218186
2022-04-08,157,5.626,5.951,6.026,5.601,153892371,1078226706.96,0.01773,-0.02951778714647091,-0.07843196200562606,0.048914174859155155,74.71952008662132,68.86447909859146,86.42960206268103,75.3047575807594,63.860565741158155,5.6655999999999995,5.5923,5.581449999999999,5.808387018853943,5.354512981146056
2022-04-11,157,5.917,5.801,5.917,5.751,76846905,537984746.75,0.00886,-0.014323158168608963,-0.06561019955036115,0.05128704138175219,70.10286846354467,69.27727555357586,71.75405428348228,60.49279555528958,55.98130011430699,5.7174,5.6248,5.58855,5.833845503853058,5.343254496146941
2022-04-12,157,5.767,5.817,5.867,5.709,61279845,425608235.96,0.00706,-0.0009840919644075186,-0.05268497667198558,0.05170088470757806,67.95263694671095,68.83572935128755,66.18645213755775,61.463032225113736,56.60434100740783,5.7724,5.6623,5.60935,5.858207833014416,5.360492166985584
2022-04-13,157,5.751,5.659,5.767,5.634,49136390,335307993.31,0.00566,-0.0030839640670041746,-0.04276477331521381,0.03968080924820964,57.35972897896673,65.01039589384727,42.05839514920564,47.608194419836636,49.11536585459831,5.7624,5.6681,5.61395,5.862912880344586,5.364987119655414
2022-04-14,157,5.659,5.717,5.784,5.651,41021703,281665855.63,0.00473,-8.160738739615425e-05,-0.034228139554282305,0.03414653216688615,52.5694626157441,60.863418134479545,35.98155157827321,52.34066174960961,51.67570583476277,5.789,5.686400000000001,5.61895,5.872151376066767,5.365748623933233
2022-04-15,157,5.676,5.567,5.742,5.542,45011139,304908331.06,0.00519,-0.009659689229125412,-0.029314449224305265,0.019654759995179853,40.150859456006536,53.95923190832187,12.534114551375865,40.88061908903771,45.25180646715794,5.7122,5.688899999999999,5.61685,5.871093376977339,5.3626066230226614
2022-04-18,157,5.509,5.467,5.534,5.417,30618104,200798805.54,0.00353,-0.02500932818464463,-0.028453424979232072,0.0034440967945874416,29.50396651199559,45.80747677621311,-3.103054016439444,34.7872544736709,41.49986307524966,5.6453999999999995,5.6814,5.6114,5.873870369254972,5.348929630745028
2022-04-19,157,5.459,5.476,5.517,5.442,24889765,163681656.75,0.00287,-0.03603371433477687,-0.029969482902658266,-0.006064231432118601,22.8986487200934,38.17120075750654,-7.646455354732879,35.82039757505147,41.97223844441185,5.5771999999999995,5.674799999999999,5.60475,5.8741250076321885,5.335374992367812
2022-04-20,157,5.476,5.392,5.501,5.376,32011782,208190114.65,0.00369,-0.05094546562620117,-0.03416467956318358,-0.01678078606301759,16.08627863390842,30.8095600496405,-13.360284197555735,30.422328163556713,38.78360990291489,5.5238,5.6431,5.59265,5.877773260510625,5.307526739489375
2022-04-21,157,5.401,5.242,5.401,5.225,37459834,237565074.07,0.00432,-0.0739877290668165,-0.04212928963981326,-0.03185843942700324,11.543068222220274,24.38739610716709,-14.145587547673351,22.996265676563283,33.78382670923631,5.4288,5.6089,5.57765,5.90275485757837,5.2525451424216305
2022-04-22,157,5.209,5.242,5.284,5.142,25104999,157206173.88,0.00289,-0.09119688205667753,-0.05194280829657598,-0.03925407376010155,12.293079964238789,20.355957392857654,-3.832674892998938,22.996265676563283,33.78382670923631,5.3637999999999995,5.538,5.565150000000001,5.921813648126266,5.208486351873736
2022-04-25,157,5.125,4.892,5.167,4.892,46912413,283998603.49,0.00541,-0.13150926108958672,-0.06785609908010892,-0.06365316200947779,8.19538664282586,16.302433809513722,-8.018707690549867,12.634110378765257,24.878029103508396,5.2488,5.447100000000001,5.53595,6.0021491781247684,5.069750821875231
2022-04-26,157,4.925,4.767,4.95,4.742,34977153,204165888.45,0.00403,-0.17154792260817953,-0.08859446402022875,-0.08295345858795078,6.2633351771110455,12.95606759871283,-7.122129666092523,10.589180796896045,22.56089662101637,5.107000000000001,5.3421,5.5022,6.08113717502988,4.92326282497012
2022-04-27,157,4.575,4.834,4.85,4.55,65243662,373876757.56,0.00752,-0.19562476558417874,-0.11000052452666347,-0.08562424105751527,12.117391236642256,12.676508811355971,10.999156087214825,19.019784141548016,26.56050898865064,4.9954,5.259600000000001,5.46385,6.112632592731631,4.815067407268368
2022-04-28,157,4.792,4.675,4.825,4.584,51879191,291911215.99,0.00598,-0.22492357467588153,-0.13298513472284682,-0.09193843995303472,12.312678168601613,12.555231930437852,11.827570644929132,14.993713737915144,23.42792773274313,4.882,5.1554,5.4209,6.157868727466204,4.683931272533795
2022-04-29,157,4.7,4.834,4.859,4.642,55477871,317599324.14,0.00639,-0.2326475216304873,-0.15291761221977607,-0.07972990941071123,17.998179792511372,14.369547884462358,25.2554436086094,32.21262993544471,32.156848055028505,4.800400000000001,5.0821,5.3854999999999995,6.164778613779908,4.606221386220091
2022-05-02,157,4.834,4.834,4.834,4.834,0,0.0,0.0,-0.23604716159859507,-0.1695435221725458,-0.06650363942604925,21.953220457538237,16.897438742154318,32.064783888306074,32.21262993544471,32.156848055028505,4.788799999999999,5.0188,5.3501,6.16304187013004,4.537158129869961
2022-05-03,157,4.834,4.834,4.834,4.834,0,0.0,0.0,-0.23602015991655545,-0.18283884977061152,-0.05318131014594393,25.75964795093226,19.851508478413628,37.575926895969516,32.21262993544471,32.156848055028505,4.802199999999999,4.9546,5.3147,6.153699930995543,4.475700069004457
2022-05-04,157,4.834,4.834,4.834,4.834,0,0.0,0.0,-0.2333088526221596,-0.19293285037084257,-0.040376002251317045,30.070464664835846,23.257827207221034,43.69573958006548,32.21262993544471,32.156848055028505,4.802199999999999,4.8988,5.27095,6.114619048358356,4.427280951641644
2022-05-05,157,4.834,4.934,4.967,4.809,45738494,269815326.33,0.00527,-0.22055606772626035,-0.1984574938550274,-0.022098573871232957,40.79251939298081,29.10272460247429,64.17210897399384,46.37794098200022,38.41076432542521,4.854,4.868,5.238449999999999,6.081421304999541,4.395478695000458
2022-05-06,157,4.834,4.825,4.9,4.817,26687088,155348811.5,0.00308,-0.21673808708646547,-0.2021136125082512,-0.01462447457821428,49.17742699739891,35.79429206744916,75.94369685729839,36.42260217850706,34.61636868808817,4.852200000000001,4.8263,5.18215,5.973574106146302,4.390725893853698
2022-05-09,157,4.825,4.792,4.875,4.775,20206139,116777995.04,0.00233,-0.213906793055334,-0.2044722486212475,-0.009434544434086506,52.12947571209489,41.23935328233107,73.90972057162253,33.78765834004048,33.52265396096277,4.8438,4.8163,5.1317,5.884730397093881,4.37866960290612
2022-05-10,157,4.775,4.817,4.842,4.675,35831833,204896102.79,0.00413,-0.20725782845481167,-0.20502936458863677,-0.0022284638661748957,55.03148685419037,45.8367311396175,73.4209982833361,37.87352703761474,35.214325970389325,4.8404,4.8213,5.0817,5.773442300662836,4.389957699337163
2022-05-11,157,4.825,4.842,4.942,4.8,45686479,267216763.72,0.00526,-0.19769352597984646,-0.2035621968654536,0.005868670885607136,57.20047841561406,49.62464689828302,72.35214145027615,42.156829972258876,36.96424522131545,4.8420000000000005,4.8221,5.040850000000001,5.683822791435466,4.397877208564536
2022-05-12,157,4.817,4.834,4.867,4.775,29043874,168033447.2,0.00335,-0.18858477831220544,-0.20056671315247626,0.011981934840270825,56.284337208582876,51.84454366838297,65.16392428898268,41.069521042879614,36.618955603363226,4.822,4.838,4.9967,5.560585057343014,4.432814942656986
2022-05-13,157,4.842,4.884,4.959,4.842,42191498,248350661.23,0.00486,-0.1753128925491101,-0.1955159490286632,0.020203056479553116,61.381338960973125,55.02347543257968,74.09706601776001,50.621330595413326,40.41398050746962,4.833799999999999,4.843,4.962549999999999,5.4598003234896115,4.465299676510387
2022-05-16,157,4.925,4.884,4.975,4.867,34027659,200425511.72,0.00392,-0.16291671521494777,-0.18899610226267763,0.026079387047729857,64.14311486287103,58.06335524267679,76.30263410325952,50.621330595413305,40.413980507469624,4.8522,4.848000000000001,4.9334,5.370900267669088,4.495899732330912
2022-05-17,157,4.884,4.859,4.884,4.792,26948421,156214319.73,0.00311,-0.15334115790821645,-0.18186511338894826,0.028523955480731805,63.20652101969182,59.77774383501513,70.0640753890452,45.33110179760471,39.02361228506738,4.8606,4.850499999999999,4.90255,5.258334366982966,4.546765633017033
2022-05-18,157,4.867,4.817,4.867,4.809,26186761,151741022.64,0.00302,-0.1474401487140975,-0.1749801204517867,0.02753997173768921,57.91545845757237,59.1569820425342,55.43241128764872,37.442556549874645,36.709048388530235,4.855600000000001,4.8488,4.8738,5.146213462840657,4.601386537159343
2022-05-19,157,4.75,4.784,4.792,4.725,29069855,165993687.07,0.00335,-0.14376780246301912,-0.16873765685244368,0.02496985438942456,50.72141674949269,56.34512694485369,39.473996358770705,32.16502921186263,34.93309337104692,4.8456,4.833799999999999,4.8509,5.063402780167562,4.638397219832439
2022-05-20,157,4.792,4.892,4.909,4.784,46987254,274166853.15,0.00541,-0.13064038480402473,-0.16111820244120778,0.030477817637183047,57.92538894410631,56.87188094460456,60.032404943109796,56.33547996635475,44.51652154610907,4.8472,4.8405000000000005,4.833399999999999,4.943043249246172,4.723756750753826
2022-05-23,157,4.892,4.9,4.909,4.859,29611014,173629534.13,0.00341,-0.1182286222958453,-0.1525402864107374,0.034311664114892115,61.95025929607097,58.5646737284267,68.72143043135952,57.6759760106433,45.16911212955643,4.8504000000000005,4.8513,4.8338,4.9443976110905785,4.723202388909422
2022-05-24,157,4.909,4.75,4.942,4.734,42993957,249613598.89,0.00495,-0.11911841953289226,-0.14585591303429696,0.026737493501404697,44.63350619738069,53.920951218078024,26.05861615598603,34.11270678219276,36.40955212776316,4.8286,4.8446,4.83295,4.945944596983058,4.719955403016942
2022-05-25,157,4.734,4.792,4.792,4.734,23416399,133889428.81,0.0027,-0.11510869771755505,-0.1397064699703072,0.024597772252752143,38.68900413158715,48.84363552258106,18.379741349599314,42.065458828787484,39.96575387925264,4.8236,4.8396,4.83085,4.945314014110598,4.716385985889402
2022-05-26,157,4.809,4.959,5.017,4.8,74159714,438070420.54,0.00855,-0.09733754098642766,-0.13123268417282427,0.03389514318639661,52.50499818818132,50.064089744447806,57.38681507564833,63.23770139551711,51.685707078326786,4.8586,4.8521,4.84505,4.947990913046965,4.742109086953034
2022-05-27,157,4.984,4.95,5.0,4.9,44030444,261543065.81,0.00507,-0.0830227530662162,-0.12159069795085907,0.038567944884642866,60.68826363230352,53.60548104039971,74.85382881611113,61.7776506119595,51.09922368737448,4.8702,4.8587,4.850849999999999,4.963758486464858,4.737941513535141
2022-05-30,157,4.967,4.9,4.984,4.875,29354910,172900652.8,0.00338,-0.07484887593413259,-0.11224233354701456,0.03739345761288197,60.4360113713074,55.8823244840356,69.54338514585099,53.53711251958119,47.8112282087214,4.8702,4.8603,4.85415,4.968829002804377,4.739470997195623
2022-05-31,157,4.909,4.942,4.95,4.884,29847508,176364936.28,0.00344,-0.06424224685784452,-0.10264231620877044,0.03840006935092592,65.06236374525515,58.94233757110878,77.30241609354792,59.043955813261846,50.71712882994395,4.9086,4.868600000000001,4.8595500000000005,4.980247054427042,4.738852945572959
2022-06-01,157,4.95,4.95,4.959,4.909,29357430,173963810.6,0.00338,-0.05456207091621135,-0.09302626714993,0.03846419623371865,68.81660527657762,62.23376013959839,81.9822955505361,60.1242143756354,51.280809321003,4.9402,4.8819,4.86535,4.991884829821242,4.738815170178759
2022-06-02,157,4.95,5.034,5.042,4.934,38432879,230448289.26,0.00443,-0.03965665747652736,-0.08235234521495764,0.042695687738430285,78.3452693185842,67.60426319926032,99.82728155723197,70.07082307572813,56.924293040543084,4.9552000000000005,4.906899999999999,4.87035,5.014923820153166,4.725776179846834
2022-06-03,157,5.034,5.034,5.034,5.034,0,0.0,0.0,-0.02752671468199619,-0.07138721910812552,0.043860504426129335,84.69771201325526,73.30207947059196,107.48897709858184,70.07082307572813,56.92429304054309,4.9719999999999995,4.9211,4.8808,5.040946774783884,4.7206532252161155
2022-06-06,157,5.034,5.067,5.075,5.009,41829314,253372719.34,0.00482,-0.015077514693458305,-0.06012527822499502,0.045047763531536715,89.01646099026401,78.54020664381596,109.96896968316008,73.77191229000486,59.13731578950279,5.0054,4.9378,4.894550000000001,5.069163528142933,4.719936471857069
2022-06-07,157,5.067,5.042,5.109,5.009,34889299,211240314.47,0.00402,-0.0071460287439339965,-0.04952942832863449,0.04238339958470049,85.45002469469594,80.84347932744262,94.6631154292026,66.31662303516478,56.72868192998045,5.025399999999999,4.9670000000000005,4.905800000000001,5.088195290797925,4.723404709202077
2022-06-08,157,5.042,5.017,5.059,4.942,41594526,249506951.3,0.00479,-0.0028444682976456193,-0.04019243632233215,0.03734796802468653,77.19460335771757,79.62718733753427,72.32943539808417,59.14418574149967,54.3153326375514,5.0388,4.9895000000000005,4.91455,5.10080785748172,4.7282921425182804
2022-06-09,157,5.017,4.967,5.042,4.934,28350761,169789437.55,0.00327,-0.0034299205355186047,-0.03283993316490358,0.029410012629384974,64.5684820105581,74.60761889520887,44.49020824125654,46.95583002555587,49.702047220547556,5.0254,4.9902999999999995,4.921200000000001,5.104827311350139,4.737572688649863
2022-06-10,157,4.942,4.984,4.992,4.917,34536755,205466242.79,0.00398,-0.0024935742478504608,-0.026770661381449457,0.024277087133598996,57.86046948852018,69.02523575964597,35.53093694626861,51.06987951553378,51.238202320781674,5.0154,4.9937000000000005,4.9262,5.111004420088392,4.741395579911607
2022-06-13,157,4.925,5.034,5.117,4.917,60473510,366739265.84,0.00697,0.002256559086863952,-0.02096521728775349,0.02322177637461744,58.60569760773138,65.55205637567443,44.712980071845294,61.585394759809994,55.59005912906417,5.008799999999999,5.0071,4.9337,5.123403480532942,4.743996519467058
2022-06-14,157,4.992,5.084,5.092,4.925,49940318,299675517.35,0.00575,0.00994060064299962,-0.014784053701574516,0.024724654344574135,66.90379840515419,66.00263705216767,68.70612111112723,69.46109213451751,59.53022280688578,5.0172,5.0213,4.94495,5.142524209908706,4.7473757900912945
2022-06-15,157,5.117,5.125,5.209,5.092,74250423,460164564.09,0.00856,0.01911787742663229,-0.008003667475908275,0.027121544902540567,68.34682450754575,66.78403287062703,71.47240778138317,74.5877158926125,62.5059863236918,5.038799999999999,5.0388,4.96035,5.163857429063922,4.756842570936078
2022-06-16,157,5.142,5.067,5.167,5.059,49000334,300016609.33,0.00565,0.021463843299726726,-0.0021101653207639746,0.0235740086204907,62.687837342930095,65.41863436139471,57.22624330600087,58.046146220607206,56.135957018361076,5.0588,5.0421,4.9745,5.165339144169549,4.783660855830451
2022-06-17,157,5.017,5.034,5.067,4.984,42218369,254578593.24,0.00486,0.020425002559095518,0.0023968682552185077,0.018028134303877008,55.14805594551504,61.995108222768145,41.45395139100883,50.4127624240801,52.796329322219684,5.0688,5.0421,4.9816,5.170066833603206,4.793133166396794
2022-06-20,157,5.034,5.092,5.092,5.009,40344769,244760814.83,0.00465,0.024004722760345487,0.006718439156252022,0.017286283604093466,56.742539580115036,60.24425200855044,49.73911472324424,61.179810611575434,57.62941004339562,5.0804,5.0446,4.9912,5.181714649250249,4.800685350749752
2022-06-21,157,5.067,5.067,5.1,5.017,30565434,185637099.34,0.00352,0.024541635314941246,0.010283078387995224,0.014258556926946022,54.95164739130962,58.48005046947016,47.89484123498855,55.00246172540755,54.9823013941953,5.077,5.0471,5.00705,5.1626127813693445,4.851487218630655
2022-06-22,157,5.067,4.959,5.067,4.959,39353369,236078208.62,0.00453,0.016067847680035996,0.01144003224640477,0.004627815433631227,41.4289521421516,52.79635102703064,18.694154372393527,36.10434676399142,45.198198223882066,5.043799999999999,5.0413,5.0154,5.136462663199894,4.894337336800105
2022-06-23,157,4.95,5.0,5.0,4.934,29649971,176925533.7,0.00342,0.0125161722151228,0.011655260240148582,0.0008609119749742183,37.09418727284995,47.56229644230373,16.157968933942385,44.751931148023566,48.95968966398095,5.0304,5.0446,5.01745,5.135850702344994,4.899049297655006
2022-06-24,157,5.025,4.975,5.025,4.942,39636812,236280482.18,0.00457,0.007596707795314295,0.010843549751181101,-0.003246841955866806,30.598002782838915,41.90753188914879,7.978944570219156,40.71953068470661,46.821928182092385,5.018599999999999,5.043699999999999,5.0187,5.134603952977403,4.902796047022597
2022-06-27,157,4.959,5.075,5.125,4.959,77671458,472541037.74,0.00895,0.011632609136315253,0.011001361628208027,0.0006312475081072261,37.48957761280174,40.43488046369977,31.598971911005677,58.61767483059118,55.33253372258815,5.0152,5.0478,5.02745,5.131432741482972,4.923467258517028
2022-06-28,157,5.084,5.134,5.134,5.067,47722484,291881175.27,0.0055,0.019368375416853212,0.012674764385937886,0.006693611030915326,53.60535503228277,44.82503865322744,71.16598779039344,65.9057212961829,59.503928932379125,5.0286,5.0527999999999995,5.03705,5.143244409606052,4.930855590393947
2022-06-29,157,5.125,5.075,5.2,5.075,59887176,370011311.46,0.0069,0.020502110700439502,0.014240233648838823,0.006261877051600679,53.406076287186,47.68538453121362,64.84745979913076,54.40737765029746,54.00230525755495,5.0518,5.0478000000000005,5.0433,5.1423993122287435,4.944200687771257
2022-06-30,157,5.084,5.134,5.159,5.075,43283062,266108469.14,0.00499,0.02586305976965253,0.016564798873002294,0.009298260896650236,60.66670749972803,52.01249218738509,77.97513812441389,62.30020196876102,58.21671167446702,5.0786,5.0545,5.048299999999999,5.15520694428727,4.941393055712728
2022-07-01,157,5.159,5.384,5.584,5.159,166532955,1077649226.17,0.01919,0.04971067682300223,0.023193974463003954,0.026516702359998277,63.52139474340845,55.84879303939287,78.8665981514396,79.94960541841856,70.64796913521613,5.1604,5.0895,5.0658,5.249706841405614,4.881893158594386
2022-07-04,157,5.434,5.376,5.451,5.334,87148967,563452464.86,0.01004,0.0671900389345863,0.0319931873573222,0.035196851577264106,65.01426316227233,58.903949747019354,77.23488999277828,78.53771658956356,69.92175730536337,5.2206,5.1179,5.08125,5.311628064562536,4.850871935437464
2022-07-05,157,5.342,5.284,5.376,5.2,73535310,464778886.22,0.00847,0.07278021911100652,0.04015059370806037,0.032629625402946144,61.29156005689949,59.69981985031273,64.47504047007301,63.14822104470263,61.93474436904943,5.2506,5.1396,5.093349999999999,5.339901179698105,4.846798820301894
2022-07-06,157,5.25,5.225,5.259,5.175,47222621,295025287.39,0.00544,0.07162418332189624,0.046445311630828365,0.025178871691067875,55.554705666178045,58.31811512226783,50.02788675399847,54.87348602591451,57.35153355829362,5.2806,5.1662,5.10375,5.354256749567649,4.85324325043235
2022-07-07,157,5.209,5.259,5.267,5.209,46420168,291879774.22,0.00535,0.07261439060843511,0.05167912742635025,0.020935263182084857,53.03647044411873,56.55756689621813,45.994277539919935,58.62288243852781,59.24739388067355,5.3056,5.1921,5.11835,5.3693348181611205,4.86736518183888
2022-07-08,157,5.285,5.285,5.338,5.259,48518059,292386275.3,0.00559,0.07463669033206433,0.05627064000749344,0.018366050324570886,49.41309506074712,54.176076284394455,39.88713261345245,61.554145335168556,60.70462147510335,5.2858,5.2231000000000005,5.1334,5.386553084536865,4.880246915463135
2022-07-11,157,5.285,5.232,5.294,5.197,33324917,198422563.3,0.00384,0.07114273994705567,0.05924505999540607,0.011897679951649594,43.22366127821911,50.52527128233601,28.62044126998532,52.46277116577943,56.233102031072725,5.257,5.2388,5.1433,5.3955706149314615,4.8910293850685385
2022-07-12,157,5.215,5.18,5.25,5.171,30991053,183727526.24,0.00357,0.06344652198349099,0.06008535239302309,0.003361169590467901,35.692002083318286,45.58084821599677,15.914309817961325,44.69128941401551,52.12364730156464,5.2362,5.2434,5.1480999999999995,5.399270648637227,4.896929351362772
2022-07-13,157,5.224,5.25,5.312,5.171,36712113,219656536.56,0.00423,0.062277602433070456,0.06052380240103257,0.001753800032037886,30.931922957506323,40.69787312983328,11.40002261285241,55.370726552432515,56.7637098889251,5.241200000000001,5.2609,5.154349999999999,5.409292945113531,4.899407054886467
2022-07-14,157,5.224,5.189,5.224,5.18,26455538,156645527.19,0.00305,0.055786069079263534,0.05957625573667872,-0.0037901866574151857,22.764139114528007,34.71996179139819,-1.1475062392123618,46.06876676885302,51.975009011175864,5.227200000000001,5.2664,5.16045,5.412413635638587,4.908486364361413
2022-07-15,157,5.145,4.995,5.145,4.987,59830952,343041059.69,0.00689,0.03458888772949109,0.05457878213524107,-0.019989894405749976,15.861611166326298,28.433844916374227,-9.282856333769558,28.071337333144413,40.206872725986685,5.169199999999999,5.2275,5.1585,5.4151443371467165,4.901855662853284
2022-07-18,157,4.995,5.092,5.11,4.969,29600636,170453923.49,0.00341,0.025324989367061512,0.04872802358160503,-0.023403034214543518,21.68551855532859,26.18440279602568,12.68775007393441,41.72979571989516,46.77965662143855,5.1411999999999995,5.1991,5.1585,5.4151443371467165,4.901855662853284
2022-07-19,157,5.083,5.101,5.11,5.039,21058651,121841308.19,0.00243,0.018496283023148763,0.04268167546991367,-0.02418539244676491,26.381131611411448,26.249979067820934,26.643436698592474,42.936253153391796,47.365295113232804,5.1254,5.1808,5.160200000000001,5.414734125516866,4.905665874483135
2022-07-20,157,5.136,5.312,5.329,5.11,70395163,420241088.77,0.00811,0.029767022865420323,0.04009874494901497,-0.010331722083594647,48.57206425403945,33.690674129893765,78.33484450233081,63.94047683006537,58.92523416204205,5.1378,5.189500000000001,5.17785,5.422400091736695,4.933299908263305
2022-07-21,157,5.54,5.426,5.663,5.426,135912178,853134194.94,0.01566,0.047352034036903135,0.041549402766592615,0.0058026312703105196,54.33142420009929,40.57092415329561,81.85242429370666,70.88789708010734,63.63287458305703,5.1852,5.206200000000001,5.19915,5.452525755912472,4.945774244087529
2022-07-22,157,5.417,5.452,5.505,5.382,69435212,430285268.2,0.008,0.06266388322770755,0.04577229885881564,0.01689158436889191,59.419796728980685,46.85388167852396,84.55162682989413,72.34607371214025,64.64115947490541,5.2766,5.2229,5.223000000000001,5.47733504632567,4.968664953674332
2022-07-25,157,5.487,5.513,5.584,5.487,59052019,371897852.32,0.0068,0.07881226188125279,0.05238029146330312,0.026431970417949667,65.74192020164512,53.14989451956434,90.92597156580666,75.7638106087326,66.98400534790537,5.360799999999999,5.2509999999999994,5.2449,5.520146798346516,4.969653201653485
2022-07-26,157,5.531,5.496,5.549,5.47,37919585,237274677.56,0.00437,0.08920986655172936,0.05974620648098841,0.029463660070740944,69.1401466089738,58.47997854936749,90.4604827281864,72.75666177720312,65.6613008410879,5.4398,5.2826,5.263,5.554660942299729,4.971339057700271
2022-07-27,157,5.478,5.452,5.487,5.434,29699765,184668777.74,0.00342,0.09282956384282848,0.06636287795335645,0.026466685889472027,69.29227833489702,62.08407847787733,83.7086780489364,64.77185437548557,62.19368993203622,5.4677999999999995,5.3027999999999995,5.28185,5.571072023620916,4.992627976379085
2022-07-28,157,5.461,5.47,5.513,5.452,30327871,189301734.09,0.00349,0.09604350368866665,0.07229900310041851,0.023744500588248146,70.25825279963352,64.80880325179606,81.15715189530846,66.57276913001748,63.06420583409127,5.4766,5.3309,5.29865,5.590731657652191,5.006568342347809
2022-07-29,157,5.452,5.391,5.496,5.382,45131169,279304375.31,0.0052,0.09116509538048945,0.07607222155643271,0.015092873824056732,65.64225400317449,65.0866201689222,66.75352167167907,52.45090083027237,56.80210580529928,5.4643999999999995,5.3705,5.299,5.591528721037078,5.006471278962922
2022-08-01,157,5.391,5.426,5.452,5.355,25456114,157245312.03,0.00293,0.08909606067149056,0.07867698937944428,0.010419071292046278,62.809121716402025,64.32745401808214,59.77245711304181,57.26984806558127,58.78031080999292,5.447,5.4039,5.3015,5.597631905176001,5.005368094823999
2022-08-02,157,5.391,5.329,5.399,5.268,52374902,317793885.41,0.00604,0.07872184921441328,0.07868596134643809,3.588786797519006e-05,47.02042713582919,58.55844505733115,23.944391292825273,42.83297710811053,51.63176156696312,5.4136,5.4267,5.30375,5.600005846044933,5.007494153955067
2022-08-03,157,5.32,5.206,5.382,5.18,34954692,210142382.81,0.00403,0.059884894678212675,0.074925748012793,-0.015040853334580329,33.49216594533833,50.20301868666687,0.07046046268123973,30.957964789427777,44.196505862463326,5.364400000000001,5.4161,5.3027999999999995,5.600238609322662,5.005361390677337
2022-08-04,157,5.215,5.241,5.259,5.18,22335955,132858787.05,0.00257,0.04723615288149219,0.06938782898653284,-0.022151676105040652,27.361113930555582,42.58905043462977,-3.0947590775927836,36.928749705549976,46.58431317104491,5.318600000000001,5.3976,5.3019,5.600004820844172,5.003795179155827
2022-08-05,157,5.241,5.312,5.312,5.224,21090494,126430119.49,0.00243,0.04245164948060509,0.06400059308534728,-0.021548943604742188,30.164861861562827,38.44765424360745,13.599277097473575,47.89730815398594,51.20485943140318,5.3027999999999995,5.3835999999999995,5.30325,5.601277109328576,5.0052228906714245
2022-08-08,157,5.312,5.303,5.338,5.276,15044230,90738024.82,0.00173,0.037501382632741276,0.05870075099482608,-0.021199368362084803,32.422220220020876,36.43917623574526,24.38830818857211,46.662909790839194,50.599596218980615,5.2782,5.3626000000000005,5.3068,5.602939085388516,5.010660914611484
2022-08-09,157,5.303,5.25,5.303,5.241,20157718,120748376.85,0.00232,0.028967704126793947,0.05275414162121965,-0.023786437494425702,28.621820487020948,33.833390986170485,18.198679488721865,39.47390282480564,47.02838844696522,5.2624,5.337999999999999,5.3103,5.601746555541238,5.018853444458761
2022-08-10,157,5.25,5.241,5.276,5.232,15737120,94017237.91,0.00181,0.021233712322547227,0.046450055761485164,-0.025216343438937937,25.515812814132087,31.06086492882435,14.425708584747554,38.2723842431901,46.42145369663215,5.2694,5.3168999999999995,5.30985,5.601716065173754,5.017983934826246
2022-08-11,157,5.25,5.373,5.382,5.25,30292195,183808840.59,0.00349,0.025462204705458014,0.04225248555027974,-0.016790280844821724,40.66250266040182,34.26141083935018,53.4646863025051,59.80526907145738,55.59143814047673,5.295800000000001,5.3072,5.31905,5.606442249831425,5.031657750168574
2022-08-12,157,5.364,5.408,5.417,5.347,23283003,143020425.28,0.00268,0.031276969288162704,0.04005738229785633,-0.008780413009693629,59.17584565545783,42.566222444719386,92.3950920769347,63.82091700024502,57.68623547086436,5.315,5.3088999999999995,5.3397,5.585377666444236,5.094022333555763
2022-08-15,157,5.391,5.399,5.434,5.364,21243883,130721274.9,0.00245,0.03475831742647184,0.03899756932357944,-0.004239251897107596,68.19072125062016,51.107722046686305,102.35671965848786,61.912298444986305,56.932877370789086,5.3342,5.3062000000000005,5.35505,5.572279904891017,5.137820095108983
2022-08-16,157,5.399,5.399,5.434,5.391,19080153,117683428.97,0.0022,0.03708976284714449,0.03861600802829245,-0.0015262451811479602,74.20063831406172,58.805360802478106,104.99119333722894,61.9122984449863,56.932877370789086,5.364,5.3132,5.36995,5.551809951900568,5.188090048099433
2022-08-17,157,5.408,5.391,5.426,5.32,18582257,113564289.49,0.00214,0.03785554368147093,0.03846391515892815,-0.000608371477457223,75.97502871731096,64.52858344075572,98.86791927042142,59.62970415785349,56.15706224350345,5.394,5.3317,5.3739,5.553882338314838,5.193917661685162
2022-08-18,157,5.382,5.32,5.382,5.294,23420365,141977431.67,0.0027,0.03236031166525688,0.0372431944601939,-0.004882882794937017,65.1714712900885,64.74287939053332,66.02865508919888,42.81755398705477,49.61166731873718,5.3834,5.3396,5.3686,5.54836522701045,5.18883477298955
2022-08-19,157,5.312,5.285,5.347,5.268,24836801,149884512.41,0.00286,0.02489413709382049,0.03477338298691922,-0.009879245893098729,52.193522114184404,60.55976029841701,35.461045745719176,36.69710415933624,46.6854201711522,5.3588,5.3369,5.36025,5.539216477307939,5.181283522692061
2022-08-22,157,5.268,5.294,5.294,5.241,24605132,147668319.5,0.00284,0.019478823162669023,0.03171447102206918,-0.012235647859400157,45.0267045117664,55.382075036200135,24.315963462898907,39.37131324879295,47.55319931367396,5.3378,5.336,5.3492999999999995,5.515239874970652,5.183360125029347
2022-08-23,157,5.276,5.25,5.276,5.241,23039959,137808538.71,0.00265,0.011504112021494706,0.027672399221954285,-0.01616828720045958,31.57220715292204,47.445452408440765,-0.17428335811540308,31.551690098010297,43.75490438518103,5.308,5.336,5.337,5.493346443919673,5.180653556080326
2022-08-24,157,5.268,5.162,5.276,5.145,28700137,169951973.19,0.00331,-0.0018949091030560083,0.021758937556952226,-0.023653846660008235,23.008922415673553,39.29994241085169,-9.573117574682726,21.366795201137066,37.26130412842588,5.2622,5.3281,5.3225,5.487491227837024,5.157508772162975
2022-08-25,157,5.162,5.153,5.189,5.092,20621251,120496366.31,0.00238,-0.013089070198430974,0.014789336005875587,-0.02787840620430656,21.28470071376286,33.29486184515541,-2.735621549022241,20.552576125549052,36.65438180947163,5.228800000000001,5.3061,5.306649999999999,5.472880372802671,5.1404196271973275
2022-08-26,157,5.153,5.127,5.171,5.127,14738442,86296150.52,0.0017,-0.023784330941009735,0.007074602616498521,-0.030858933557508256,17.601106518726905,28.063610069679243,-3.3239005831777746,18.154327833738748,34.86468210379236,5.1972000000000005,5.2780000000000005,5.29345,5.47288123591243,5.11401876408757
2022-08-29,157,5.066,5.118,5.136,5.039,15350507,89123091.95,0.00177,-0.03261070938414257,-0.0008624597836296991,-0.03174824960051287,18.5385499099868,24.888590016448426,5.838469697063545,17.315056851469038,34.23348770406231,5.162000000000001,5.249899999999999,5.2780499999999995,5.462383193743824,5.093716806256175
2022-08-30,157,5.127,5.127,5.18,5.11,13016301,76136539.5,0.0015,-0.03843638335528965,-0.008377244497961692,-0.030059138857327958,20.911025498786152,23.562735177227665,15.607606141903126,21.66097404741751,35.50721690935639,5.1374,5.2227,5.26795,5.462387894292369,5.073512105707631
2022-08-31,157,5.127,5.066,5.136,5.057,21634353,125298941.53,0.00249,-0.047428725577590924,-0.01618754071388754,-0.031241184863703385,16.862761587935367,21.329410647463565,7.929463468878971,15.174193510626608,31.059450683354072,5.1182,5.1902,5.260949999999999,5.473970853933445,5.047929146066553
2022-09-01,157,5.066,5.11,5.153,5.066,18297602,106820797.03,0.00211,-0.05042354286457851,-0.023034741144025737,-0.02738880172055277,20.52288681025765,21.060569368394926,19.4475216939831,32.63580862791045,37.24508792764609,5.1095999999999995,5.1692,5.2543999999999995,5.477806544690468,5.030993455309531
2022-09-02,157,5.11,5.11,5.136,5.101,13585954,79168658.28,0.00157,-0.05219528225237813,-0.028866849365696223,-0.023328432886681905,23.667859842562848,21.929666193117566,27.144247141453413,32.63580862791045,37.24508792764609,5.106199999999999,5.1517,5.2443,5.474891093998849,5.013708906001151
2022-09-05,157,5.11,5.11,5.127,5.083,16407771,95270924.73,0.00189,-0.05298857898591347,-0.03369119528973968,-0.019297383696173794,25.764508530766314,23.207946972333815,30.87763164763132,32.63580862791045,37.24508792764609,5.1046,5.1333,5.23465,5.470980076933015,4.998319923066986
2022-09-06,157,5.118,5.171,5.197,5.118,15476301,91033022.76,0.00178,-0.048140157812247786,-0.0365809877942413,-0.011559170018006486,45.024440286333714,30.48011141033378,74.11309803833359,54.8844524426948,45.970457639105994,5.1134,5.1254,5.230700000000001,5.468585509835047,4.992814490164954
2022-09-07,157,5.162,5.145,5.171,5.136,10930202,64156047.72,0.00126,-0.045867003316224064,-0.038438190898637856,-0.007428812417586209,52.37916272253463,37.7797951810674,81.57789780546909,46.95284652744065,43.178941288397425,5.1292,5.1236999999999995,5.2259,5.466765894114079,4.985034105885921
2022-09-08,157,5.145,5.162,5.171,5.127,12976241,76135471.26,0.0015,-0.04220721681795503,-0.03919199608250129,-0.0030152207354537386,60.868808903630665,45.47613308858848,91.65416053371501,52.35521255217381,45.53789753616026,5.1396,5.1246,5.21535,5.44741013286035,4.98328986713965
2022-09-09,157,5.153,5.276,5.294,5.153,38221380,228512523.22,0.0044,-0.029764859803138144,-0.03730656882662867,0.007541709023490523,71.38089369946687,54.111053292214606,105.92057451397139,73.81462684242729,58.22520316521994,5.1728000000000005,5.1395,5.20875,5.42468846589396,4.992811534106041
2022-09-12,157,5.276,5.276,5.276,5.276,0,0.0,0.0,-0.019677373770664808,-0.033780729815435895,0.014103356044771087,78.38895023002434,62.20368560481785,110.7594794804373,73.81462684242729,58.22520316521994,5.2059999999999995,5.1553,5.2025999999999994,5.402105071825793,5.003094928174206
2022-09-13,157,5.276,5.268,5.329,5.25,17504165,105353643.91,0.00202,-0.012188005372173016,-0.02946218492678332,0.017274179554610303,77.86132803674627,67.42289974879398,98.73818461265085,70.60124413370824,57.11403422374119,5.2254,5.1694,5.19605,5.376054064281612,5.016045935718387
2022-09-14,157,5.224,5.241,5.294,5.197,18213116,109031521.33,0.0021,-0.008335216613160057,-0.025236791264058665,0.01690157465089861,73.3167661166384,69.38752187140878,81.17525460709766,60.01928946454642,53.364447226559804,5.2446,5.1869,5.18855,5.345358263745732,5.0317417362542685
2022-09-15,157,5.268,5.224,5.285,5.18,23967410,142531829.48,0.00276,-0.006577786178397993,-0.021504990246926533,0.01492720406852854,67.98353513466954,68.9195262924957,66.11155281901722,53.91380754092515,51.06188610334579,5.257,5.1983,5.18375,5.329072689937014,5.0384273100629855
2022-09-16,157,5.224,5.074,5.241,5.066,27247385,159307975.6,0.00314,-0.017091726150791686,-0.020622337427699564,0.003530611276907878,46.3362984547987,61.391783679930036,16.225328004536024,25.95639241712341,36.077803953534186,5.2166,5.194699999999999,5.1732,5.318209037830869,5.0281909621691305
2022-09-19,157,5.074,5.101,5.136,5.031,21926056,127142367.2,0.00253,-0.022980520983747255,-0.021093974138909104,-0.0018865468448381502,38.720843265167844,53.83480354167597,8.492922712151596,33.41452754739275,39.560497336996974,5.1816,5.1937999999999995,5.16355,5.3001546543092495,5.02694534569075
2022-09-20,157,5.101,5.083,5.145,5.083,10483334,61038789.58,0.00121,-0.02876825948303363,-0.022628831207734013,-0.006139428275299619,31.630450319955347,46.43335246776909,2.024646024327865,30.922742006302585,38.05268877520293,5.1446,5.1850000000000005,5.1552,5.289958419324912,5.0204415806750875
2022-09-21,157,5.083,5.136,5.171,5.057,18997488,110695273.01,0.00219,-0.02874705078609896,-0.023852475123407005,-0.004894575662691955,32.8319333229233,41.89954608615382,14.696707796462249,45.32810153693067,44.8094851788401,5.123600000000001,5.184099999999999,5.1539,5.288883663728933,5.018916336271067
2022-09-22,157,5.127,5.136,5.162,5.101,16716396,97821124.33,0.00193,-0.028402832543483747,-0.024762546607422355,-0.0036402859360613916,33.632921991568594,39.14400472129208,22.610756532121627,45.32810153693067,44.8094851788401,5.106,5.1815,5.15305,5.288271416864892,5.017828583135109
2022-09-23,157,5.118,5.118,5.189,5.101,14564927,85177980.53,0.00168,-0.029245363703433114,-0.025659110026624507,-0.0035862536768086067,32.1534916185402,36.81383368704145,22.8328074815377,41.133034639326304,42.91746321831846,5.114800000000001,5.1657,5.1526,5.288245668446959,5.01695433155304
2022-09-26,157,5.11,4.987,5.118,4.969,21472950,123394592.33,0.00247,-0.04002232438335085,-0.02853175289796978,-0.01149057148538107,23.28181492518063,32.30316076642118,5.239123242699534,22.747293795737676,32.14236200827928,5.0920000000000005,5.136799999999999,5.146050000000001,5.3001292345720765,4.991970765427925
2022-09-27,157,4.987,5.057,5.057,4.969,13115264,74916532.83,0.00151,-0.042425673564549626,-0.03131053703128575,-0.011115136533263875,24.80391037206136,29.803410634967904,14.804909846248279,39.95660886389241,40.80565215841641,5.0868,5.1156999999999995,5.142550000000001,5.301552780511938,4.983547219488064
2022-09-28,157,5.057,4.908,5.066,4.899,18136242,102860063.92,0.00209,-0.055711191930843285,-0.03619066801119726,-0.019520523919646024,17.41313323049708,25.673318166810958,0.8927633578693275,25.466139096745565,31.474757217883578,5.041200000000001,5.0824,5.134650000000001,5.3227118879098345,4.946588112090167
2022-09-29,157,4.943,4.864,4.969,4.829,16000251,89147254.29,0.00184,-0.06899515883188378,-0.04275156617533457,-0.026243592656549214,14.849496227738804,22.06537752045357,0.41773364230927257,22.566134601067745,29.31526441425133,4.986800000000001,5.0464,5.12235,5.3460097745166575,4.898690225483342
2022-09-30,157,4.855,4.864,4.916,4.837,13463404,74970225.57,0.00155,-0.07861655551658941,-0.04992456404358555,-0.028691991473003865,13.14040489256662,19.090386644491254,1.2404413887173504,22.566134601067745,29.31526441425133,4.936,5.0254,5.11005,5.361855668595529,4.858244331404471
2022-10-03,157,4.864,4.864,4.864,4.864,0,0.0,0.0,-0.08525877159587036,-0.056991405554042515,-0.02826736604182785,12.001010669118497,16.727261319367003,2.548509368621481,22.566134601067745,29.31526441425133,4.9113999999999995,5.0017000000000005,5.0977500000000004,5.372548969583602,4.822951030416399
2022-10-04,157,4.864,4.864,4.864,4.864,0,0.0,0.0,-0.08949117705517029,-0.06349135985426808,-0.025999817200902206,11.241414520153082,14.898645719629029,3.926952121201186,22.566134601067745,29.31526441425133,4.8728,4.9798,5.0824,5.3737687480983825,4.791031251901617
2022-10-05,157,4.864,4.864,4.864,4.864,0,0.0,0.0,-0.09178732171791104,-0.06915055222699668,-0.022636769490914366,10.735017087509473,13.51076950892251,5.183512244683396,22.566134601067745,29.315264414251317,4.864,4.9526,5.068350000000001,5.373770004170266,4.762929995829735
2022-10-06,157,4.864,4.864,4.864,4.864,0,0.0,0.0,-0.09254028605200304,-0.07382849899199795,-0.01871178706000509,11.193586939539195,12.738375319128071,8.104010180361442,22.566134601067745,29.31526441425133,4.864,4.9254,5.05345,5.368555646444249,4.738344353555751
2022-10-07,157,4.864,4.864,4.864,4.864,0,0.0,0.0,-0.09207562518466705,-0.07747792423053178,-0.014597700954135276,12.38503545617664,12.620595364810928,11.913915638908065,22.566134601067745,29.31526441425133,4.864,4.9,5.03285,5.340476071716937,4.725223928283063
2022-10-10,157,4.864,4.864,4.952,4.846,12734165,71131878.88,0.00147,-0.09066227974412122,-0.08011479533324967,-0.010547484410871555,13.17933446726827,12.806841732296707,13.924319937211393,22.566134601067745,29.31526441425133,4.864,4.887700000000001,5.01225,5.306192976926144,4.718307023073856
2022-10-11,157,4.873,4.89,4.908,4.846,11043565,61304197.02,0.00127,-0.08644769568642285,-0.0813813754038843,-0.005066320282538547,23.310032501988296,16.307905322193903,37.314286861577074,39.942950389514785,34.631305655222064,4.8692,4.871,4.99335,5.265883744892729,4.720816255107271
2022-10-12,157,4.899,5.11,5.11,4.881,31499550,180051644.86,0.00363,-0.06461065732023918,-0.07802723178715529,0.013416574466916104,48.87335500132552,27.163055215237776,92.293954573501,81.68215640334357,61.41676999036871,4.9184,4.8911999999999995,4.986800000000001,5.2398750668747835,4.733724933125218
2022-10-13,157,5.11,5.153,5.189,5.074,22483760,131688063.68,0.00259,-0.04333536385855119,-0.07108885820143447,0.02775349434288328,62.41702772683115,38.914379385768896,109.42232440895566,84.24958926118528,64.51693513815634,4.9762,4.9201,4.98325,5.224007466955292,4.742492533044708
2022-10-14,157,5.162,5.153,5.206,5.145,19516084,114889694.16,0.00225,-0.02617283636247869,-0.06210565383364332,0.03593281747116463,70.03727774381329,49.28867883845036,111.53447555453916,84.24958926118528,64.51693513815633,5.034000000000001,4.949,4.9872,5.23666139876477,4.737738601235229
2022-10-17,157,5.162,5.118,5.171,5.118,23153730,135415485.06,0.00267,-0.015220168214338692,-0.0527285567097824,0.03750838849544371,71.87670368106072,56.81802045265381,101.99407013787453,72.36191536273346,59.858014970346225,5.0847999999999995,4.9744,4.988049999999999,5.239253817436615,4.736846182563384
2022-10-18,157,5.145,5.048,5.153,5.039,24468124,141480377.2,0.00282,-0.012049613713578822,-0.044592768110541685,0.03254315439696286,66.62150615774416,60.08584902101726,79.69282043119797,54.056227077030194,51.710764700510694,5.1164000000000005,4.9928,4.9863,5.2351957507408144,4.7374042492591855
2022-10-19,157,5.039,4.969,5.066,4.969,16757640,95723622.37,0.00193,-0.015730237156518,-0.03882026191973695,0.023090024763218947,55.803226327385005,58.65830812313983,50.09306273587535,40.262371889549655,44.28907242051655,5.0882,5.0033,4.97795,5.216698028374315,4.739201971625684
2022-10-20,157,4.978,4.943,5.013,4.934,15274004,86340907.94,0.00176,-0.020508728398811904,-0.03515795521555194,0.014649226816740038,46.183632366404765,54.5000828708948,29.550731357424695,36.57627374925044,42.11871189559208,5.046200000000001,5.0112000000000005,4.9683,5.1954712546678365,4.741128745332164
2022-10-21,157,4.943,4.916,5.004,4.899,16417057,92465983.3,0.00189,-0.026172688820823353,-0.03336090193660623,0.007188213115782875,37.27056972575134,48.75691182251364,14.297885532226744,32.83069233465059,39.90345172648926,4.998800000000001,5.016399999999999,4.9582,5.175076001438587,4.741323998561413
2022-10-24,157,4.916,4.829,4.969,4.802,29311388,162648541.94,0.00338,-0.037252170750190494,-0.03413915569932308,-0.003113015050867411,27.07476925611146,41.52953096704624,-1.8347541657581132,23.5182819048904,33.67716360087729,4.941,5.0129,4.9503,5.174157191319049,4.726442808680952
2022-10-25,157,4.846,4.864,4.899,4.741,17605287,97141145.37,0.00203,-0.04271612777974898,-0.035854550115408265,-0.006861577664340715,26.867050471816242,36.64203746863624,7.317076478176247,32.72986742981561,37.92779343572575,4.9041999999999994,5.0103,4.94065,5.1617632360531225,4.719536763946877
2022-10-26,157,4.873,4.899,4.952,4.873,15955037,89254757.22,0.00184,-0.04371818971082586,-0.037427278034491786,-0.006290911676334075,29.237531855762803,34.17386893101176,19.364857705264896,41.22466633765536,41.984056521030425,4.8902,4.989199999999999,4.9402,5.161629423233846,4.718770576766154
2022-10-27,157,4.934,4.908,4.952,4.899,13007645,72945632.81,0.0015,-0.043287119302190646,-0.03859924628803156,-0.004687873014159086,32.43742433795043,33.59505406665798,30.122164880535337,43.42901491540749,43.02841656340626,4.8832,4.9647,4.9424,5.161503820620536,4.7232961793794646
2022-10-28,157,4.908,4.82,4.925,4.785,16120630,89214115.09,0.00186,-0.049476028161866026,-0.040774602662798455,-0.00870142549906757,28.016535319151473,31.73554781748914,20.578510322476134,30.157894399097245,36.097258124116365,4.864,4.9314,4.9402,5.1634625077535645,4.716937492246435
2022-10-31,157,4.802,4.697,4.802,4.662,22771487,122349293.31,0.00262,-0.0635730242524799,-0.04533428698073475,-0.018238737271745152,21.56547899164555,28.345524875541276,8.005387223854093,19.938521434266278,28.97937994172156,4.8376,4.8893,4.93185,5.178390078945198,4.6853099210548015
2022-11-01,157,4.706,4.829,4.829,4.688,31574672,171304546.41,0.00364,-0.06336328640296962,-0.04894008686518173,-0.014423199537787888,30.236435187212876,28.975828312765138,32.75764893610835,44.26196083818283,42.299628428666765,4.8306000000000004,4.8674,4.9301,5.179152013168228,4.681047986831773
2022-11-02,157,4.811,4.837,4.864,4.767,25590831,140793167.16,0.00295,-0.0618386965299802,-0.051519808798141435,-0.010318887731838762,37.214153672566866,31.72193676603238,48.19858748563584,45.46688302814714,43.00636704961948,4.8182,4.8542,4.92875,5.17959688137333,4.67790311862667
2022-11-03,157,4.829,4.82,4.837,4.785,16237425,88998033.02,0.00187,-0.06129562808580058,-0.05347497265567327,-0.007820655430127312,41.96470179691213,35.136191776325624,55.62172183808515,43.091471699784805,41.81895650328301,4.8006,4.8419,4.92655,5.180540032958173,4.672559967041827
2022-11-04,157,4.82,4.899,4.916,4.811,26661597,148238404.29,0.00307,-0.053869627387826746,-0.053553903602103964,-0.00031572378572278237,55.21784717495292,41.83007690920139,81.993387706456,55.930706590436465,48.96265258810673,4.8164,4.8402,4.9283,5.180954205127106,4.675645794872894
2022-11-07,157,4.899,4.916,4.934,4.873,20474290,114329356.93,0.00236,-0.046081511479927784,-0.052059425177668726,0.005977913697740943,66.0073004154859,49.889151411296226,98.24359842386525,58.35680761449023,50.39253040852995,4.860200000000001,4.8489,4.930899999999999,5.18183249249442,4.679967507505578
2022-11-08,157,4.925,4.899,4.934,4.873,14813226,82510559.46,0.00171,-0.0408106911452597,-0.04980967837118693,0.008998987225927228,71.2462462540021,57.008183025531515,99.72237271094328,54.74052004217181,48.89804762868736,4.8742,4.8524,4.93135,5.18200579250394,4.68069420749606
2022-11-09,157,4.908,4.89,4.916,4.881,11784356,65740931.31,0.00136,-0.03693400064639185,-0.047234542826227924,0.010300542179836072,75.43867397325624,63.15168000810642,100.0126619035559,52.667107439689914,48.07462499042798,4.8848,4.8515,4.92035,5.156908015583557,4.683791984416443
2022-11-10,157,4.881,4.864,4.89,4.82,19334765,106910936.8,0.00223,-0.035549881238662095,-0.04489761050871476,0.009347729270052667,75.04735127628844,67.11690376416709,90.90824630053112,46.55420065063845,45.651871281458895,4.8936,4.8471,4.9059,5.1165040435458975,4.695295956454102
2022-11-11,157,4.943,5.013,5.057,4.908,49813844,283191882.48,0.00574,-0.022174290795097917,-0.04035294656599139,0.018178655770893476,79.39019443712812,71.2080006551541,95.75458200107616,70.27788641135342,58.6725461113854,4.9164,4.8664000000000005,4.8989,5.082497844271222,4.715302155728779
2022-11-14,157,5.013,5.057,5.136,5.013,67043037,388900607.55,0.00773,-0.007932169705847869,-0.03386879119396269,0.02593662148811482,79.12372492737178,73.84657541255999,89.67802395699539,74.31761021284022,61.633654472695554,4.944599999999999,4.9024,4.89585,5.0656291444634,4.726070855536601
2022-11-15,157,5.039,5.092,5.11,5.022,28119265,162772025.22,0.00324,0.0061086050910796885,-0.02587331193695421,0.0319819170280339,81.90394577304363,76.5323655327212,92.64710625368849,77.2669589869319,63.87946811758802,4.9832,4.9287,4.8980500000000005,5.077021888412936,4.719078111587065
2022-11-16,157,5.11,5.048,5.127,5.031,19481717,112397272.51,0.00224,0.013529626957135221,-0.017992724158136325,0.031522351115271546,78.91032282305471,77.32501796283236,82.08093254349942,65.85757239261922,59.132435233337546,5.014799999999999,4.949800000000001,4.901999999999999,5.090783362335572,4.713216637664426
2022-11-17,157,5.048,5.031,5.057,4.987,18793526,107329650.24,0.00217,0.017833508764572237,-0.010827477573594611,0.028660986338166848,74.86426584828115,76.50476725798195,71.58326302887954,61.63776299001038,57.33655508183398,5.0482,4.9709,4.9064,5.103141240693102,4.7096587593068975
2022-11-18,157,5.039,4.978,5.048,4.969,18688209,106480838.4,0.00215,0.016774344917764417,-0.005307113075322805,0.022081457993087222,66.57617723218738,73.19523724938375,53.338057197794626,49.71929855716707,51.96860852348905,5.0412,4.978800000000001,4.9094999999999995,5.108815143217411,4.710184856782588
2022-11-21,157,4.978,4.934,4.978,4.916,18866226,105952842.6,0.00217,0.012243383618860015,-0.0017970137364862401,0.014040397355346255,56.40943461048778,67.5999697030851,34.02836442529315,41.68867014994139,47.90663039783524,5.0165999999999995,4.9806,4.91475,5.1106392006909935,4.718860799309006
2022-11-22,157,4.943,4.969,5.031,4.916,26038285,147462016.56,0.003,0.011345982172816349,0.0008315854453742785,0.01051439672744207,53.323589318384265,62.84117624151814,34.2884154721165,49.478024726120516,51.21551873740376,4.992,4.9876,4.92,5.115790435764443,4.724209564235557
2022-11-23,157,4.969,5.022,5.074,4.943,27809936,159208982.98,0.0032,0.014741511093380844,0.0036135705749755927,0.01112794051840525,52.21572621225617,59.299359565097475,38.04845950657355,59.34623456678705,55.848316243919825,4.9868,5.0008,4.926150000000001,5.126829136408005,4.725470863591997
2022-11-24,157,5.031,5.048,5.074,5.013,18075353,103881506.24,0.00208,0.01930790539045102,0.006752437538070679,0.01255546785238034,54.810484141504084,57.80306775723301,48.82531691004624,63.53869512409629,57.98365104152104,4.9902,5.0192,4.9331499999999995,5.140808905546139,4.72549109445386
2022-11-25,157,5.031,5.083,5.11,5.004,30836341,178605089.5,0.00355,0.025457554384858305,0.010493460907428207,0.014964093477430098,62.92262923809597,59.509588250853994,69.74871121257993,68.74534999398378,60.76990874774179,5.0112000000000005,5.0262,4.9463,5.1570751108845885,4.735524889115411
2022-11-28,157,5.048,4.995,5.057,4.96,20975516,119406116.59,0.00242,0.02296559793206221,0.012987888312355011,0.009977709619707198,54.428672256676926,57.8159495861283,47.65411759777419,48.04523428525172,51.41761593181801,5.0234000000000005,5.0200000000000005,4.9612,5.13700204178202,4.785397958217979
2022-11-29,157,5.031,5.189,5.189,5.022,54894230,321666775.02,0.00633,0.03622727748546062,0.017635766146976133,0.018591511338484485,69.61911483778461,61.75033800334707,85.3566685066597,71.08130610299482,64.5413920327328,5.0674,5.0297,4.9792000000000005,5.171000993356716,4.787399006643285
2022-11-30,157,5.171,5.127,5.189,5.101,29229148,170961703.9,0.00337,0.041258766899691324,0.022360366297519172,0.01889840060217215,72.17586898831546,65.22551499833654,86.07657696827329,60.75111223359252,58.98608481809011,5.0884,5.037599999999999,4.9937,5.18407923371936,4.803320766280639
2022-12-01,157,5.171,5.101,5.18,5.092,26832299,156591884.31,0.00309,0.04265655757727149,0.026419604553469644,0.016236953023801848,70.70576858073287,67.05226619246864,78.01277335726132,56.61095834266379,56.7513986469796,5.098999999999999,5.0446,5.00775,5.185190130748353,4.830309869251646
2022-12-02,157,5.092,5.083,5.118,5.057,21186365,122649792.99,0.00244,0.04182968068321813,0.02950161977941934,0.012328060903798788,67.5278994445423,67.21081060982652,68.16207711397385,53.57758551454751,55.172771775396086,5.099,5.0551,5.01695,5.1896663479294824,4.844233652070517
2022-12-05,157,5.092,5.232,5.25,5.092,47159639,279098231.03,0.00543,0.052591190931313925,0.03411953400979826,0.018471656921515665,76.39753556889141,70.27305226284815,88.64650218097793,69.70321894239163,64.17237339927959,5.1464,5.0849,5.03275,5.223460444612257,4.8420395553877436
2022-12-06,157,5.232,5.206,5.241,5.171,22489307,133220054.88,0.00259,0.05834916973320059,0.03896546115447873,0.01938370857872186,79.2075524482265,73.2512189913076,91.12021936206429,64.97696750323813,61.81017163694534,5.149800000000001,5.1086,5.0481,5.242859662958694,4.853340337041305
2022-12-07,157,5.18,5.162,5.215,5.136,25377247,149277038.53,0.00292,0.058685487396484604,0.04290946640287991,0.015776020993604693,76.02342577008201,74.17528791756573,79.71970147511459,57.11271628434772,57.87700093443175,5.1568000000000005,5.1226,5.0617,5.247768578189519,4.875631421810481
2022-12-08,157,5.197,5.171,5.206,5.145,20636035,121427658.69,0.00238,0.05899815237062889,0.04612720359642971,0.012870948774199177,74.93515740993976,74.42857774835707,75.94831673310514,58.35004074728792,58.46673646966408,5.1708,5.1349,5.07705,5.24413078726676,4.909969212733239
2022-12-09,157,5.162,5.241,5.285,5.136,55697758,331328431.68,0.00642,0.06415481973925097,0.04973272682499397,0.014422092914257001,77.71342559902187,75.523527031912,82.09322273324162,67.18595679204145,62.87664265350544,5.2024,5.1507000000000005,5.08845,5.2677932169714845,4.909106783028515
2022-12-12,157,5.224,5.11,5.232,5.101,35432918,208353605.71,0.00408,0.05701369229621811,0.0511889199192388,0.005824772376979308,59.55748841104382,70.20151415828926,38.269436916552934,45.5059407716819,51.67512971836705,5.178,5.1622,5.0911,5.270052390022413,4.912147609977587
2022-12-13,157,5.11,5.118,5.136,5.074,18002709,104716779.17,0.00207,0.05140723982546991,0.05123258390048504,0.0001746559249848692,48.62312092899997,63.00871641519282,19.851929956614242,46.764807792614995,52.241944579004,5.1604,5.1551,5.0924,5.271757214871085,4.913042785128914
2022-12-14,157,5.11,5.11,5.145,5.092,14873196,86645864.02,0.00171,0.045790705957228006,0.05014420831183363,-0.004353502354605625,40.163951964362546,55.39379493158273,9.704266029922167,45.50339920437805,51.58192527185986,5.15,5.1534,5.0955,5.2737659160975605,4.91723408390244
2022-12-15,157,5.092,5.039,5.118,5.031,18045193,103955681.75,0.00208,0.03520463863855561,0.04715629437717803,-0.011951655738622426,27.825836742645894,46.204475535270454,-8.931440842603223,35.34883403767586,45.96012479943714,5.123600000000001,5.1472,5.0959,5.273591512696043,4.918208487303958
2022-12-16,157,5.022,5.074,5.11,5.013,17768251,102526106.31,0.00205,0.02930154156978837,0.0435853438157001,-0.014283802245911734,26.026048024509013,39.478333031683306,-0.8785219898395695,42.8881916513231,48.9520741483888,5.0902,5.146299999999999,5.100700000000001,5.269968519160963,4.931431480839039
2022-12-19,157,5.048,4.934,5.083,4.916,21252302,120679675.22,0.00245,0.013174596141492856,0.03750319428085866,-0.024328598139365804,18.97671494316859,32.64446033551174,-8.358775841517698,27.496720820893174,39.42675587866392,5.055000000000001,5.1165,5.100700000000001,5.269968519160963,4.931431480839039
2022-12-20,157,4.934,4.89,4.952,4.873,18584458,103855816.48,0.00214,-0.0031205844079460476,0.029378438543097716,-0.03249902295104376,14.02654782619002,26.438489499071167,-10.797335519572272,24.21878379583069,36.96091891030893,5.009399999999999,5.0849,5.09675,5.28190072096452,4.91159927903548
2022-12-21,157,4.89,4.881,4.934,4.864,14270729,79522333.26,0.00164,-0.016569850255377716,0.020188780783402627,-0.03675863103878034,10.697033467657981,21.191337488600105,-10.291574574226267,23.53026223011382,36.452202804853286,4.9636,5.056800000000001,5.0897,5.296327149589218,4.883072850410781
2022-12-22,157,4.899,4.82,4.925,4.811,19755433,109521132.73,0.00228,-0.03178429100098601,0.009794166426524899,-0.04157845742751091,7.843944718739551,16.742206565313253,-9.952578974407853,19.11126917942852,33.08520774174933,4.9197999999999995,5.021700000000001,5.0783000000000005,5.317245137944602,4.839354862055399
2022-12-23,157,4.82,4.802,4.855,4.776,13663183,74903094.72,0.00157,-0.044778120173137204,-0.001120290893407525,-0.04365782927972968,7.577986632727886,13.687466587784797,-4.640973277385935,17.919617825545657,32.129865800802094,4.865399999999999,4.9778,5.0642499999999995,5.333194036440367,4.795305963559632
2022-12-26,157,4.811,4.846,4.855,4.811,10411601,57317573.69,0.0012,-0.050938207194874074,-0.011083874153700839,-0.03985433304117324,11.375387655784294,12.916773610451296,8.292615746450291,30.611069300851454,36.98226477079065,4.847799999999999,4.9514,5.056800000000001,5.3416080424647925,4.771991957535209
2022-12-27,157,4.864,4.873,4.881,4.846,9228969,51192203.71,0.00106,-0.05303014766174474,-0.019473128855309624,-0.03355701880643512,17.03778280366129,14.290443341521293,22.53246172794129,37.70398097535672,39.860569388786736,4.844399999999999,4.926900000000001,5.0409999999999995,5.3299589298808545,4.7520410701191445
2022-12-28,157,4.89,4.802,4.89,4.794,17908147,98217759.49,0.00206,-0.059728617841956044,-0.027524226652638914,-0.03220439118931713,13.95333224834902,14.178072977130535,13.503850790785986,28.508338233922203,35.242844432881185,4.8286,4.896100000000001,5.02475,5.32946928410466,4.72003071589534
2022-12-29,157,4.785,4.758,4.794,4.75,13801243,74957224.26,0.00159,-0.06780601050731327,-0.035580583423573786,-0.03222542708373949,10.103022299700147,12.819722751320404,4.6696213964596325,24.13154880364995,32.683132315605576,4.8162,4.868,5.0076,5.332209822467062,4.682990177532938
2022-12-30,157,4.741,4.776,4.802,4.741,13010323,70780571.71,0.0015,-0.0719258365522144,-0.042849634049301914,-0.029076202502912492,12.26457410817294,12.634673203604581,11.524375917309662,29.4488233655007,34.79661504449636,4.811,4.8382,4.99225,5.330591387856753,4.653908612143248
2023-01-02,157,4.776,4.776,4.776,4.776,0,0.0,0.0,-0.07433395283720223,-0.04914649780688198,-0.02518745503032025,14.221287747417547,13.163544718208904,16.33677380583483,29.4488233655007,34.79661504449636,4.797,4.8224,4.96945,5.301157845455654,4.6377421545443465
2023-01-03,157,4.776,4.811,4.82,4.741,18733448,102295371.81,0.00216,-0.07258152026888975,-0.05383350229928354,-0.018748017969606214,22.16201791856826,16.163035784995355,34.159982185714064,41.02252036666243,39.21291707729017,4.7846,4.8145,4.9497,5.2689069778949555,4.630493022105044
2023-01-04,157,4.82,4.855,4.881,4.794,16581067,91555661.56,0.00191,-0.06687142045245054,-0.056441085929916944,-0.010430334522533592,40.27803431707699,24.201368629022564,72.43136569318582,52.7225674416065,44.37942709751091,4.7951999999999995,4.8119,4.93435,5.239801021140505,4.628898978859495
2023-01-05,157,4.873,4.873,4.881,4.855,14021462,77723743.46,0.00162,-0.060199730621508074,-0.05719281486823517,-0.0030069157532729013,56.38222422033332,34.928320492792814,99.29003167541434,56.91819003306967,46.41207115559238,4.818199999999999,4.8172,4.91945,5.204700379399144,4.634199620600857
2023-01-06,157,4.881,4.864,4.881,4.855,11393927,63174433.58,0.00131,-0.05500453510487091,-0.05675515891556233,0.0017506238106914165,65.10492800371219,44.98718966309927,105.34040468493802,54.04069421443281,45.50499548659153,4.8358,4.8233999999999995,4.9006,5.142987597389815,4.658212402610185
2023-01-09,157,4.864,4.925,4.934,4.864,19777254,110707375.46,0.00228,-0.045441296057932234,-0.05449238634403631,0.009051090286104076,75.18221452406368,55.052197950087404,115.44224767201624,67.43200773040078,52.38560242121628,4.8656,4.831300000000001,4.89135,5.113353579866789,4.669346420133211
2023-01-10,157,4.925,4.899,4.925,4.881,13098573,73075262.18,0.00151,-0.03950495439713375,-0.0514948999546558,0.011989945557522051,77.40990467407352,62.504766858082775,107.220180306055,58.68601526228632,49.4806594633004,4.8832,4.8339,4.8804,5.075280152104301,4.685519847895699
2023-01-11,157,4.908,4.925,4.943,4.881,18341912,102837333.37,0.00211,-0.032329701480987794,-0.04766186025992221,0.015332158778934415,81.96963941967941,68.99305771194832,107.92280283514157,64.25015931583552,52.362457721104,4.8972,4.8462,4.87115,5.035279954929767,4.707020045070233
2023-01-12,157,4.925,4.89,4.934,4.873,13524012,75328279.12,0.00156,-0.029131657723755033,-0.04395581975268878,0.014824162028933746,79.23388502566087,72.40666681651916,92.88832144394428,52.76964389407559,48.31509612180118,4.9006,4.8594,4.8637,5.008089969034828,4.719310030965171
2023-01-13,157,4.89,5.004,5.013,4.881,29328271,165865974.73,0.00338,-0.017200066096009436,-0.038604669021352914,0.021404602925343477,85.05298217396995,76.62210526900276,101.91473598390434,72.1912909814126,59.451644287444886,4.9286,4.882199999999999,4.8602,4.985220587778193,4.7351794122218065
2023-01-16,157,5.031,5.083,5.11,5.004,32389225,186603279.56,0.00373,-0.0013539465513083826,-0.031154524527344008,0.029800577976035626,87.18722018349051,80.14381024049867,101.27404006947418,79.27745761599328,65.13142857799247,4.9601999999999995,4.9129000000000005,4.867649999999999,5.024813374600361,4.710486625399637
2023-01-17,157,5.066,5.092,5.11,5.048,22065756,127844703.38,0.00254,0.011794482681644958,-0.022564723085546214,0.034359205767191175,89.105205612523,83.13094203117343,101.05373277522213,79.97504519908789,65.72805343804262,4.9988,4.941000000000001,4.87775,5.064195843696134,4.6913041563038655
2023-01-18,157,5.101,5.083,5.153,5.074,19133345,111327934.53,0.0022,0.021243599799800172,-0.013803058508476936,0.03504665830827711,84.90682611304669,83.72290339179784,87.27467155554439,76.86982196960193,64.52364267107812,5.0304,4.9638,4.887849999999999,5.0956943496566485,4.68000565034335
2023-01-19,157,5.092,5.083,5.101,5.057,15476769,89370424.44,0.00178,0.02840466193160296,-0.005361514420460955,0.033766176352063915,81.86406631296543,83.10329103218703,79.38561687452224,76.86982196960193,64.52364267107812,5.069,4.9848,4.901000000000001,5.123529950674857,4.678470049325145
2023-01-20,157,5.092,5.127,5.127,5.083,20514779,119483659.09,0.00236,0.03720145235256389,0.0031510789341440168,0.03405037341841988,84.81413944673888,83.67357383703764,87.09527066614137,81.8351038685758,67.94150295454705,5.0936,5.0111,4.91725,5.156200226043629,4.678299773956371
2023-01-23,157,5.127,5.127,5.127,5.127,0,0.0,0.0,0.0436695764446533,0.011254778436245876,0.03241479800840742,86.78085486925451,84.70933418110992,90.92389624554366,81.8351038685758,67.94150295454705,5.1024,5.0313,4.931299999999999,5.185188578959948,4.677411421040051
2023-01-24,157,5.127,5.127,5.127,5.127,0,0.0,0.0,0.04823953604442277,0.01865172995788126,0.02958780608654151,88.09199848426493,85.83688894882826,92.60221755513828,81.8351038685758,67.94150295454705,5.1094,5.0541,4.944,5.210697542072204,4.677302457927796
2023-01-25,157,5.127,5.127,5.127,5.127,0,0.0,0.0,0.05127025041973976,0.02517543405025296,0.0260948163694868,88.87505781303938,86.84961190356529,92.92594963198758,81.8351038685758,67.94150295454705,5.1182,5.0743,4.96025,5.230103664047734,4.690396335952267
2023-01-26,157,5.127,5.127,5.127,5.127,0,0.0,0.0,0.053060465381316924,0.030752440316465755,0.022308025064851168,86.76681706551622,86.8220136242156,86.65642394811749,81.8351038685758,67.94150295454705,5.127,5.098,4.9787,5.240673160537664,4.716726839462336
2023-01-27,157,5.127,5.127,5.127,5.127,0,0.0,0.0,0.05385837778271796,0.0353736278097162,0.018484749973001757,82.92390978970926,85.52264567938015,77.72643801036747,81.8351038685758,67.94150295454706,5.127,5.1103000000000005,4.99625,5.247871164702621,4.7446288352973784
2023-01-30,157,5.162,5.153,5.206,5.136,30340028,178531742.91,0.0035,0.0559438262128209,0.03948766749033714,0.01645615872248376,76.75911659358674,82.60146931744902,65.0744111458622,86.82526834817412,70.74834376675119,5.132199999999999,5.117299999999999,5.0150999999999994,5.253379711793976,4.776820288206023
2023-01-31,157,5.145,5.11,5.171,5.101,25886001,151163579.02,0.00298,0.053509988645388695,0.04229213172134746,0.011217856924041238,63.029567661943716,76.07750209894725,36.93369878793666,56.19019910426768,61.09718434756958,5.1288,5.1190999999999995,5.03005,5.251324276099024,4.808775723900976
2023-02-01,157,5.136,5.145,5.145,5.083,24333160,141787684.91,0.0028,0.0537853582010861,0.04459077701729519,0.009194581183790906,58.82187979630916,70.32562799806789,35.81438339279171,67.41870380034274,65.30034956394923,5.1324,5.1253,5.044549999999999,5.255281532873839,4.833818467126159
2023-02-02,157,5.153,5.092,5.162,5.083,24340421,141440091.0,0.0028,0.049160244797795905,0.04550467057339534,0.0036555742244005623,41.653610921116524,60.76828897241743,3.4242548185147115,45.99648800420348,55.410612154315125,5.125399999999999,5.1262,5.055499999999999,5.250900263965749,4.8600997360342495
2023-02-03,157,5.092,5.048,5.092,5.004,24190462,138698705.59,0.00279,0.04146637823153032,0.04469701210502234,-0.0032306338734920184,35.02980002001833,52.18879265495106,0.7118147501528682,34.937142508844175,48.72709397818179,5.1095999999999995,5.1183,5.0647,5.238240348713403,4.891159651286597
2023-02-06,157,5.092,5.039,5.118,5.022,28529481,164503645.55,0.00329,0.03424792005892563,0.042607193695803,-0.00835927363687737,29.128777571101324,44.50212096033448,-1.6179092073649883,32.99016760475399,47.449988720767124,5.086799999999999,5.1095,5.0704,5.23167570378569,4.90912429621431
2023-02-07,157,5.048,5.048,5.057,5.022,20439041,117355784.64,0.00236,0.028920091917155943,0.03986977334007359,-0.010949681422917648,26.67991112000819,38.56138434689238,2.9169646662398065,37.190462783462245,48.91073371882134,5.0744,5.1015999999999995,5.07785,5.2181958510064606,4.937504148993539
2023-02-08,157,5.057,5.031,5.083,5.022,16462028,94589947.17,0.0019,0.023060168536670922,0.03650785237939306,-0.013447683842722137,22.24205295789325,33.121607217226,0.4829444392277509,32.56383572628947,46.26094603632467,5.0516,5.092,5.08315,5.206122440215776,4.960177559784223
2023-02-09,157,5.048,5.118,5.127,5.022,31372030,181707658.55,0.00362,0.025146437470361604,0.03423556939758677,-0.009089131927225165,33.63991649338102,33.29437697594434,34.33099552825439,61.770543746185304,58.740294572145466,5.0568,5.0911,5.09455,5.1780761698668325,5.011023830133167
2023-02-10,157,5.118,5.32,5.355,5.11,141059713,851402422.4,0.01625,0.04260836968065718,0.03591012945420085,0.006698240226456327,52.43610767175068,39.674953874546446,77.95841526615916,82.67581756775834,74.02103547919808,5.1112,5.1104,5.1103499999999995,5.232415168099461,4.988284831900538
2023-02-13,157,5.338,5.663,5.777,5.338,194762133,1246482503.34,0.02244,0.08316562859067922,0.04536122928149653,0.03780439930918269,63.37482641678593,47.574911388626276,94.97465647310523,91.80598250256885,84.59172939526148,5.236000000000001,5.1613999999999995,5.13935,5.414123993253391,4.86457600674661
2023-02-14,157,5.671,5.707,5.724,5.566,91966009,591564210.65,0.0106,0.11750347384897797,0.05978967819499283,0.057713795653985135,72.56467513598578,55.90483263774611,105.8843601324651,92.42085608037338,85.42183191373095,5.3678,5.2211,5.1701,5.542772227934519,4.797427772065481
2023-02-15,157,5.689,5.715,5.768,5.663,77411752,503511869.95,0.00892,0.143705449776534,0.07657283251130108,0.06713261726523291,79.03621723166623,63.61529416905281,109.87806335689307,92.54294461172611,85.57596310336794,5.504600000000001,5.2781,5.201700000000001,5.643957414921025,4.759442585078976
2023-02-16,157,5.689,5.549,5.715,5.505,69499249,445066578.66,0.00801,0.1493542292112613,0.09112911185129313,0.05822511735996816,75.95791965554791,67.72950266455118,92.41475363754137,66.0501457198181,69.05027193786826,5.5908,5.3238,5.225,5.689470269854749,4.76052973014525
2023-02-17,157,5.557,5.636,5.724,5.557,66123633,426058478.95,0.00762,0.1590180395456704,0.1047068973901686,0.0543111421555018,77.74678087411803,71.06859540107345,91.10315182020719,71.22999250837711,72.1276518868531,5.654,5.382599999999999,5.25045,5.746983870154417,4.7539161298455825
2023-02-20,157,5.654,6.04,6.075,5.645,179376640,1211024089.84,0.02067,0.19700514975199734,0.12316654786253436,0.07383860188946298,84.05657503035535,75.39792194416742,101.37388120273118,84.45034633571042,81.46419929823664,5.7294,5.4827,5.2961,5.900916422778976,4.691283577221024
2023-02-21,157,6.04,6.031,6.146,5.926,100337160,688130135.5,0.01156,0.2238041090332814,0.1432940600966838,0.0805100489365976,85.96061111157734,78.91881833330405,100.0441966681239,83.4255336621878,80.80637775229349,5.794199999999999,5.581,5.3412999999999995,6.023122048091111,4.659477951908888
2023-02-22,157,5.988,6.005,6.058,5.944,58655587,400346481.11,0.00676,0.24017589640157144,0.16267042735766135,0.07750546904391009,86.10372787103867,81.31378817921558,95.68360725468483,80.05764334876353,78.80101694699437,5.852200000000001,5.6784,5.385199999999999,6.119934495547453,4.650465504452546
2023-02-23,157,6.005,5.988,6.031,5.944,41884265,285167038.12,0.00483,0.24890962272834471,0.17991826643179804,0.06899135629654668,84.21766676551094,82.2817477079807,88.08950488057141,77.5996783958285,77.43038008241484,5.9399999999999995,5.7654,5.42825,6.1992848138771235,4.657215186122877
2023-02-24,157,5.988,5.908,5.996,5.865,48989070,330095047.3,0.00565,0.24653394252643057,0.19324140165072456,0.05329254087570601,77.10194945053826,80.55514828883321,70.19555177394835,66.13354479137143,71.08311462923456,5.994400000000001,5.824199999999999,5.4673,6.253062814085781,4.681537185914219
2023-02-27,157,5.865,5.891,5.961,5.847,41791951,281237744.46,0.00482,0.24050702564436222,0.20269452644945213,0.03781249919491009,71.47410254580866,77.52813304115836,59.36604155510929,63.73219123114699,69.75751082739643,5.9646,5.847,5.5042,6.297098108540008,4.711301891459992
2023-02-28,157,5.891,5.891,5.926,5.821,36702914,245201542.14,0.00423,0.2330442614131467,0.20876447344219107,0.024279787970955646,67.72220460932226,74.25949023054632,54.647633366874146,63.73219123114699,69.75751082739644,5.9366,5.8654,5.54325,6.3313172894059155,4.755182710594084
2023-03-01,157,5.891,5.97,5.996,5.865,49509164,335399410.08,0.00571,0.2308435856028943,0.2131802958743317,0.017663289728562598,68.52108490649779,72.34668845586347,60.86987780776644,70.82194702610981,72.58494029418526,5.9296,5.8909,5.5845,6.371161031796656,4.797838968203345
2023-03-02,157,5.944,6.014,6.04,5.935,42613699,291230480.45,0.00491,0.2299986847757749,0.21654397365462036,0.013454711121154539,70.23162147459136,71.64166612877277,67.41153216622857,74.19360924413607,74.0585505333068,5.9348,5.9374,5.6306,6.403683885963778,4.857516114036223
2023-03-03,157,5.979,6.023,6.031,5.97,34343386,235089772.58,0.00396,0.22743360652339728,0.2187219002283758,0.008711706295021493,67.53902970100961,70.2741206528517,62.06884779732542,74.90537890545357,74.36601011843504,5.9578,5.9761,5.67935,6.4200328357386915,4.938667164261309
2023-03-06,157,6.023,5.917,6.023,5.882,81654431,552094000.04,0.00941,0.21437625340276512,0.21785277086325364,-0.0034765174604885207,58.528129505314425,66.35879027033927,42.86680797526472,53.89599561017109,64.53808596243002,5.963,5.9638,5.72325,6.405936296147348,5.040563703852652
2023-03-07,157,5.891,5.838,5.97,5.829,42575557,286351100.25,0.00491,0.19540110490795914,0.21336243767219476,-0.017961332764235616,41.606272029418186,58.107950856698906,8.602914374856738,43.08772249684237,58.27641908065922,5.9524,5.9445,5.76275,6.367953358602028,5.157546641397971
2023-03-08,157,5.812,5.847,5.865,5.777,29055323,192713587.62,0.00335,0.17902569107400446,0.20649508835255667,-0.027469397278552216,36.60950454686184,50.94180208675321,7.9449094670791,44.60636768872263,58.773530797109075,5.9277999999999995,5.928700000000001,5.8035499999999995,6.301574507957525,5.305525492042474
2023-03-09,157,5.856,5.733,5.865,5.707,36591808,239476714.75,0.00422,0.1550617549814195,0.19620842167832928,-0.04114666669690978,27.00893896717714,42.964181046894524,-4.901545192257629,31.734836631788568,50.465174598091615,5.8716,5.9032,5.834300000000001,6.216598367908215,5.452001632091786
2023-03-10,157,5.724,5.645,5.75,5.628,36853980,237962874.28,0.00425,0.12749956282960362,0.18246664990858416,-0.05496708707898054,19.38136384219572,35.103241978661586,-12.062392430736011,25.041377316941336,45.09677104767402,5.796,5.876900000000001,5.85055,6.161836278798863,5.539263721201137
2023-03-13,157,5.645,5.689,5.768,5.636,31424321,204079871.85,0.00362,0.10796223777799785,0.1675657674824669,-0.059603529704469055,17.856184309036625,29.354222755453264,-5.139892583796652,33.46184762206961,48.10779404850535,5.7504,5.856699999999999,5.85185,6.160040149779443,5.543659850220557
2023-03-14,157,5.742,5.592,5.742,5.566,30481288,195346582.94,0.00351,0.08368698609649083,0.1507900112052717,-0.06710302510878086,13.732533561861251,24.146993024255924,-7.096385362928096,25.795901476323422,42.502045230210875,5.7012,5.8268,5.8461,6.169581000825024,5.522618999174976
2023-03-15,157,5.636,5.689,5.75,5.601,29030687,187947857.03,0.00335,0.0714521081566426,0.13492243059554587,-0.06347032243890327,17.972226675649452,22.08873757472043,9.739204877507497,41.796787994572206,48.98674385372321,5.6696,5.7987,5.8448,6.170699306373547,5.5189006936264535
2023-03-16,157,5.689,5.557,5.724,5.531,37811007,241155124.29,0.00436,0.05052219400856561,0.11804238327814982,-0.06752018926958421,13.743002065609167,19.306825738350007,2.6153547201274847,30.91187534667678,41.96125392306896,5.6344,5.752999999999999,5.8452,6.169586773693673,5.520813226306327
2023-03-17,157,5.61,5.619,5.689,5.592,28916910,185475309.64,0.00333,0.03849423057038326,0.10213275273659651,-0.06363852216621325,15.843854072592903,18.152501849764306,11.226558518250094,39.754934409887746,45.93432207603115,5.6292,5.7126,5.84435,6.171125168160523,5.517574831839478
2023-03-20,157,5.645,5.61,5.812,5.592,54190650,352107003.16,0.00624,0.027913983083846183,0.08728899880604646,-0.059375015722200275,18.446800918654798,18.250601539394466,18.839199677175458,38.887881749913944,45.441713381498374,5.6134,5.681900000000001,5.822850000000001,6.1519989984154835,5.493701001584518
2023-03-21,157,5.619,5.584,5.663,5.557,29034387,185054371.94,0.00335,0.017232433251608725,0.07327768569515891,-0.056045252443550186,17.587288436787812,18.029497171858914,16.702870966645605,36.15433271598521,43.95610823520865,5.611800000000001,5.656499999999999,5.8004999999999995,6.130840494195432,5.470159505804567
2023-03-22,157,5.61,5.575,5.636,5.557,22971346,146150322.34,0.00265,0.007949367904411808,0.06021202213700949,-0.05226265423259768,16.9443132876332,17.66776921045034,15.497401441998917,35.128623813321695,43.42006857350617,5.589,5.6293,5.779,6.1092719772360145,5.448728022763985
2023-03-23,157,5.566,5.549,5.575,5.487,31857220,200717649.35,0.00367,-0.001488354152800575,0.04787194687904748,-0.049360301031848054,17.655183217396516,17.6635738794324,17.638401893324755,31.98307733012136,41.813092612547834,5.5874,5.6109,5.7570500000000004,6.087189029724426,5.426910970275575
2023-03-24,157,5.557,5.47,5.566,5.399,41364459,257015520.5,0.00477,-0.015167613836789329,0.03526403473588012,-0.05043164857266945,17.500549909257053,17.609232556040617,17.283184615689926,24.111056958014743,37.24411679709176,5.5576,5.5934,5.73515,6.080869859210672,5.389430140789328
2023-03-27,157,5.47,5.417,5.478,5.382,28670100,176711620.1,0.0033,-0.029940052462779754,0.02222321729614814,-0.05216326975892789,14.380211567411685,16.532892226497637,10.07485024923978,20.123556676014076,34.48615242553409,5.519,5.5662,5.71145,6.0766253580203315,5.346274641979669
2023-03-28,157,5.426,5.399,5.478,5.391,22032988,136127942.13,0.00254,-0.04260860064593519,0.009256853707731471,-0.051865454353666664,10.904637168972156,14.656807207322476,3.400297092271515,18.852866282730574,33.56526560790243,5.482,5.546899999999999,5.686850000000001,6.067074462791751,5.30662553720825
2023-03-29,157,5.434,5.408,5.434,5.364,22463850,138158879.57,0.00259,-0.051330584542763624,-0.0028606339423675516,-0.04846995060039607,10.54356763645766,13.285727350367537,5.059248208637904,21.815033098673013,34.51901718078233,5.448600000000001,5.5188,5.6587499999999995,6.03389958420119,5.283600415798809
2023-03-30,157,5.443,5.417,5.478,5.338,30731447,188855509.5,0.00354,-0.05686113506543933,-0.01366073416698191,-0.04320040089845742,12.584600646527306,13.05201844908746,11.649765041407,25.09615007902552,35.52872308768087,5.4222,5.5048,5.6289,5.9792146856005,5.2785853143995
2023-03-31,157,5.443,5.452,5.522,5.417,34290507,213378470.41,0.00395,-0.057754174534060176,-0.02247942224039757,-0.03527475229366261,20.082041456659212,15.395359451611377,29.455405466754883,37.3630740667127,39.48731066993496,5.4186,5.4881,5.600350000000001,5.905601768390079,5.295098231609922
2023-04-03,157,5.478,5.645,5.689,5.443,55455115,353570447.75,0.00639,-0.042399670704424075,-0.026463471933202875,-0.0159361987712212,42.54282345923525,24.444514120819335,78.73944213606708,69.93931316492689,55.80956356316915,5.4642,5.4916,5.58675,5.854538506494459,5.318961493505542
2023-04-04,157,5.645,5.654,5.671,5.592,33674753,216378532.71,0.00388,-0.02916865293814297,-0.027004508134190894,-0.002164144803952075,58.37137898232016,35.75346907465294,103.6071987976546,70.78942689931658,56.407723006934525,5.5152,5.4986,5.5775500000000005,5.820483367515946,5.334616632484055
2023-04-05,157,5.654,5.654,5.654,5.654,0,0.0,0.0,-0.018470064626234795,-0.025297619432599675,0.006827554806364881,68.92374933104342,46.810229160116435,113.15078967289739,70.78942689931658,56.40772300693453,5.5644,5.5065,5.5679,5.779016231393751,5.356783768606249
2023-04-06,157,5.645,5.663,5.689,5.601,24900094,159839058.77,0.00287,-0.009159545981570538,-0.02207000474239385,0.01291045876082331,76.81336375155983,56.8112740239309,116.81754320681769,71.93242502173993,57.09881378118351,5.6136,5.517899999999999,5.564400000000001,5.766102647217983,5.3626973527820185
2023-04-07,157,5.689,5.61,5.689,5.601,19005146,121688953.28,0.00219,-0.005988518029373502,-0.018853707399789782,0.01286518937041628,77.03986833199907,63.55413879328695,104.01132740942333,56.350592495958566,51.82100894996381,5.6452,5.5319,5.56265,5.762001870874234,5.3632981291257655
2023-04-10,157,5.619,5.575,5.636,5.557,18601844,118470181.48,0.00214,-0.00622787199239383,-0.016328540318310592,0.010100668325916762,73.86703472845524,66.99177077167639,87.61756264201296,48.094692824672755,48.585702227294,5.6312,5.5477,5.5569500000000005,5.747411461773917,5.366488538226084
2023-04-11,157,5.592,5.619,5.619,5.531,20240745,128671751.7,0.00233,-0.0028344556159556333,-0.0136297233778396,0.010795267761883966,75.93034983796349,69.97129712710542,87.84845525967964,57.49021118293722,52.64067801186564,5.6242,5.5697,5.558300000000001,5.750184943596293,5.366415056403709
2023-04-12,157,5.654,5.575,5.663,5.557,24913966,158297488.91,0.00287,-0.0036534660832119314,-0.011634471918914067,0.007981005835702135,69.98297832334823,69.97519085918634,69.99855325167204,47.23093407292204,48.47036009756275,5.6084000000000005,5.5864,5.5526,5.7346588684435655,5.370541131556434
2023-04-13,157,5.566,5.54,5.592,5.522,19421150,122680748.29,0.00224,-0.007045528801606693,-0.010716683295452592,0.0036711544938458993,59.798950318546545,66.58311067897307,46.23062959769351,40.356553920723215,45.352525350395325,5.5838,5.5987,5.55175,5.7338810979544945,5.369618902045506
2023-04-14,157,5.54,5.505,5.557,5.478,30562759,191987544.92,0.00352,-0.01241485966299205,-0.011056318568960485,-0.001358541094031565,44.13136972263294,59.09919702685969,14.195715114179436,34.356005789813594,42.37871549421488,5.5628,5.604000000000001,5.546049999999999,5.726446609840953,5.3656533901590455
2023-04-17,157,5.522,5.628,5.645,5.496,33178291,211594404.74,0.00382,-0.006668154672244242,-0.010178685789617238,0.0035105311173729958,53.117595612876954,57.10532988886544,45.14212706089998,59.654342185741314,53.95394855641804,5.5734,5.6023,5.54695,5.728863195030816,5.365036804969184
2023-04-18,157,5.636,5.663,5.742,5.61,42028142,271636447.41,0.00484,0.0007022626814299215,-0.008002496095407806,0.008704758776837728,58.77031626717053,57.66032534830047,60.99029810491065,64.34622028898647,56.65678299959043,5.5822,5.6032,5.5509,5.739508087118024,5.362291912881977
2023-04-19,157,5.68,5.628,5.689,5.619,23572824,151683702.62,0.00272,0.0036767804066117904,-0.005666640795003886,0.009343421201615677,58.119604784174314,57.81341849359175,58.73197736533943,56.4663211357105,53.24711795431957,5.5927999999999995,5.6006,5.5535499999999995,5.745050968803387,5.362049031196612
2023-04-20,157,5.61,5.628,5.654,5.575,19308157,123427345.31,0.00222,0.0059653423803958106,-0.0033402441599239465,0.009305586540319757,57.685797128843504,57.77087803867566,57.5156353091792,56.4663211357105,53.24711795431957,5.6104,5.5971,5.5575,5.751843699883004,5.363156300116996
2023-04-21,157,5.636,5.531,5.742,5.513,45256048,290464357.18,0.00522,-4.7497581769917474e-05,-0.0026816948442931407,0.0026341972625232232,45.149117277814845,53.56362445172205,28.320102930000445,37.92933777094853,44.42847051645606,5.6156,5.5892,5.56055,5.750987142551454,5.370112857448547
2023-04-24,157,5.531,5.312,5.54,5.285,49671304,304143465.56,0.00572,-0.022227956269078142,-0.006590947129250143,-0.015637009139827997,32.06877694523908,46.39867528289439,3.4089802699284633,20.074673603742625,31.556276685492335,5.5524000000000004,5.562900000000001,5.5553,5.767001975228843,5.343598024771157
2023-04-25,157,5.338,5.355,5.417,5.276,31451919,191381913.03,0.00362,-0.035922299043828154,-0.012457217512165749,-0.023465081531662407,27.030114530016366,39.942488365268375,1.2053668595123526,28.05437106344928,35.55562410053744,5.4908,5.5365,5.5531,5.7724184658748285,5.333781534125171
2023-04-26,157,5.347,5.364,5.399,5.312,17223926,105133139.4,0.00198,-0.04552416533123971,-0.019070607075980545,-0.026453558255259163,24.314783077235518,34.73325326925742,3.477842693191718,29.814342739506614,36.404114896886966,5.438000000000001,5.5154,5.5509,5.777121037692654,5.324678962307347
2023-04-27,157,5.373,5.434,5.443,5.329,21692469,133084126.11,0.0025,-0.046944155552660405,-0.02464531677131652,-0.022298838781343883,27.51171518453757,32.32607390768413,17.882997738244455,42.860301130218325,42.79472448598642,5.3992,5.5048,5.55175,5.775971577439545,5.327528422560455
2023-04-28,157,5.434,5.689,5.698,5.426,49170779,313594185.69,0.00567,-0.02717982703043731,-0.02515221882314068,-0.002027608207296628,47.88334660371174,37.51183147302667,68.6263768650819,68.4755481390118,59.119847949700905,5.4308000000000005,5.523200000000001,5.563599999999999,5.790657516478706,5.336542483521292
2023-05-01,157,5.689,5.689,5.689,5.689,0,0.0,0.0,-0.011385212638034936,-0.022398817586119533,0.011013604948084597,61.464434216494524,45.49603238751595,93.40123787445168,68.4755481390118,59.11984794970091,5.5062,5.5293,5.5658,5.7969933344513676,5.334606665548633
2023-05-02,157,5.689,5.689,5.689,5.689,0,0.0,0.0,0.001119231260717335,-0.01769520781675216,0.018814439077469495,70.51849262501638,53.83685246668276,103.88177294168361,68.4755481390118,59.11984794970091,5.573,5.5319,5.56755,5.80206044191768,5.333039558082319
2023-05-03,157,5.689,5.689,5.689,5.689,0,0.0,0.0,0.010903405469019134,-0.0119754851595979,0.022878890628617032,76.55453156403095,61.40941216579881,106.84477036049523,68.47554813901182,59.11984794970091,5.638,5.538,5.5693,5.807027043830579,5.331572956169421
2023-05-04,157,5.68,5.777,5.803,5.636,47520344,311772477.03,0.00548,0.02546475670948034,-0.004487436785782251,0.02995219349526259,82.72515893010035,68.51466108723265,111.14615461583574,76.13222090457823,64.12390541569337,5.7066,5.5529,5.575,5.827212107894182,5.3227878921058185
2023-05-05,157,5.812,5.777,5.812,5.715,38325447,251756448.79,0.00442,0.03658302612340858,0.003726655796055918,0.03285637032735266,86.30682237131066,74.44538151525865,110.02970408341469,76.13222090457823,64.12390541569337,5.724200000000001,5.577500000000001,5.58335,5.851024802699107,5.3156751973008936
2023-05-08,157,5.786,5.794,5.829,5.742,40600311,267924622.32,0.00468,0.04623314573690074,0.012227953784224884,0.03400519195267585,88.61460627461973,79.16845643504567,107.50690595376784,77.64278444398954,65.10589134752084,5.7452000000000005,5.6257,5.5943,5.877975945588041,5.310624054411958
2023-05-09,157,5.812,5.768,5.891,5.759,45075471,298913446.19,0.00519,0.051192833231954005,0.020020929673770713,0.031171903558183292,85.1143638509327,81.15042557367468,93.04224040544875,69.5628134870169,62.26248115119296,5.761,5.667,5.60175,5.8957939458742,5.3077060541258
2023-05-10,157,5.777,5.733,5.812,5.707,27245259,178367215.48,0.00314,0.05170321137501066,0.026357386014018706,0.025345825360991954,78.75007769273647,80.35030961336194,75.54961385148553,59.55177065903137,58.50988580926774,5.769799999999999,5.7039,5.60965,5.909107948897507,5.310192051102494
2023-05-11,157,5.759,5.715,5.777,5.707,17634190,115129789.62,0.00203,0.050077972468576704,0.031101503304930313,0.01897646916364639,62.82684918077853,74.50915613583413,39.46223527066732,54.69409691294855,56.59613619343101,5.7574,5.732,5.618399999999999,5.919511205196259,5.31728879480374
2023-05-12,157,5.715,5.645,5.75,5.645,17902905,115849030.2,0.00206,0.04264990241404387,0.03341118312675303,0.009238719287290843,43.061036708754244,64.02644966014083,1.1302108059810791,39.61437699144744,49.69971385243316,5.731,5.7276,5.625400000000001,5.921884951246766,5.3289150487532355
2023-05-15,157,5.645,5.654,5.689,5.54,26631484,170134230.28,0.00307,0.037062099352354494,0.03414136637187332,0.0029207329804811707,39.53356863204698,55.862155984109535,6.8763939279218675,42.07826028442746,50.544955129703176,5.702999999999999,5.7241,5.6267000000000005,5.923460828738721,5.32993917126128
2023-05-16,157,5.663,5.61,5.663,5.592,19191730,122989735.43,0.00221,0.028751859354141374,0.03306346496832693,-0.00431160561418556,33.003385735704654,48.2425659013079,2.525025404498166,33.95120540293331,46.38765491599812,5.6714,5.7162,5.62405,5.920392245243227,5.327707754756774
2023-05-17,157,5.619,5.636,5.707,5.584,20610708,132328359.87,0.00238,0.023987405117885885,0.031248252998238725,-0.00726084788035284,31.119066273945556,42.53473269218711,8.28773343746245,41.90728321024311,49.08707723300034,5.652,5.7109,5.62445,5.920836287771474,5.328063712228527
2023-05-18,157,5.654,5.671,5.707,5.628,18275084,117955976.59,0.00211,0.022773232652236075,0.0295532489290382,-0.006780016276802126,33.1866899566095,39.418718446994575,20.722632975839346,51.36997255629144,52.59246946860674,5.6432,5.7003,5.6266,5.923717662321117,5.329482337678883
2023-05-19,157,5.663,5.54,5.671,5.531,25205011,159909887.17,0.0029,0.011112291459474122,0.025865057435125387,-0.014752765975651266,22.957793304406362,33.93174339946517,1.0098931142887437,29.66608215168513,41.0517667121434,5.6222,5.6766,5.62705,5.9235847055218915,5.330515294478108
2023-05-22,157,5.496,5.531,5.549,5.461,25351190,158863522.26,0.00292,0.0011316419043545523,0.020918374328971222,-0.01978673242461667,21.95286885061083,29.938785216513722,5.981036118805051,28.667529471836573,40.38754070596757,5.5976,5.6503,5.638,5.899675572538145,5.376324427461855
2023-05-23,157,5.531,5.487,5.557,5.487,17073093,107376958.25,0.00197,-0.010210823039447092,0.014692534855287558,-0.02490335789473465,17.377861934162475,25.751810789063303,0.629964224360819,23.94007180745794,37.17918428889369,5.573,5.622199999999999,5.6446,5.881728790234132,5.407471209765867
2023-05-24,157,5.478,5.347,5.478,5.338,31697160,194608845.8,0.00365,-0.030149098160201504,0.005724208252189744,-0.03587330641239125,12.313396629247503,21.272339402458034,-5.604488917173562,14.690383225282844,29.14323949118004,5.5152,5.5836,5.64375,5.885196409004278,5.4023035909957215
2023-05-25,157,5.347,5.382,5.399,5.329,17565210,107260666.94,0.00202,-0.042634651623357556,-0.003947563722919719,-0.03868708790043784,12.882652426553001,18.475777077156355,1.6964031253462935,23.551562638692673,33.08756279937529,5.4574,5.5503,5.64115,5.893002316792386,5.389297683207613
2023-05-26,157,5.382,5.426,5.434,5.338,14897408,91465457.39,0.00172,-0.04842094391929752,-0.012842239762195283,-0.03557870415710224,17.14222683816059,18.03126033082443,15.364159852832906,33.90795729209428,37.83348818069376,5.4346000000000005,5.5283999999999995,5.628,5.896262244042942,5.359737755957058
2023-05-29,157,5.487,5.443,5.531,5.399,25514374,158440367.0,0.00294,-0.05104643282444421,-0.02048307837464507,-0.03056335444979914,21.48106127835043,19.18119397999976,26.080795875051763,37.81377240987409,39.63801110554304,5.417,5.5073,5.6156999999999995,5.894536001602161,5.336863998397838
2023-05-30,157,5.487,5.478,5.645,5.399,55337899,347789583.32,0.00638,-0.049729691279196686,-0.0263324009555554,-0.023397290323641285,27.460037324896756,21.94080842829876,38.49849511809275,45.73643560839189,43.33244629972854,5.4152000000000005,5.4940999999999995,5.60515,5.888242899016719,5.322057100983281
2023-05-31,157,5.505,5.557,5.575,5.434,45421717,286056956.95,0.00523,-0.04182934173486963,-0.02943178911141825,-0.01239755262345138,40.528913772153416,28.136843542916978,65.31305423062629,59.65768207858825,50.75412246045054,5.457199999999999,5.4862,5.59855,5.879559065221832,5.317540934778169
2023-06-01,157,5.575,5.575,5.636,5.513,48812152,310389008.04,0.00562,-0.03372702409490014,-0.030290836108114626,-0.003436187986785511,52.96864293670993,36.41411000751462,86.07770879510053,62.3020062952373,52.30671933414289,5.4958,5.4766,5.58845,5.856683578493789,5.320216421506211
2023-06-02,157,5.601,5.671,5.698,5.575,50206621,323589585.12,0.00579,-0.01933658122490023,-0.028099985131471748,0.008763403906571519,66.2067375675627,46.34498586086398,105.93024098096014,73.44279964758341,59.699194035230576,5.5448,5.4897,5.58315,5.839628397571915,5.3266716024280845
2023-06-05,157,5.707,5.68,5.707,5.636,35769934,231237363.52,0.00412,-0.007123709104814857,-0.02390472992614037,0.01678102082132551,75.09020599742274,55.92672590638357,113.4171661795011,74.29733219119184,60.32808542270623,5.5922,5.5046,5.57745,5.81882018958657,5.3360798104134295
2023-06-06,157,5.671,5.592,5.707,5.584,30663099,197238810.1,0.00353,-0.004493980701841593,-0.020022580081280616,0.015528599379439022,73.25237719052167,61.70194300109627,96.35324556937249,53.93462932961844,51.719276302242896,5.615,5.5150999999999994,5.56865,5.793002424828259,5.3442975751717405
2023-06-07,157,5.601,5.566,5.628,5.557,18783585,119438360.14,0.00216,-0.004456512799775325,-0.01690936662497956,0.012452853825204235,69.43112408907406,64.27833669708886,79.73669887304447,49.157931929594795,49.44509047648334,5.6168,5.537000000000001,5.5603,5.770907242340616,5.349692757659383
2023-06-08,157,5.584,5.663,5.663,5.531,31088324,198367190.83,0.00358,0.0033615206026933464,-0.012855189179444977,0.016216709782138322,74.85884463081132,67.80517267499634,88.96618854244127,63.59313617888562,57.119130191672255,5.6344,5.565099999999999,5.5577000000000005,5.761437808805448,5.353962191194553
2023-06-09,157,5.654,5.68,5.68,5.619,22637656,145773772.85,0.00261,0.010804577876959875,-0.008123235768164008,0.018927813645123883,80.31715183179628,71.97583239392965,96.99979070752954,65.64455233090706,58.32851749307841,5.6362,5.5905000000000005,5.55945,5.766912336467694,5.351987663532306
2023-06-12,157,5.671,5.654,5.707,5.628,22485714,144916773.28,0.00259,0.014438829839683365,-0.0036108226465945315,0.018049652486277896,80.40679474989105,74.7861531792501,91.64807789117293,59.49226413241781,55.70716247272843,5.630999999999999,5.6116,5.55945,5.766912336467694,5.351987663532306
2023-06-13,157,5.645,5.663,5.671,5.619,16674701,107314747.89,0.00192,0.017839581892078016,0.0006792582611399793,0.017160323630938036,79.37772570954942,76.31667735601654,85.49982241661519,61.010152808721465,56.446304066360256,5.6452,5.6301000000000005,5.5621,5.773595825515611,5.350604174484389
2023-06-14,157,5.68,5.786,5.829,5.663,52025280,342394539.28,0.006,0.030112654504155678,0.006565937509743122,0.023546716994412555,81.44197373925218,78.02510948376175,88.27570225023302,75.850709143883,65.12348068359464,5.6892000000000005,5.6530000000000005,5.569599999999999,5.8017591105935375,5.337440889406461
2023-06-15,157,5.786,5.829,5.847,5.75,41091714,271970297.41,0.00474,0.042815344960864365,0.013815818999967373,0.028999525960896992,85.72924831561951,80.59315576104767,96.00143342476318,79.17585313732857,67.58630729716901,5.7224,5.6784,5.5775,5.833696059791395,5.321303940208605
2023-06-16,157,5.829,5.856,5.908,5.803,39416118,262836653.35,0.00454,0.0544335173134316,0.02193935866266022,0.032494158650771376,85.88846439432102,82.35825863880545,92.94887590535214,81.13325341440067,69.08184754765341,5.7576,5.696899999999999,5.5933,5.877233350222242,5.3093666497777585
2023-06-19,157,5.873,5.847,5.891,5.821,25725423,171501342.78,0.00296,0.0621978002983381,0.029991046989795798,0.03220675330854231,85.19885247861897,83.30512325207663,88.98631093170368,78.19329013458041,67.94192653552952,5.796200000000001,5.7136,5.6091,5.912909427801473,5.305290572198526
2023-06-20,157,5.847,5.882,5.908,5.829,27072474,181218932.66,0.00312,0.0703641439440803,0.0380656663806527,0.0322984775634276,87.83371774436661,84.81465474950662,93.87184373408661,81.34747675730426,70.03930495474168,5.84,5.7426,5.62885,5.950094471588731,5.307605528411269
2023-06-21,157,5.873,5.812,5.882,5.812,24696225,164606612.89,0.00285,0.07037636025976024,0.04452780515647421,0.025848555103286028,80.81648080304949,83.48193010068758,75.48558220777329,60.38518063925029,61.29045836861197,5.8452,5.7672,5.6521,5.954192282868049,5.350007717131951
2023-06-22,157,5.812,5.812,5.812,5.812,0,0.0,0.0,0.06958392164372817,0.049539028453925014,0.02004489318980316,76.1383228421714,81.03406101451552,66.34684649748317,60.38518063925029,61.290458368611965,5.8418,5.7821,5.6736,5.955269010682676,5.391930989317325
2023-06-23,157,5.812,5.812,5.812,5.812,0,0.0,0.0,0.06817008601414454,0.05326523996596892,0.014904846048175616,73.01955086825268,78.3625576324279,62.33353733990225,60.38518063925029,61.290458368611965,5.833,5.7953,5.6929,5.955378791123176,5.430421208876823
2023-06-26,157,5.812,5.777,5.882,5.759,31168077,206139823.93,0.00359,0.06349349016744377,0.0553108900062639,0.008182600161179866,64.18990466046775,73.63833997510784,45.293034031187574,49.389064716586,56.69342794776417,5.819,5.8076,5.7096,5.946375176508302,5.472824823491698
2023-06-27,157,5.794,5.829,5.838,5.759,24758840,163747106.6,0.00285,0.06325406618307827,0.05689952524162678,0.006354540941451492,59.459936440311736,68.91220546350914,40.55539839391693,61.79319258216908,61.38737027210125,5.808400000000001,5.8242,5.72715,5.942729781299813,5.511570218700187
2023-06-28,157,5.838,5.865,5.873,5.803,21427313,142707270.52,0.00247,0.06521743410207304,0.05856310701371603,0.006654327088357004,63.35360415931294,67.0593383621104,55.94213575371802,68.25652808487767,64.30903233593688,5.819,5.8321,5.74255,5.950832677350334,5.534267322649665
2023-06-29,157,5.917,5.926,5.961,5.856,37689657,253919855.19,0.00434,0.07087856356450839,0.0610261983238745,0.00985236524063389,69.79349188178615,67.97072286866897,73.4390299080205,76.38087327262082,68.68849155553207,5.8418,5.8418,5.7600999999999996,5.968089777076747,5.552110222923252
2023-06-30,157,5.882,5.926,5.935,5.812,42967808,287837550.88,0.00495,0.0745061884873337,0.06372219635656635,0.010783992130767348,74.08675036343496,70.00939870025763,82.24145368978961,76.38087327262082,68.68849155553207,5.8646,5.8488,5.77285,5.9889477118172385,5.556752288182762
2023-07-03,157,5.926,5.917,5.961,5.865,31965917,215373936.44,0.00368,0.07578132267487714,0.06613402162022851,0.00964730105464863,75.46377416968262,71.82752385673263,82.73627479558263,72.44176316572714,67.2397920180457,5.8926,5.8558,5.7847,6.0053050054306745,5.564094994569325
2023-07-04,157,5.908,5.891,5.961,5.865,26189898,175806845.52,0.00302,0.07384268054061671,0.06767575340430615,0.006166927136310563,72.09136099761014,71.91546957035845,72.44314385211351,61.454720018126906,63.049037672216514,5.904999999999999,5.8567,5.799650000000001,6.005287673181728,5.594012326818273
2023-07-05,157,5.891,5.865,5.908,5.847,18988245,127086792.37,0.00219,0.06940821527257235,0.06802224577795939,0.0013859694946129625,65.55265650665757,69.79453188245816,57.06890575505639,51.992118020640085,59.035151212605896,5.904999999999999,5.862,5.8146,5.989961761420322,5.639238238579678
2023-07-06,157,5.847,5.847,5.873,5.803,21098353,140363046.54,0.00243,0.06370704487427492,0.0671592055972225,-0.0034521607229475726,58.22322314965292,65.93742897152308,42.794811505912605,46.09560511910287,56.32689260367611,5.889200000000001,5.8655,5.8238,5.98435508974219,5.66324491025781
2023-07-07,157,5.856,5.891,5.961,5.812,24274945,162756627.56,0.0028,0.06202428123031556,0.0661322207238411,-0.004107939493525545,60.59766031759034,64.15750608687883,53.477968779013366,59.55170914612116,61.087255359535256,5.8822,5.8734,5.83435,5.9823589257622025,5.686341074237797
2023-07-10,157,5.917,5.838,5.917,5.821,19821555,132084264.27,0.00228,0.055771127022311795,0.06406000198353524,-0.00828887496122345,47.78240645645265,58.69913954340343,25.948940282551092,43.76139533688781,53.43385832574059,5.8664000000000005,5.8795,5.8435500000000005,5.964816084120472,5.722283915879529
2023-07-11,157,5.838,5.917,5.917,5.803,22659708,151580975.49,0.00261,0.05653835803288043,0.06255567319340428,-0.006017315160523853,55.90557054902742,57.76794987861143,52.1808118898594,61.85334752336582,61.31495296541657,5.871600000000001,5.8883,5.85625,5.947350580621054,5.765149419378947
2023-07-12,157,5.917,5.829,5.952,5.812,20403830,136718922.06,0.00235,0.049475210157594596,0.059939580586242346,-0.01046437042864775,42.755612433528775,52.76383739691721,22.73916250675191,43.25351219033525,50.855712005504316,5.8644,5.8847000000000005,5.8584000000000005,5.944407098850335,5.772392901149666
2023-07-13,157,5.856,5.873,5.882,5.829,14772012,98581942.13,0.0017,0.04688755629339436,0.05732917572767275,-0.01044161943427839,43.27167411180402,49.599782968546144,30.61545639831975,51.92707772079864,55.03909281346426,5.8696,5.8793999999999995,5.8606,5.945686705004017,5.775513294995982
2023-07-14,157,5.873,6.075,6.128,5.865,68125124,469131694.99,0.00785,0.06043982114288582,0.05795130481071537,0.002488516332170447,56.74521863863858,51.981594858576955,66.27246619876183,73.90250804855583,68.47781377757696,5.9064,5.894299999999999,5.871550000000001,5.999642852834922,5.7434571471650795
2023-07-17,157,6.058,6.146,6.189,6.031,43796639,305636815.33,0.00505,0.07603273723701331,0.061567591295974965,0.01446514594103835,67.4501803014067,57.13779000618687,88.07496089184637,78.12096200350001,71.71906152648081,5.968,5.917199999999999,5.8865,6.063127469998061,5.709872530001939
2023-07-18,157,6.146,6.198,6.233,6.075,42237184,297120873.26,0.00487,0.09153108759865702,0.06756029055651139,0.023970797042145636,75.58694190636422,63.287507306245985,100.18581110660068,80.84252860914796,73.86607191248146,6.0242,5.9479,5.9023,6.127177136045023,5.677422863954978
2023-07-19,157,6.181,6.207,6.242,6.172,33721424,238553603.66,0.00389,0.10334852919141291,0.0747179382834917,0.028630590907921208,81.06707288822153,69.2140291669045,104.7731603308556,81.32500021786765,74.23538249667524,6.0998,5.982100000000001,5.9220500000000005,6.180422619536861,5.66367738046314
2023-07-20,157,6.207,6.128,6.251,6.11,52322457,368682873.91,0.00603,0.10512745318355599,0.08079984126350456,0.024327611920051423,78.22626287786196,72.21810707055698,90.2425744924719,64.2744693842418,65.38722019941673,6.1508,6.0102,5.937849999999999,6.206336812378329,5.669363187621669
2023-07-21,157,6.165,6.073,6.165,6.036,40095916,266274980.67,0.00462,0.1009356990100656,0.08482701281281678,0.016108686197248825,72.24012763286036,72.22544725799143,72.26948838259821,54.694308330814984,59.959421614428,6.1504,6.0283999999999995,5.9509,6.219002808246199,5.6827971917538
2023-07-24,157,6.128,6.064,6.128,6.0,32942299,217226399.1,0.0038,0.09578334803072064,0.08701827985639755,0.008765068174323085,67.29448144392663,70.58179198663649,60.71986035850691,53.13902694699668,59.083896996573834,6.134,6.051,5.965249999999999,6.224746577403703,5.705753422596295
2023-07-25,157,6.091,6.302,6.321,6.082,76880204,525517737.47,0.00886,0.10964081267048442,0.09154278641921494,0.01809802625126948,76.90905808998902,72.690880687754,85.34541289445906,75.36699940795914,71.21106776445967,6.1548,6.0895,5.9889,6.28036013539821,5.69743986460179
2023-07-26,157,6.302,6.201,6.311,6.155,42521734,288410101.11,0.0049,0.11119135262847202,0.09547249966106637,0.015718852967405647,75.83410890209791,73.73862342586864,80.02507985455645,60.703763337692976,62.61888445410667,6.1536,6.1267000000000005,6.005699999999999,6.305699368420433,5.705700631579565
2023-07-27,157,6.22,6.174,6.247,6.155,34608649,233540711.02,0.00399,0.1089851790613281,0.09817503554111873,0.01081014352020937,68.62460842694384,72.03395175956037,61.80592176171078,57.13765409146139,60.49038598037689,6.1628,6.1568000000000005,6.0181,6.324658417202861,5.711541582797138
2023-07-28,157,6.165,6.302,6.311,6.146,44306116,302259437.7,0.00511,0.11622552536557329,0.10178513350600965,0.01444039185956364,77.11007124620761,73.72599158844278,83.87823056173727,67.87412300783052,66.3974886523605,6.2086,6.1795,6.0369,6.3650346963480064,5.708765303651994
2023-07-31,157,6.321,6.321,6.403,6.275,42584508,293835033.73,0.00491,0.12208932346302426,0.1058459714974126,0.016243351965611663,77.95758265049076,75.13652194245877,83.59970406655475,69.24629289854869,67.19179207397474,6.26,6.197,6.0571,6.40339461141457,5.71080538858543
2023-08-01,157,6.33,6.293,6.366,6.256,34189577,235281436.07,0.00394,0.12305851771643272,0.10928848074121661,0.013770036975216116,76.20662664706003,75.49322351065919,77.63343291986172,64.38321496896393,64.73184548870307,6.2581999999999995,6.2065,6.0771999999999995,6.429515408928496,5.724884591071503
2023-08-02,157,6.302,6.366,6.403,6.275,49355342,342680809.25,0.00569,0.12823884349655135,0.11307855329228356,0.01516029020426779,81.0773706183047,77.35460587987436,88.52290009516537,70.79910532324695,68.0578788075759,6.291199999999999,6.2223999999999995,6.10225,6.462199046101677,5.742300953898322
2023-08-03,157,6.339,6.376,6.394,6.275,31997406,221377055.28,0.00369,0.13163381277161168,0.11678960518814918,0.014844207583462499,85.15166312518913,79.95362496164594,95.5477394522755,71.63891982904015,68.50178933525356,6.3316,6.2472,6.1287,6.487417070742586,5.769982929257415
2023-08-04,157,6.376,6.293,6.467,6.284,32442812,224456837.94,0.00374,0.126172505932737,0.11866618533706674,0.007506320595670246,75.03617368519106,78.31447453616099,68.47957198325122,55.68735929278562,60.8453673384459,6.3298000000000005,6.2692,6.1488,6.496312423102488,5.801287576897511
2023-08-07,157,6.275,6.256,6.293,6.174,29169275,198560246.73,0.00336,0.11750427401130992,0.11843380307191538,-0.0009295290606054635,61.4467533809893,72.69190081777042,38.95645850742707,49.76026654485703,57.70863856470115,6.316800000000001,6.2884,6.1697,6.4875189487909175,5.851881051209082
2023-08-08,157,6.256,6.22,6.266,6.174,23553289,159500516.24,0.00271,0.10650204929781282,0.11604745231709487,-0.009545403019282056,48.648822087845396,64.67754124112875,16.591383781278694,44.26005862884513,54.71470048424252,6.302200000000001,6.2802,6.184849999999999,6.480030426536999,5.889669573462999
2023-08-09,157,6.183,6.155,6.211,6.1,35517883,237816760.41,0.00409,0.09148318891774743,0.1111345996372254,-0.01965141071947797,37.42800673249644,55.594363071584645,1.0952940543200356,35.70826424009708,49.64187863587232,6.260000000000001,6.2756,6.20115,6.445161453570778,5.957138546429222
2023-08-10,157,6.137,6.192,6.201,6.128,17077140,114754136.5,0.00197,0.08162529900267845,0.10523273951031602,-0.023607440507637564,33.3080444520004,48.16559019838989,3.592952959221421,43.20427996445285,52.38333589537049,6.2232,6.2774,6.2171,6.406356606642768,6.027843393357233
2023-08-11,157,6.192,5.99,6.201,5.972,33852773,222922511.17,0.0039,0.05685771802645512,0.09555773521354384,-0.03870001718708872,23.417484180121466,39.91622152563375,-9.579990510903102,24.494350327431007,39.557648898276135,6.1626,6.2462,6.2128499999999995,6.418638112796782,6.007061887203217
2023-08-14,157,5.926,5.945,5.954,5.844,27519676,177046145.88,0.00317,0.03321522332398441,0.08308923283563197,-0.049874009511647555,21.015615456624587,33.6160195026307,-4.1851926353876365,21.952910247041274,37.33605044188227,6.1004000000000005,6.2086,6.2028,6.4396260298638905,5.965973970136109
2023-08-15,157,5.963,6.018,6.055,5.908,26231727,171640145.09,0.00302,0.020136742023483478,0.07049873467320227,-0.05036199264971879,23.320201636679613,30.184080213980334,9.592444482078172,35.06782551811885,43.0010615784724,6.0600000000000005,6.1811,6.1938,6.444659239205528,5.942940760794473
2023-08-16,157,6.009,5.963,6.018,5.926,17059904,110975896.29,0.00197,0.005273125710858473,0.05745361288073351,-0.052180487169875035,21.91384228962161,27.427334239194092,10.88685839047664,30.442797113095665,40.026907703283705,6.021600000000001,6.1408000000000005,6.1816,6.452674586745025,5.910525413254976
2023-08-17,157,5.926,5.945,5.963,5.871,27350677,176203177.15,0.00315,-0.007868147761550759,0.04438926075227665,-0.05225740851382741,22.107372216837568,25.65401356507525,15.014089520362198,28.94363137808648,39.06232228543926,5.972200000000001,6.0977,6.17245,6.462810556260001,5.88208944374
2023-08-18,157,5.935,5.844,5.954,5.844,19661831,126086740.93,0.00227,-0.02613133184663763,0.030285142232493796,-0.056416474079131425,14.738248144558378,22.015425091569625,0.18389425053588582,21.736221011270402,34.040896271291686,5.943,6.0527999999999995,6.161,6.484089037752485,5.8379109622475145
2023-08-21,157,5.825,5.761,5.88,5.743,21868319,138566865.32,0.00252,-0.046763383972029615,0.01487543699158911,-0.06163882096361872,11.107550045090186,18.379466742743144,-3.4362833502157315,17.450910568701943,30.523301585253265,5.9062,6.0033,6.14585,6.513441463734623,5.778258536265377
2023-08-22,157,5.779,5.789,5.834,5.706,23215270,145781545.75,0.00268,-0.06016156288540486,-0.00013196298380968867,-0.060029599901595176,12.994258952619006,16.58439747936843,5.813981899120158,23.552236394927476,33.068625477197,5.8604,5.9602,6.1202,6.512665137573467,5.727734862426532
2023-08-23,157,5.789,5.715,5.807,5.706,22059345,138446534.29,0.00254,-0.07587624365360046,-0.015280819117767849,-0.06059542453583261,9.268899907806574,14.14589828884781,-0.48509685427589844,19.079829111880002,29.909444680929823,5.8107999999999995,5.9162,6.0959,6.525706761965901,5.6660932380341
2023-08-24,157,5.715,5.66,5.761,5.651,23718789,147173304.42,0.00273,-0.09171109333063665,-0.030566873960341617,-0.06114421937029503,6.9218408626301535,11.737879146775256,-2.710235705660054,16.316414010157388,27.75921409877006,5.7538,5.8629999999999995,6.0702,6.539955860443576,5.600444139556424
2023-08-25,157,5.651,5.66,5.715,5.587,22010070,135771238.0,0.00254,-0.10307217392283619,-0.04506793395284054,-0.058004239969995645,9.813990774516997,11.09658302268917,7.248806278172651,16.316414010157388,27.75921409877006,5.7170000000000005,5.83,6.0381,6.528451066503462,5.547748933496538
2023-08-28,157,5.945,5.834,5.963,5.807,42379812,270843589.0,0.00488,-0.09691835189196407,-0.05543801754066526,-0.04148033435129881,25.645522078602966,15.946229374660435,45.04410748648803,49.58251375432547,43.14749123361107,5.731599999999999,5.818900000000001,6.01375,6.493196116834204,5.534303883165796
2023-08-29,157,5.825,5.77,5.862,5.761,35524259,224334975.92,0.00409,-0.09609791181772565,-0.06356999639607734,-0.032527915421648304,33.32041897438776,21.737625907902874,56.48600510735754,42.181436455605876,39.749959554669665,5.7278,5.7941,5.9876000000000005,6.459914079266871,5.51528592073313
2023-08-30,157,5.779,5.789,5.844,5.77,21288980,134617934.24,0.00245,-0.09284431447388819,-0.06942486001163951,-0.023419454462248676,40.121414068031534,27.865555294612427,64.63313161486975,45.10079430366405,41.2482330134329,5.7426,5.7767,5.95875,6.4034241562798355,5.514075843720165
2023-08-31,157,5.917,5.926,6.1,5.862,65166380,424032115.02,0.00751,-0.07830836995123835,-0.07120156199955928,-0.0071068079516790755,48.774899827030794,34.83533680541855,76.65402587025528,61.79293200625267,50.86039223600635,5.7958,5.774800000000001,5.936249999999999,6.335220187515733,5.5372798124842655
2023-09-01,157,5.926,6.174,6.192,5.908,69716921,464918638.59,0.00803,-0.046243930567951175,-0.06621003571323766,0.01996610514528649,64.85819768083046,44.842957097222516,104.88867884804633,76.99031758015941,62.859886126293816,5.8986,5.8078,5.930300000000001,6.309950310015363,5.550649689984638
2023-09-04,157,6.174,6.385,6.449,6.174,108311959,750598003.11,0.01248,-0.003763313608761365,-0.0537206912923424,0.049957377683581036,74.09726713138116,54.59439377527539,113.10301384359269,83.63585938194971,69.72225560162683,6.0088,5.8702,5.93675,6.343140465594777,5.530359534405223
2023-09-05,157,6.412,6.458,6.486,6.339,103503815,726026148.5,0.01193,0.03538546963400879,-0.03589945910707216,0.07128492874108094,81.69332083879249,63.62736946311442,117.82522359014862,85.38793561202222,71.69607110732713,6.1464,5.937099999999999,5.948650000000001,6.40127196379019,5.496028036209811
2023-09-06,157,6.44,6.403,6.44,6.302,61202468,424600175.75,0.00705,0.061266875654595765,-0.016466192154738567,0.07773306780933434,84.71805371455278,70.6575975469272,112.83896604980393,77.85178696802261,68.04988506508803,6.2692,6.0059,5.96105,6.449634410635271,5.472465589364729
2023-09-07,157,6.422,6.348,6.513,6.33,43165036,301234444.35,0.00497,0.07645866811340785,0.002118779898890722,0.07433988821451712,82.4982060224678,74.60446703877406,98.28568398985527,70.39617572169848,64.47296159739287,6.3536,6.0747,5.96885,6.477526414567127,5.460173585432872
2023-09-08,157,6.348,6.311,6.348,6.247,29603702,203152845.68,0.00341,0.08453817880776615,0.018602659680665812,0.06593551912710034,79.378236639092,76.19572357221337,85.74326277284925,65.34440795789527,62.07827072938676,6.381,6.139799999999999,5.9849000000000006,6.516142396849643,5.453657603150358
2023-09-11,157,6.339,6.385,6.412,6.311,37353012,259421213.28,0.0043,0.0958080156331711,0.034043730871166876,0.06176428476200422,80.50967233992404,77.63370649478358,86.26160403020495,70.43615149107131,64.92101270023477,6.380999999999999,6.1949,6.0069,6.566852216006469,5.446947783993531
2023-09-12,157,6.403,6.33,6.403,6.311,26965791,186443961.23,0.00311,0.09915836624415153,0.04706665794576381,0.05209170829838772,77.63624853383568,77.63455384113428,77.63963791923851,62.27553645703271,61.20113779744486,6.3554,6.2509,6.022499999999999,6.600836816815461,5.444163183184537
2023-09-13,157,6.33,6.293,6.366,6.256,22036750,151270109.0,0.00254,0.0977017079907112,0.0571936679547533,0.040508040035957905,72.96962023467833,76.07957597231562,66.74970875940375,56.94912615976801,58.73145375473253,6.3334,6.3012999999999995,6.039,6.628903471140142,5.449096528859857
2023-09-14,157,6.321,6.33,6.357,6.256,32485100,223490605.2,0.00374,0.09839860869823625,0.0654346561034499,0.03296395259478635,63.98564652813363,72.04826615758829,47.86040726922431,60.95639346949123,60.47157677022158,6.3298000000000005,6.3417,6.058249999999999,6.660241038576445,5.456258961423553
2023-09-15,157,6.321,6.284,6.366,6.256,37157131,255394013.38,0.00428,0.094153746190476,0.07117847412085512,0.022975272069620883,47.293689164119144,63.79674049309857,14.287586506160295,53.523645879515534,57.200396425978056,6.3244,6.3527,6.08025,6.681432650238181,5.47906734976182
2023-09-18,157,6.284,6.266,6.311,6.238,23999927,164233710.26,0.00277,0.08831912461100089,0.07460660421888428,0.013712520392116609,34.92306550335211,54.17218216318308,-3.575167816309829,50.62502578926442,55.90935286806234,6.3006,6.3408,6.1055,6.692477808241893,5.518522191758107
2023-09-19,157,6.275,6.302,6.321,6.238,26306835,180599208.64,0.00303,0.08561314901897976,0.07680791317890338,0.008805235840076378,31.03961942647708,46.46132791761441,0.19620244420241306,56.30433140852573,57.9786843206483,6.295,6.325200000000001,6.13115,6.704571962753833,5.557728037246167
2023-09-20,157,6.293,6.311,6.348,6.229,33208633,228463355.91,0.00383,0.08323538296803434,0.07809340713672958,0.005141975831304768,35.62932734078434,42.85066105867105,21.186659905010927,57.761851290692,58.509762039182526,6.2985999999999995,6.316000000000001,6.16095,6.704479392029574,5.617420607970425
2023-09-21,157,6.302,6.293,6.357,6.275,27526621,189225427.67,0.00317,0.07898801203959582,0.07827232811730284,0.0007156839222929867,35.41044409239905,40.37058873658038,25.49015480403638,53.48048233201449,56.93968116795874,6.291199999999999,6.3105,6.1926000000000005,6.684581343249218,5.700618656750783
2023-09-22,157,6.284,6.33,6.348,6.247,29096752,200198508.16,0.00335,0.07771171843994118,0.0781602061818305,-0.00044848774188932516,42.9556217320975,41.23226640175275,46.402332392787,60.67106667205797,59.3837386474992,6.3004,6.3124,6.226100000000001,6.652217799378778,5.799982200621224
2023-09-25,157,6.321,6.302,6.348,6.275,28404635,195388046.79,0.00327,0.07359255144944221,0.07724667523535285,-0.0036541237859106374,46.398638332347176,42.95439037861756,53.28713423980642,53.20308338536975,56.72571394326916,6.3076,6.3041,6.2495,6.634359509568502,5.864640490431499
2023-09-26,157,6.33,6.348,6.394,6.311,25345854,175251590.59,0.00292,0.07319613797882951,0.07643656778404818,-0.0032404298052186725,54.9728295953021,46.96053678417907,70.99741521754817,62.3414122411668,59.939357796914976,6.3168,6.305899999999999,6.2783999999999995,6.591830190330435,5.964969809669564
2023-09-27,157,6.339,6.321,6.394,6.311,24080735,166284917.05,0.00277,0.06989756744796427,0.07512876771683141,-0.005231200268867142,55.234411649393245,49.71849507258379,66.26624480301214,54.8035924520293,57.21854215672389,6.3188,6.3087,6.305000000000001,6.517644501952377,6.092355498047624
2023-09-28,157,6.311,6.284,6.339,6.256,25361686,173789049.08,0.00292,0.06356509689018708,0.07281603355150255,-0.009250936661315476,47.93405221070655,49.12368078529138,45.55479506153689,45.71411989098198,53.58244030780898,6.317,6.3041,6.3229,6.440037615874154,6.205762384125846
2023-09-29,157,6.284,6.284,6.284,6.284,0,0.0,0.0,0.05787937099004559,0.06982870103921117,-0.011949330049165582,43.06714591824875,47.104835829610494,34.991766095525264,45.71411989098198,53.58244030780898,6.307799999999999,6.3041,6.3284,6.424549882995507,6.232250117004494
2023-10-02,157,6.284,6.284,6.284,6.284,0,0.0,0.0,0.05276514846440694,0.06641599052425033,-0.01365084205984339,39.822541723276885,44.67740446083262,30.112816248165416,45.71411989098198,53.58244030780898,6.3042,6.305899999999999,6.32335,6.417573195267222,6.229126804732777
2023-10-03,157,6.284,6.284,6.284,6.284,0,0.0,0.0,0.04815696673104952,0.06276418576561017,-0.01460721903456065,34.938383824588186,41.43106424875114,21.953022976262275,45.714119890981976,53.58244030780898,6.2914,6.3041,6.314649999999999,6.385842178754679,6.24345782124532
2023-10-04,157,6.284,6.284,6.284,6.284,0,0.0,0.0,0.043997770595445296,0.0590109027315772,-0.015013132136131903,31.68227855879572,38.181469018765995,18.68389763885517,45.71411989098198,53.58244030780898,6.284,6.301399999999999,6.3087,6.367638326374592,6.249761673625408
2023-10-05,157,6.284,6.284,6.284,6.284,0,0.0,0.0,0.04023774204936714,0.05525627059513519,-0.015018528545768045,27.884804063351638,34.74924736696121,14.1559174561325,45.71411989098198,53.58244030780898,6.284,6.3004999999999995,6.3055,6.362367343325412,6.248632656674588
2023-10-06,157,6.284,6.284,6.284,6.284,0,0.0,0.0,0.03683330097139326,0.0515716766703868,-0.014738375698993542,25.35315439972225,31.61721637788155,12.82503044340364,45.71411989098198,53.58244030780898,6.284,6.2959,6.30415,6.361744864537567,6.246555135462433
2023-10-09,157,6.247,6.33,6.385,6.229,32835273,226419020.71,0.00378,0.03741576678242442,0.04874049469279433,-0.011324727910369911,37.30614333718856,33.51352536431722,44.89137928293124,68.78053004663732,59.470196088147844,6.293200000000001,6.298699999999999,6.3014,6.346675298250004,6.256124701749997
2023-10-10,157,6.376,6.155,6.376,6.137,45447436,306045701.03,0.00524,0.02348561017531292,0.043689517789298055,-0.020203907613985134,27.290117063502137,31.43905593071219,18.992239329082032,23.39641376621637,38.96045181263007,6.2674,6.2794,6.29265,6.370544057607583,6.214755942392417
2023-10-11,157,6.165,6.146,6.266,6.137,30654576,206279327.6,0.00353,0.011586078814465495,0.037268829994331544,-0.02568275117986605,19.403088795022974,27.42706688548245,3.355132614104022,22.48095491833743,38.220923053244114,6.2398,6.2619,6.2853,6.38712151566677,6.18347848433323
2023-10-12,157,6.165,6.165,6.211,6.146,19445503,130881612.02,0.00224,0.003646718587996034,0.030544407713064443,-0.02689768912506841,16.69883339023043,23.850989053731773,2.3945220632277397,29.47201957529289,40.80848177914211,6.216,6.249999999999999,6.27705,6.389775983555111,6.164324016444889
2023-10-13,157,6.155,6.11,6.174,6.064,25431495,168988525.65,0.00293,-0.007002600319784058,0.023035006106494744,-0.030037606426278802,15.909294949665592,21.20375768570971,5.320369477577351,22.44162697243935,36.041443628743075,6.1812,6.2326,6.26835,6.403454287204729,6.13324571279527
2023-10-16,157,6.128,6.055,6.137,6.027,22797482,150691833.71,0.00263,-0.019653746468959454,0.014497255591403904,-0.03415100206036336,13.213272983203467,18.540262784874294,2.5592933798618134,17.447280470481346,31.967662997948807,6.1262,6.2097,6.2578000000000005,6.423227166355669,6.092372833644332
2023-10-17,157,6.073,6.055,6.091,6.009,18254024,120490045.44,0.0021,-0.029341638791317237,0.005729476714859674,-0.03507111550617691,12.88686283986609,16.655796136538225,5.348996246521821,17.447280470481346,31.967662997948807,6.106199999999999,6.1868,6.24545,6.432455741538769,6.058444258461231
2023-10-18,157,6.055,5.972,6.082,5.963,18629159,121850559.97,0.00215,-0.043218572789843535,-0.004060133186080971,-0.039158439603762564,9.302142367177737,14.20457821341806,-0.5027293253029086,11.759956737935383,26.573369091757243,6.0714,6.1556,6.2285,6.448951689420753,6.008048310579248
2023-10-19,157,5.935,5.862,6.0,5.853,22481117,144685630.43,0.00259,-0.06237322395347622,-0.015722751339560026,-0.046650472613916194,6.765338019221269,11.72483148201913,-3.1536489063744533,7.744898941224079,21.361836507767237,6.0108,6.1134,6.20695,6.479064120796557,5.934835879203443
2023-10-20,157,5.862,5.816,5.889,5.798,19042516,121229614.02,0.00219,-0.08033913897964506,-0.02864602886757704,-0.05169311011206802,5.548287629884524,9.665983531307594,-2.6871041729616145,6.61205758104073,19.607567229223278,5.952,6.0666,6.18125,6.497880201039898,5.864619798960103
2023-10-23,157,5.816,5.761,5.844,5.734,22013765,138984203.65,0.00254,-0.09788691697473784,-0.04249420648900921,-0.05539271048572863,5.390587743231295,8.240851601948828,-0.3099399742037683,5.465121387170996,17.710503195426725,5.8932,6.0097,6.1542,6.516533141270842,5.791866858729159
2023-10-24,157,5.798,5.715,5.853,5.678,30775858,191952959.86,0.00355,-0.11418917133585449,-0.05683319945837828,-0.05735597187747621,5.9076713785394315,7.4631248608123615,2.7967644139935697,4.654763856012295,16.273909739979047,5.825200000000001,5.9657,6.1225499999999995,6.522262778458725,5.722837221541274
2023-10-25,157,5.917,5.935,6.018,5.853,60881177,394209815.26,0.00702,-0.10811043419615007,-0.06708864640593264,-0.04102178779021744,21.209952962037004,12.045400894553909,39.539057097003194,48.48951766626092,41.17097040861584,5.8178,5.944599999999999,6.10325,6.499881009749328,5.706618990250672
2023-10-26,157,5.917,5.972,5.99,5.853,27942977,180798120.27,0.00322,-0.09916429616138167,-0.07350377635702245,-0.025660519804359225,35.49073116859117,19.86051098589966,66.75117153397419,52.86313292771587,44.21449117181959,5.8398,5.9253,6.08765,6.478853419961415,5.696446580038585
2023-10-27,157,5.972,6.11,6.119,5.945,28345575,187618341.74,0.00327,-0.08001658919783061,-0.07480633892518408,-0.00521025027264653,56.31354867021727,32.01152354733886,104.9175989159741,65.84328247944302,53.91528756487265,5.8986,5.9253,6.07895,6.459357800573116,5.698542199426884
2023-10-30,157,6.082,6.018,6.091,5.926,38930745,254697360.8,0.00449,-0.07144198585945993,-0.07413346831203925,0.0026914824525793163,63.24153433645626,42.42152714371133,104.88154872194613,53.95675963081126,47.8622124567328,5.95,5.9216,6.06565,6.434290332488016,5.697009667511984
2023-10-31,157,6.064,5.889,6.11,5.871,49876305,322320871.6,0.00575,-0.0742004363965254,-0.07414686192893648,-5.357446758892659e-05,58.10962455385825,47.65089294709364,79.02708776738746,41.385591127014735,40.847359549193726,5.9848,5.905,6.0459000000000005,6.407542976020958,5.684257023979043
2023-11-01,157,5.917,5.761,5.917,5.743,45881548,289232200.53,0.00529,-0.08572685278429493,-0.07646286010000818,-0.009263992684286751,45.01337026190702,46.7717187186981,41.49667334832486,32.397899765448784,35.25433032807132,5.95,5.883900000000001,6.01975,6.384522964718473,5.654977035281528
2023-11-02,157,5.752,5.779,5.844,5.734,31376911,198082266.97,0.00362,-0.09234467926719869,-0.07963922393344629,-0.012705455333752405,37.643078284959934,43.728838574118704,25.4715577066424,34.78775673127478,36.586368952432714,5.9113999999999995,5.8756,5.9945,6.352098127865151,5.63690187213485
2023-11-03,157,5.825,5.899,5.963,5.779,35299961,227262037.54,0.00407,-0.0869045754658595,-0.08109229423992893,-0.005812281225930568,41.79984508490905,43.08584074438215,39.22785376596285,49.164713913592294,44.839712345197896,5.8692,5.8839,5.97525,6.30780367592082,5.64269632407918
2023-11-06,157,5.945,5.917,5.954,5.807,38541513,246765133.31,0.00444,-0.0802161229096443,-0.08091705997387201,0.0007009370642277052,43.7107192340952,43.2941335742865,44.543890553712615,51.1050387843045,45.98998659698989,5.848999999999999,5.899500000000001,5.9546,6.242725995831185,5.6664740041688155
2023-11-07,157,5.917,5.935,5.954,5.889,24058843,155475152.13,0.00277,-0.07262584101620373,-0.07925881618233836,0.006632975166134633,46.543076891994176,44.37711468018905,50.87500131560441,53.24647331013345,47.191334054302224,5.8582,5.9215,5.9436,6.215874165231773,5.671325834768227
2023-11-08,157,5.935,5.88,5.963,5.871,21139158,136091360.91,0.00244,-0.07023885843853606,-0.0774548246335779,0.007215966195041848,43.669410568688754,44.14121330968895,42.725805086688354,45.878890417217235,43.93391942185958,5.882,5.916,5.9303,6.186455462664098,5.674144537335902
2023-11-09,157,5.889,5.926,5.954,5.871,20662014,133282849.63,0.00238,-0.06389875689263125,-0.07474361108538857,0.010844854192757325,46.13421697487051,44.80554786474947,48.79155519511258,52.4782660561962,47.255693400165256,5.9114,5.9114,5.91835,6.149481108840221,5.687218891159779
2023-11-10,157,5.908,5.899,5.945,5.871,14655226,94215020.25,0.00169,-0.06035709605874384,-0.07186630808005963,0.011509212021315787,45.38380422438175,44.9982999846269,46.15481270389145,48.327593217017885,45.52847414599138,5.9113999999999995,5.890300000000001,5.9078,6.120636087165747,5.694963912834253
2023-11-13,157,5.908,5.899,5.917,5.853,15219371,97630642.8,0.00175,-0.056894460407593606,-0.06887193854556643,0.011977478137972827,54.27333673182946,48.08997890036108,66.64005239476622,48.32759321701788,45.52847414599138,5.9078,5.878400000000001,5.9,6.101240364267588,5.698759635732412
2023-11-14,157,5.88,5.945,5.954,5.871,18492196,119332131.5,0.00213,-0.04986368363922633,-0.06507028756429842,0.015206603925072087,66.89547048497512,54.358476095232426,91.9694592644605,56.724797109863886,49.28672832471594,5.9098,5.884,5.8945,6.083546917039476,5.705453082960524
2023-11-15,157,5.972,6.018,6.027,5.945,21656163,141340866.07,0.0025,-0.03796363137182546,-0.059648956325803824,0.021685324953978367,76.7206362372952,61.812529475920016,106.53684976004556,66.9521904976265,54.69786904975427,5.9374,5.909699999999999,5.8968,6.090869548032939,5.702730451967061
2023-11-16,157,6.009,6.018,6.055,5.981,22421584,147382739.73,0.00258,-0.02820759462247313,-0.053360683985137686,0.025153089362664555,79.50730587862691,67.71078827682231,103.1003410822361,66.9521904976265,54.69786904975427,5.955800000000001,5.9336,5.9046,6.105210017066431,5.703989982933569
2023-11-17,157,6.009,5.954,6.009,5.926,17514201,113573314.48,0.00202,-0.02534793512229694,-0.04775813421256954,0.0224101990902726,69.67153725241793,68.36437126868752,72.28586921987878,51.56660592843825,49.21850843948526,5.9668,5.9391,5.9115,6.108743637746835,5.714256362253165
2023-11-20,157,5.963,5.963,5.981,5.871,19659720,127087862.06,0.00227,-0.022100647079454028,-0.04262663678594644,0.020525989706492415,64.59950668313016,67.10941640683507,59.57968723572034,53.37467438865612,49.987094769381834,5.9796,5.9437,5.9216,6.106709242284046,5.736490757715954
2023-11-21,157,5.981,5.917,6.045,5.917,25925328,169094702.38,0.00299,-0.022974131979455414,-0.03869613582464824,0.015722003845192824,53.627393894364005,62.61540890267804,35.651363877735946,43.43063727513789,46.09697053727706,5.973999999999999,5.9419,5.9317,6.089352649501248,5.774047350498752
2023-11-22,157,5.908,5.825,5.935,5.825,22179519,141948376.56,0.00256,-0.03073570411501869,-0.03710404948272233,0.006368345367703636,35.751595929576,53.66080457831069,-0.06682136789338244,30.011460578118246,39.40603468487134,5.9354,5.9364,5.9262,6.090886112922432,5.761513887077568
2023-11-23,157,5.825,5.926,5.954,5.825,18081709,116285193.58,0.00208,-0.028409463433594517,-0.03536513227289677,0.006955668839302251,38.472078445804314,48.59789586747523,18.22044360246248,50.258560012507346,48.37947548206981,5.917,5.9364,5.923900000000001,6.087171681884182,5.7606283181158195
2023-11-24,157,5.926,5.926,5.945,5.88,14421900,92993947.0,0.00166,-0.026263155624118184,-0.03354473694314105,0.007281581319022866,40.28573345662319,45.82717506385788,29.202850242153815,50.258560012507346,48.379475482069815,5.9114,5.9391,5.9147,6.052580344769332,5.776819655230668
2023-11-27,157,5.908,5.935,5.963,5.825,22452830,144369274.0,0.00259,-0.023564331492771373,-0.03154865585306711,0.007984324360295739,42.79918462325599,44.81784491699058,38.7618640357868,52.03892253739332,49.177622441561816,5.9058,5.9427,5.91055,6.040082722953757,5.781017277046242
2023-11-28,157,5.935,5.88,5.935,5.862,23395895,149958808.09,0.0027,-0.025568793139234103,-0.03035268331030051,0.0047838901710664065,36.50380424159092,42.046498025190694,25.418416674391366,41.219694288461845,44.58214967288633,5.8984000000000005,5.9361999999999995,5.910100000000001,6.040009928310772,5.78019007168923
2023-11-29,157,5.908,5.825,5.926,5.825,21024045,134205966.87,0.00242,-0.031235322427610512,-0.030529211133762512,-0.0007061112938480003,24.335869494393947,36.14295518159177,0.7216981199982939,32.98927433272445,40.457817116547545,5.8984,5.9169,5.9133,6.030252711991347,5.796347288008652
2023-11-30,157,5.844,5.917,5.945,5.816,26019703,167152589.73,0.003,-0.02797992147203665,-0.030019353201417343,0.0020394317293806925,30.925514160745884,34.403808174643146,23.968926132951367,52.16240243677198,49.05757093327906,5.8966,5.9068,5.9201999999999995,6.018603251978915,5.821796748021084
2023-12-01,157,5.917,5.871,5.935,5.862,21806336,140141667.94,0.00251,-0.028780049823399878,-0.02977149252581385,0.0009914427024139728,28.622831856800104,32.47681606869546,20.914863433009387,44.51962217492146,45.4750172692846,5.885599999999999,5.8985,5.9188,6.0192486776524765,5.818351322347524
2023-12-04,157,5.889,5.917,5.935,5.862,20159285,129570527.55,0.00232,-0.02540943756508618,-0.028899081533668318,0.0034896439685821387,41.98438223559912,35.646004790996685,54.661137124803986,52.815695661320305,49.49830574480633,5.882,5.8939,5.9188,6.0192486776524765,5.818351322347524
2023-12-05,157,5.899,5.816,5.899,5.807,24174293,153893311.54,0.00279,-0.030536058302132574,-0.029226476887361175,-0.0013095814147713984,29.91266508014289,33.73489155404542,22.268212132337837,37.88832357852646,42.06388521886299,5.8692,5.8838,5.91285,6.0228974060529055,5.802802593947094
2023-12-06,157,5.807,5.816,5.862,5.752,17715332,112285433.62,0.00204,-0.03420465223227254,-0.03022211195634345,-0.003982540275929088,30.052361238262712,32.507381448784514,25.142320817219115,37.88832357852646,42.06388521886299,5.867400000000001,5.8829,5.90965,6.027186601242356,5.792113398757644
2023-12-07,157,5.825,5.889,5.917,5.807,23815717,152189007.55,0.00274,-0.030865748305945573,-0.030350839226263877,-0.0005149090796816962,41.67787747637739,35.564213457982135,53.9052055131679,52.006202350205015,48.69241174049512,5.861800000000001,5.8792,5.9078,6.025417757341869,5.790182242658131
2023-12-08,157,5.889,5.816,6.009,5.807,28161580,180418576.86,0.00325,-0.03372141334023748,-0.0310249540490586,-0.0026964592911788814,36.0861595627211,35.73819549289512,36.78208770237306,40.861030721620786,43.289379576889765,5.8508000000000004,5.8682,5.90365,6.028226376910857,5.779073623089142
2023-12-11,157,5.798,5.834,5.853,5.715,28265941,178327822.1,0.00326,-0.0341385706937114,-0.03164767737798917,-0.002490893315722234,37.54950320054418,36.34196472877814,39.964580144076265,44.387460479839305,44.933016026702205,5.8342,5.858099999999999,5.900399999999999,6.028819378763995,5.771980621236004
2023-12-12,157,5.844,5.844,5.88,5.798,13115065,83496282.1,0.00151,-0.033278639039667546,-0.03197386971032484,-0.0013047693293427032,39.6588524738322,37.447593977129486,44.08136946723762,46.51370281330792,45.88359103307849,5.8398,5.8545,5.89535,6.024326986931467,5.766373013068533
2023-12-13,157,5.853,5.743,5.853,5.743,19301490,121477563.2,0.00222,-0.0402826397205196,-0.033635623712363796,-0.006647016008155801,29.61383815715802,34.836342037139,19.16883039719606,31.784991434850923,38.551238038368375,5.825200000000001,5.8463,5.881600000000001,6.014108430714996,5.749091569285005
2023-12-14,157,5.752,5.706,5.798,5.688,21235002,132550846.54,0.00245,-0.048262610171664555,-0.03656102100422395,-0.011701589167440608,21.611717649943422,30.428133908073804,3.9788851336826667,27.901102524459375,36.2370045883532,5.7886,5.825200000000001,5.8660000000000005,6.0042339740402895,5.727766025959712
2023-12-15,157,5.734,5.697,5.807,5.697,18502953,115693312.13,0.00213,-0.0546826712354207,-0.0401853510504633,-0.014497320184957398,15.342391205881318,25.399553007342973,-4.771932397041994,26.9402251803251,35.668823250489694,5.7648,5.8078,5.853149999999999,6.004133129068055,5.7021668709319435
2023-12-18,157,5.706,5.715,5.752,5.596,19549686,121804544.59,0.00225,-0.05765357182684916,-0.04367899520574048,-0.01397457662110868,19.832780577932155,23.543962197539365,12.410417338717735,32.51781967040476,37.79679563824259,5.7410000000000005,5.787599999999999,5.84075,5.994457685662109,5.687042314337891
2023-12-19,157,5.715,5.789,5.798,5.66,19885283,124732741.04,0.00229,-0.05342104583065499,-0.04562740533072339,-0.007793640499931601,28.79893200756409,25.295618800880938,35.805558420930396,50.979981040832264,45.83261455805989,5.7299999999999995,5.7848999999999995,5.83435,5.985324762617435,5.683375237382564
2023-12-20,157,5.807,5.853,5.917,5.779,35771930,228977682.99,0.00412,-0.04439076425721833,-0.045380077116022384,0.0009893128588040548,39.94182230689902,30.177686636220297,59.47009364825647,61.82056026995256,51.71757168843281,5.752000000000001,5.788600000000001,5.835749999999999,5.986878909770578,5.68462109022942
2023-12-21,157,5.862,5.917,5.926,5.779,35638934,228003792.33,0.00411,-0.0317044665656967,-0.042644955005957254,0.010940488440260555,59.05212396217507,39.802499078205216,97.55137373011476,69.82757278527356,56.83367248640257,5.7942,5.7914,5.835299999999999,5.985347150484251,5.685252849515748
2023-12-22,157,5.926,5.926,5.954,5.889,28343945,183031877.39,0.00327,-0.02068580636218975,-0.03825312527720376,0.017567318915014007,70.0943396246903,49.89977926036691,110.48346035333711,70.85888669974469,57.52414002380628,5.84,5.8024,5.8353,5.985347150484252,5.685252849515749
2023-12-25,157,5.908,5.981,5.99,5.899,24876675,161524677.97,0.00287,-0.007429752853889582,-0.032088450792540926,0.024658697938651344,79.30147176332989,59.700343428021235,118.50372843394719,76.69938002366939,61.61716124089756,5.893199999999999,5.8171,5.8376,5.995297111411056,5.679902888588944
2023-12-26,157,5.981,5.926,6.0,5.88,18036262,116852983.76,0.00208,-0.001346750784949613,-0.025940110791022663,0.02459336000607305,80.09537061449717,66.4986858235132,107.28874019646511,61.82914370843783,55.756020555926135,5.9206,5.8253,5.839899999999999,6.001494554363761,5.678305445636237
2023-12-27,157,5.926,6.0,6.009,5.889,22887303,148894262.1,0.00264,0.009337615517323705,-0.01888456552935339,0.028222181046677095,86.00385482451543,73.00040882384727,112.01074682585175,70.92902761397004,61.17644561541263,5.95,5.851,5.84865,6.025115025608989,5.672184974391011
2023-12-28,157,6.018,6.027,6.036,5.981,28376925,186057234.68,0.00327,0.01975599235793979,-0.011156453951894752,0.030912446309834543,89.9874183678588,78.66274533851777,112.63676442654082,73.67665774358181,62.98161213217913,5.9719999999999995,5.883100000000001,5.85415,6.0457892169513,5.6625107830487
2023-12-29,157,6.009,5.99,6.055,5.981,23113166,151355318.87,0.00266,0.024741831850070284,-0.003976796791501744,0.028718628641572028,87.83971351106202,81.72173472936585,100.07567107445433,63.76590887380507,58.88827663604751,5.9848,5.9124,5.8601,6.06110264465404,5.65909735534596
2024-01-01,157,5.99,5.99,5.99,5.99,0,0.0,0.0,0.028366158154730314,0.00249179419774467,0.025874363956985644,84.04290079481434,82.49545675118202,87.13778888207901,63.76590887380507,58.88827663604751,5.9866,5.9399,5.86375,6.0716364821812805,5.655863517818719
2024-01-02,157,6.009,6.082,6.119,5.954,36905402,244294646.13,0.00425,0.038221500323285085,0.009637735422852756,0.02858376490043233,85.73448288281742,83.57513212839382,90.05318439166462,75.54465286315693,65.51958569481559,6.017799999999999,5.9692,5.8770500000000006,6.105128910628994,5.648971089371007
2024-01-03,157,6.073,6.119,6.128,6.055,22462875,149287508.2,0.00259,0.04845891654852519,0.017401971647987246,0.031056944900537942,89.27997783585673,85.47674736421479,96.88643877914063,78.86100797371418,67.79842233749089,6.0416,5.9958,5.892200000000001,6.142386120192283,5.642013879807719
2024-01-04,157,6.119,6.11,6.128,6.055,21602210,143381974.6,0.00249,0.05520949716318846,0.024963476751027492,0.030246020412160967,90.43396371852816,87.12915281565257,97.04358552427934,75.85830508026879,66.62989416274971,6.058199999999999,6.0150999999999994,5.903250000000001,6.171696505501218,5.634803494498784
2024-01-05,157,6.1,6.073,6.155,6.045,22756530,151568197.84,0.00262,0.05691767858877128,0.03135431711857626,0.02556336147019502,83.68324853962486,85.98051805697666,79.08870950492124,63.86233688160567,61.84909269793788,6.074800000000001,6.0298,5.9161,6.191476029993104,5.6407239700068965
2024-01-08,157,6.055,6.027,6.091,6.018,22932856,151246826.66,0.00264,0.05393784718615091,0.035871023132091194,0.018066824054059717,73.08206544245665,81.68103385213665,55.88412862309664,51.67179358782312,56.364068038244106,6.082199999999999,6.0344,5.92575,6.202535210283362,5.648964789716637
2024-01-09,157,6.018,6.055,6.073,5.963,29624380,194851761.27,0.00341,0.05322216335576524,0.039341251176826006,0.013880912178939234,65.47096236793953,76.27767669073761,43.85753372234339,57.58567080175041,58.790833695714696,6.0768,6.0473,5.936300000000001,6.2160345358126925,5.6565654641873095
2024-01-10,157,6.027,6.045,6.1,6.009,25798088,170719734.62,0.00297,0.05125720122819022,0.04172444118709885,0.009532760041091368,58.73851885889168,70.43129074678896,35.352975083097135,54.7161437566424,57.543984177313405,6.062,6.0518,5.9514,6.219565227935522,5.683234772064477
2024-01-11,157,6.055,6.055,6.1,5.963,25544015,168434390.47,0.00294,0.04993129413418451,0.04336581177651599,0.006565482357668524,55.908597978896225,65.59039315749138,36.545007621705906,57.27118539936051,58.50404500042392,6.051,6.0546,5.96885,6.214231142843506,5.723468857156494
2024-01-12,157,6.018,6.045,6.119,6.009,24569305,162725732.8,0.00283,0.047525739640200904,0.04419779734925298,0.003327942290947926,52.36360926619615,61.1814651937263,34.72789741113587,53.6394034561157,57.09556575117502,6.0454,6.0601,5.98625,6.197435999336644,5.775064000663356
2024-01-15,157,6.027,6.11,6.128,6.0,26468671,175737471.12,0.00305,0.050284627262974446,0.04541516333199728,0.004869463930977168,60.42990617746411,60.930945521638904,59.42782748911452,68.98183743855434,63.35187534989065,6.062,6.072100000000001,6.006,6.181189521436304,5.830810478563697
2024-01-16,157,6.1,6.311,6.311,6.082,64080663,437506780.0,0.00738,0.06790729275360441,0.049913589216318714,0.017993703537285695,73.61993745164273,65.16060949830684,90.5385933583145,86.07821529285799,75.43546300480524,6.113200000000001,6.095000000000001,6.0321,6.225733294222889,5.838466705777111
2024-01-17,157,6.311,6.458,6.605,6.302,107031794,758961648.53,0.01233,0.09266684785020995,0.05846424094309697,0.034202606907112985,74.7808928805344,68.36737062571602,87.60793739017114,90.61694855900927,80.55155982191543,6.1958,6.1289,6.06235,6.317448969442365,5.8072510305576355
2024-01-18,157,6.412,6.504,6.522,6.357,83060868,582253667.64,0.00957,0.1146788428934169,0.06970716133316096,0.04497168156025594,77.94323284455145,71.55932469866116,90.71104913633201,91.64035747635697,81.84252543425941,6.2856,6.1683,6.0917,6.404853132206206,5.778546867793795
2024-01-19,157,6.504,6.504,6.623,6.431,64597012,459019932.44,0.00744,0.13061782655526333,0.08188929437758144,0.04872853217768189,79.28538755293326,74.13467898341852,89.58680469196273,91.64035747635697,81.84252543425941,6.3774,6.2114,6.1206000000000005,6.47352426502316,5.767675734976841
2024-01-22,157,6.495,6.357,6.541,6.311,60005407,421191191.16,0.00691,0.1298906163010951,0.09148955876228418,0.03840105753881093,72.75591493427874,73.67509096703859,70.91756286875903,61.0158195942025,65.34621075070808,6.4268,6.244400000000001,6.1394,6.5009658344362915,5.777834165563709
2024-01-23,157,6.339,6.458,6.513,6.266,61654206,430010643.02,0.0071,0.13589760979083731,0.10037116896799482,0.035526440822842495,73.50394328951916,73.61804174119877,73.27574638615994,69.4368641661711,69.89448434234163,6.4562,6.2847,6.166,6.539541232839981,5.79245876716002
2024-01-24,157,6.449,6.614,6.688,6.44,67527066,484780191.41,0.00778,0.15149969745612335,0.11059687466562056,0.040902822790502794,78.75069087518331,75.32892478586027,85.59422305382941,78.17496392803722,75.34659381655015,6.487399999999999,6.3416,6.196700000000001,6.611449182290408,5.7819508177095935
2024-01-25,157,6.596,6.651,6.669,6.541,65072059,468735373.32,0.0075,0.1649486299864078,0.12146722572977801,0.04348140425662979,84.04115825787414,78.23300260986488,95.65746955389267,79.8172814374253,76.45009631085735,6.516800000000001,6.4012,6.2279,6.681006656434553,5.774793343565447
2024-01-26,157,6.651,6.688,6.743,6.623,56856444,414753545.89,0.00655,0.17655735342196888,0.1324852512682162,0.04407210215375268,86.58719678109408,81.0177340002746,97.72612234273305,81.4888238921232,77.54649640925774,6.5536,6.4655000000000005,6.2628,6.745323454570412,5.780276545429588
2024-01-29,157,6.697,6.761,6.834,6.688,69228740,512164951.15,0.00798,0.18946381932251555,0.14388096487907606,0.045582854443439486,86.77409362871063,82.9365205430866,94.44923979995872,84.52350313100955,79.5915284116324,6.634399999999999,6.5306,6.30135,6.814338878508807,5.788361121491193
2024-01-30,157,6.733,6.761,6.862,6.688,67461204,499931528.19,0.00777,0.19741659096171826,0.1545880900956045,0.042828500866113756,85.53395951086301,83.8023335323454,88.99721146789821,84.52350313100955,79.59152841163238,6.695,6.5756,6.335299999999999,6.876275765582349,5.794324234417649
2024-01-31,157,6.733,6.605,6.761,6.568,57803622,418714085.51,0.00666,0.18895318878773892,0.1614611098340314,0.027492078953707533,75.98237121753286,81.19567942740788,65.55575479778281,56.181248411606255,64.62291993238398,6.6932,6.590300000000001,6.3595999999999995,6.9033206713203885,5.81587932867961
2024-02-01,157,6.568,6.605,6.669,6.522,54208918,389939667.66,0.00625,0.18016900544587333,0.1652026889563998,0.014966316489473525,69.61464568864608,77.3353348478206,54.173267370297026,56.18124841160624,64.62291993238398,6.684,6.6004000000000005,6.3843499999999995,6.925289251380645,5.843410748619354
2024-02-02,157,6.623,6.743,6.834,6.577,80201710,590414636.82,0.00924,0.18224214948919037,0.16861058106295793,0.013631568426232449,73.08761614142402,75.91942861235508,67.42399119956193,69.29618572290815,70.46966960828317,6.695,6.6243,6.41785,6.960585478847703,5.875114521152296
2024-02-05,157,6.743,6.825,6.908,6.697,85088187,631836496.37,0.00981,0.18833088457168223,0.1725546417647028,0.015776242806979424,76.14672984926843,75.99519569132619,76.44979816515291,74.69633392243264,73.32716192348795,6.707800000000001,6.6711,6.45775,6.9968204963175475,5.918679503682452
2024-02-06,157,6.779,7.146,7.146,6.733,104261521,797123882.79,0.01201,0.216561877760852,0.18135608896393268,0.035205788796919324,84.09781989951227,78.69607042738821,94.90131884376041,86.14409665202493,81.12638824479022,6.7848,6.7399000000000004,6.512299999999999,7.0985103448601885,5.926089655139809
2024-02-07,157,7.155,7.082,7.183,6.972,95010605,731215120.91,0.01095,0.23110682253571913,0.19130623567829,0.03980058685742913,84.30525360925628,80.56579815467757,91.78416451841372,77.73044523911439,76.27539927898698,6.8802,6.786700000000001,6.564150000000001,7.159698849028357,5.968601150971645
2024-02-08,157,7.055,7.1,7.192,6.99,73773749,570091618.9,0.0085,0.24130463599140484,0.20130591574091303,0.03999872025049181,84.95972131164346,82.03043920699953,90.81828552093131,78.44110110728144,76.70281711980411,6.9792000000000005,6.8316,6.6164000000000005,7.207210825543171,6.02558917445683
2024-02-09,157,7.1,7.1,7.1,7.1,0,0.0,0.0,0.24654446549666886,0.2103536256920642,0.03619083980460466,85.39603311323492,83.15230384241133,89.8834916548821,78.44110110728144,76.70281711980411,7.0506,6.872800000000001,6.66915,7.232923480080575,6.105376519919425
2024-02-12,157,7.1,7.1,7.1,7.1,0,0.0,0.0,0.24784012148516243,0.21785092485068386,0.029989196634478577,85.68690764762923,83.99717177748396,89.06637938791974,78.44110110728144,76.70281711980411,7.1056,6.906700000000001,6.718649999999999,7.2485398693919985,6.188760130608
2024-02-13,157,7.1,7.1,7.1,7.1,0,0.0,0.0,0.24603084772702832,0.22348690942595278,0.02254393830107554,85.88082400389209,84.62505585295332,88.39236030576961,78.44110110728144,76.70281711980411,7.0964,6.940599999999999,6.758099999999999,7.277582292895185,6.238617707104813
2024-02-14,157,7.1,7.1,7.1,7.1,0,0.0,0.0,0.2418095552073849,0.22715143858223924,0.014658116625145656,85.60076613809605,84.95029261466756,86.90171318495302,78.44110110728144,76.70281711980411,7.1,6.9901,6.7902000000000005,7.310942627610405,6.269457372389596
2024-02-15,157,7.1,7.1,7.1,7.1,0,0.0,0.0,0.23574661029647004,0.22887047292508544,0.006876137371384594,84.20522456344446,84.70193659759319,83.211800495147,78.44110110728144,76.70281711980411,7.1,7.0396,6.82,7.339995141677772,6.300004858322229
2024-02-16,157,7.1,7.1,7.1,7.1,0,0.0,0.0,0.22830986872471115,0.22875835208501058,-0.0004484833602994287,82.78895871404646,84.0642773030776,80.23832153598417,78.44110110728144,76.70281711980411,7.1,7.0753,6.8498,7.361794901290466,6.337805098709534
2024-02-19,157,7.119,7.266,7.266,7.018,75836302,594545441.25,0.00874,0.23312370517162595,0.22963142270233367,0.003492282469292285,88.52597247603097,85.55150902739538,94.47489937330215,89.50656709473924,82.15457094743775,7.1331999999999995,7.119400000000001,6.89525,7.383903520562333,6.406596479437667
2024-02-20,157,7.256,7.477,7.504,7.183,65819725,532309504.94,0.00758,0.2510704578844889,0.23391922973876475,0.017151228145724146,90.59967555470811,87.23423120316629,97.33056425779174,94.11435695322349,86.52652339078557,7.2086,7.152499999999999,6.9462,7.454974213183088,6.437425786816912
2024-02-21,157,7.431,7.376,7.568,7.366,65198987,529296549.75,0.00751,0.25421312217081127,0.23797800822517406,0.016235113945637203,82.09675340010847,85.52173860214701,75.24678299603138,75.15745706678453,76.71260093208431,7.263800000000001,7.181900000000001,6.9843,7.502369737228157,6.466230262771844
2024-02-22,157,7.348,7.467,7.467,7.321,47834108,385964908.14,0.00551,0.2610375671567242,0.24258992001148413,0.01844764714524008,81.94329014552684,84.32892244994028,77.17202553669998,79.60009438161752,79.04832093693418,7.3372,7.2185999999999995,7.0251,7.560872889827172,6.4893271101728285
2024-02-23,157,7.458,7.311,7.522,7.21,72943195,581860234.58,0.00841,0.25096512300430085,0.2442649606100475,0.006700162394253362,72.38643585459366,80.34809358482474,56.463120394131494,58.19219690254755,66.56288528627671,7.3793999999999995,7.239700000000001,7.05625,7.581846553301276,6.530653446698724
2024-02-26,157,7.348,7.348,7.431,7.293,52228060,418939232.31,0.00602,0.24316517248027303,0.24404500298409265,-0.000879830503819623,68.25762390306244,76.3179370242373,52.13699766071272,61.164847211541975,67.87572025740872,7.3957999999999995,7.2645,7.0855999999999995,7.607320392951176,6.563879607048823
2024-02-27,157,7.339,7.348,7.421,7.275,48797405,390177540.16,0.00562,0.23428298705568995,0.24209259979841216,-0.007809612742722211,65.50508260204163,72.71365221683874,51.0879433724474,61.164847211541975,67.87572025740872,7.369999999999999,7.2893,7.1149499999999986,7.625712680498048,6.604187319501949
2024-02-28,157,7.33,7.146,7.339,7.11,75120471,589418003.17,0.00866,0.20854015816684957,0.23538211147209967,-0.026841953305250105,51.427630825603515,65.61831175309365,23.04626897062326,39.233812372202586,54.079989561201934,7.324,7.293900000000001,7.142,7.592836415659041,6.69116358434096
2024-02-29,157,7.119,7.339,7.366,7.11,57148026,454516405.22,0.00659,0.20139076051129834,0.22858384127993941,-0.027193080768641076,53.7396326716145,61.658752059267265,37.90139389630896,56.93691983069062,62.10745634137793,7.298400000000001,7.3178,7.178700000000001,7.559545651841266,6.797854348158736
2024-03-01,157,7.357,7.339,7.477,7.293,50058443,401701732.04,0.00577,0.19349432917989695,0.22156593885993095,-0.028071609680034,52.493088447743034,58.603530855425845,40.2722036323774,56.93691983069062,62.10745634137793,7.304,7.3417,7.208499999999999,7.535224413084401,6.881775586915597
2024-03-04,157,7.302,7.339,7.421,7.293,40729736,326530242.08,0.00469,0.18510260287546565,0.2142732716630379,-0.02917066878757224,51.66205896516205,56.28970689200458,42.40676311147699,56.93691983069062,62.10745634137794,7.302200000000001,7.348999999999999,7.2341999999999995,7.510950010697629,6.95744998930237
2024-03-05,157,7.33,7.366,7.385,7.275,35373039,283081958.83,0.00408,0.17857230331643326,0.20713307799371694,-0.028560774677283685,55.153346753473684,55.91092017916094,53.63819990209919,59.77017598823494,63.27353489141142,7.3058000000000005,7.3379,7.245200000000001,7.524664600903194,6.9657353990968085
2024-03-06,157,7.376,7.577,7.651,7.348,79973265,659331603.63,0.00922,0.188252868581392,0.20335703611125197,-0.015104167529859963,65.5427733747742,59.12153791103202,78.38524430225857,75.12060469016286,70.90627713481253,7.392,7.358,7.26995,7.575058419039049,6.96484158096095
2024-03-07,157,7.587,7.55,7.697,7.541,47541512,394575150.64,0.00548,0.19153817904731252,0.2009932646984641,-0.009455085651151579,68.68098577057631,62.308020530880114,81.42691624996871,70.96278562533524,68.90717142611705,7.4342,7.3663,7.29245,7.610868113079219,6.9740318869207805
2024-03-08,157,7.55,7.44,7.596,7.385,60049829,486505774.11,0.00692,0.1831544401924372,0.19742549979725874,-0.014271059604821529,64.52667648759603,63.04757251645208,67.48488442988395,55.850127798459795,61.234215309394976,7.4544,7.3792,7.30945,7.620832976244409,6.998067023755591
2024-03-11,157,7.431,7.293,7.504,7.201,61198559,487410771.3,0.00705,0.16277225801049777,0.19049485143990658,-0.027722593429408804,53.40960715300268,59.83491739530228,40.55898666840348,41.631976789306094,52.682082508794906,7.4452,7.3736999999999995,7.319100000000001,7.614715611011622,7.023484388988379
2024-03-12,157,7.266,7.146,7.275,7.064,55849725,435506145.98,0.00644,0.13322186162282001,0.17904025347648928,-0.04581839185366926,39.9244669066358,53.198100565746785,13.37719958841383,31.889868963437536,45.71671749486937,7.4012,7.3534999999999995,7.3214000000000015,7.610481594746437,7.032318405253566
2024-03-13,157,7.137,7.009,7.192,6.999,63390933,488763862.41,0.0073,0.09762286887893712,0.16275677655697884,-0.06513390767804172,27.093866189906226,44.496689107133264,-7.711779644547846,25.275237855235588,40.29954260980148,7.2876,7.339799999999999,7.31685,7.622966781981347,7.010733218018652
2024-03-14,157,7.027,7.229,7.284,7.018,78564937,616209019.33,0.00905,0.08616926637157718,0.14743927451989852,-0.06127000814832134,29.046340592697764,39.34657293565476,8.445875906783769,46.61380389945851,50.56196119752065,7.223400000000001,7.328799999999999,7.323300000000001,7.6152885361846385,7.031311463815363
2024-03-15,157,7.22,7.146,7.284,7.11,45163308,353301551.83,0.0052,0.06959257761086413,0.13186993513809164,-0.06227735752722752,26.384284368388773,35.02581007989943,9.101232945367457,41.2773892413434,47.22114521759301,7.1646,7.3095,7.3256,7.610828920066313,7.040371079933687
2024-03-18,157,7.155,7.321,7.376,7.137,59054038,469893730.52,0.00681,0.06977217954921233,0.11945038402031578,-0.04967820447110345,32.96679129812355,34.33947048597413,30.221432922422395,54.46630560876481,54.184097325546325,7.1701999999999995,7.3077,7.32835,7.6122167404185985,7.044483259581402
2024-03-19,157,7.284,7.201,7.348,7.201,34160029,270546605.17,0.00394,0.05954511919265837,0.1074693310547843,-0.047924211862125934,31.6244702254921,33.43447039914679,28.004469878182718,45.97045273535831,49.317083404233564,7.1812,7.291200000000001,7.31455,7.594801372126947,7.034298627873052
2024-03-20,157,7.183,7.128,7.238,7.082,36517812,283736045.72,0.00421,0.045030526386892866,0.09498157012120602,-0.04995104373431315,28.28566021732976,31.718200338541113,21.42057997490705,41.271003590063486,46.542663727310654,7.205,7.246300000000001,7.30215,7.59270973206008,7.01159026793992
2024-03-21,157,7.146,7.082,7.165,7.055,32929500,254327724.73,0.00379,0.02947601035517522,0.08188045816799987,-0.05240444781282465,24.335654666338662,29.257351781140294,14.492260436735407,38.30963538284051,44.80977350032172,7.1756,7.1995000000000005,7.2829,7.57844509852685,6.987354901473149
2024-03-22,157,7.055,7.082,7.183,7.045,50205448,388697484.64,0.00579,0.016953514770722933,0.06889506948854449,-0.05194155471782155,23.56240815068024,27.359037237653606,15.969149976733512,38.30963538284051,44.80977350032172,7.1628,7.1637,7.27145,7.579874502405852,6.963025497594147
2024-03-25,157,7.11,7.293,7.431,7.091,75772820,603815541.15,0.00873,0.023781149116000044,0.059872285414035595,-0.03609113629803555,38.39345728563869,31.03717725364863,53.10601734961881,58.14629076097788,54.13220900630316,7.1572000000000005,7.1637,7.2687,7.575225589212699,6.962174410787301
2024-03-26,157,7.266,7.394,7.421,7.247,56772762,455771051.1,0.00654,0.036916405094596705,0.05528110935014782,-0.018364704255551118,55.942692266293434,39.3390155911969,89.15004561648652,64.67152576626194,57.85005741482128,7.1958,7.1885,7.271000000000001,7.580704783030011,6.96129521696999
2024-03-27,157,7.394,7.266,7.458,7.266,38084759,305055530.33,0.00439,0.036576034079597974,0.05154009429603785,-0.014964060216439874,55.13209347212136,44.60337488483839,76.1895306466873,52.27670496652449,52.0205006287975,7.2234,7.2142,7.276999999999999,7.581107321776345,6.972892678223653
2024-03-28,157,7.266,7.366,7.421,7.192,36744278,293198192.79,0.00423,0.04386974870796667,0.050006025178423626,-0.006136276470456954,62.66271929618418,50.62315635528698,86.74184517797858,59.54554024513019,55.8152470908562,7.280200000000001,7.2279,7.2783500000000005,7.5838527090931365,6.972847290906865
2024-03-29,157,7.412,7.532,7.532,7.321,62541079,509333855.91,0.00721,0.062326422576825635,0.05247010465810404,0.009856317918721595,75.10847953078945,58.78493074712114,107.75557709812608,68.96249597156103,61.35083572537722,7.3702,7.266500000000001,7.287999999999999,7.613131228567115,6.962868771432884
2024-04-01,157,7.568,7.807,7.871,7.568,82511484,699057392.91,0.00951,0.09801382891195054,0.061578849508873344,0.036434979403077196,80.82292501406948,66.13092883610392,110.20691737000061,78.78145696124669,68.4860549145539,7.473000000000001,7.315099999999999,7.311400000000001,7.710855629576165,6.911944370423837
2024-04-02,157,7.816,7.788,7.898,7.706,42168167,357868013.15,0.00486,0.12334141132366394,0.07393136187183147,0.04941004945183247,82.91672922000882,71.72619563073889,105.29779639854868,76.76791518191783,67.54616417486824,7.5518,7.3738,7.332499999999999,7.785140207996181,6.879859792003816
2024-04-03,157,7.788,7.779,7.798,7.706,32898967,278199956.35,0.00379,0.14106140995023608,0.0873573714875124,0.05370403846272369,83.96089880786832,75.80443002311536,100.27383637737424,75.66859933972542,67.07051762769902,7.6544,7.438899999999999,7.342599999999999,7.826169360398154,6.859030639601844
2024-04-04,157,7.779,7.779,7.779,7.779,0,0.0,0.0,0.15333706232205024,0.10055330965441998,0.05278375266763026,84.39194162573295,78.66693389065455,95.84195709588977,75.66859933972542,67.07051762769902,7.737,7.5085999999999995,7.354050000000001,7.868175716757752,6.83992428324225
2024-04-05,157,7.779,7.779,7.779,7.779,0,0.0,0.0,0.16120730777207815,0.11268410927795162,0.04852319849412652,83.9761197240486,80.43666250178589,91.05503416857402,75.66859933972542,67.07051762769902,7.7864,7.578299999999999,7.371,7.91833690192661,6.823663098073391
2024-04-08,157,7.669,7.944,8.018,7.669,65120560,561346520.35,0.0075,0.17869872733808823,0.12588703288997896,0.052811694448109264,86.33113389190001,82.4014862984906,94.19042907871886,83.26194179592218,71.79744779580888,7.8138000000000005,7.6434,7.40355,8.006009686356112,6.801090313643888
2024-04-09,157,7.917,7.825,8.054,7.798,40583241,347819426.18,0.00468,0.1808735007605975,0.13688432646410267,0.04398917429649482,82.03204749792559,82.2783400316356,81.53946243050558,65.55588591382966,64.51154604450082,7.8212,7.6865,7.4375,8.055184129803107,6.8198158701968925
2024-04-10,157,7.834,8.064,8.183,7.834,75666216,666229043.25,0.00872,0.19958167366130297,0.14942379590354274,0.05015787775776023,83.41966352916617,82.65878119747912,84.94142819254029,77.2272738543258,70.96674379439615,7.8782,7.766300000000001,7.4902500000000005,8.133518585961035,6.846981414038966
2024-04-11,157,8.018,8.366,8.513,7.972,106554584,966615250.08,0.01228,0.2360558071457719,0.16675019815198858,0.06930560899378332,83.76125716759225,83.02627318751682,85.2312251277431,84.95662520620563,76.78709903935328,7.995599999999999,7.866300000000001,7.547099999999999,8.28688258541568,6.8073174145843165
2024-04-12,157,8.366,8.302,8.421,8.247,47809469,433952897.68,0.00551,0.25683689968037715,0.1847675384576663,0.07206936122271085,80.84083811172815,82.29779482892059,77.92692467734327,78.20630935148785,73.38593057505535,8.100200000000001,7.943299999999999,7.604900000000001,8.391865899080699,6.817934100919302
2024-04-15,157,8.293,8.486,8.531,8.247,84167123,773984873.59,0.0097,0.28486952887779804,0.20478793654169267,0.08008159233610537,85.48708619668187,83.36089195150768,89.73947468703028,82.89514774476726,76.63219710282533,8.2086,8.0112,7.66315,8.530040941966325,6.796259058033674
2024-04-16,157,8.421,8.32,8.467,8.21,62319915,565915233.35,0.00718,0.29034387336150047,0.22189912390565425,0.06844474945584622,82.1654047189016,82.96239620730566,80.57142174209349,67.23483774648957,68.4187266108074,8.307599999999999,8.0644,7.7191,8.604643044809587,6.833556955190414
2024-04-17,157,8.302,8.577,8.596,8.174,85027540,778952856.55,0.0098,0.31182555210671836,0.23988440954586707,0.0719411425608513,87.42706233327708,84.45061824929613,93.37995050123897,75.74704496963201,73.25934702612788,8.4102,8.1442,7.791549999999999,8.709958113617255,6.873141886382744
2024-04-18,157,8.531,8.458,8.742,8.403,66395760,617557782.34,0.00765,0.31560948215375184,0.25502942406744405,0.060580058086307786,82.7954258363506,83.89888744498094,80.58850261908992,66.19204389228037,67.99492959718572,8.4286,8.212100000000001,7.8603499999999995,8.760937474929621,6.959762525070377
2024-04-19,157,8.366,8.449,8.522,8.348,40772702,375161210.0,0.0047,0.31425946173870667,0.2668754316016966,0.04738403013701009,78.18423869316025,81.99400452770738,70.56470702406602,65.4428332584937,67.59417303452693,8.458,8.279100000000001,7.928700000000001,8.78706689493241,7.070333105067592
2024-04-22,157,8.421,8.091,8.486,8.036,91347679,816695651.9,0.01053,0.2810620444706382,0.2697127541754849,0.011349290295153303,61.55748071467656,75.18182992336376,34.308782297302145,42.48758647539989,53.82728784705809,8.379,8.293800000000001,7.9686,8.775172579695038,7.162027420304963
2024-04-23,157,8.091,7.862,8.119,7.807,67501319,581825160.78,0.00778,0.23358187943758413,0.26248657922790475,-0.02890469979032062,42.99910479017651,64.45425487896802,0.08880461259349204,33.47459589037632,47.12910983922046,8.2874,8.2975,7.992,8.754323870943738,7.229676129056262
2024-04-24,157,7.889,7.88,7.926,7.752,60477769,516705530.91,0.00697,0.19515631561467917,0.24902052650525963,-0.053864210890580466,32.975834169881985,53.961447975939336,-8.99539344223271,34.779590288460525,47.687306014620056,8.148,8.279100000000001,8.0227,8.707423870583966,7.337976129416034
2024-04-25,157,7.834,7.834,7.944,7.798,39820080,341050594.6,0.00459,0.15915729762676456,0.23104788072956062,-0.07189058310279606,24.74483220753074,44.22257605313647,-14.210655483680725,32.80606866932105,46.32382671191565,8.0232,8.2259,8.0461,8.665169556503624,7.427030443496374
2024-04-26,157,7.807,7.908,7.926,7.715,63690564,544554413.25,0.00734,0.1350423143299455,0.2118467674496376,-0.07680445311969208,22.760754740106513,37.06863561545982,-5.85500701060009,39.43982730108066,48.88847069344566,7.914999999999999,8.186499999999999,8.0649,8.639471290982394,7.490328709017606
2024-04-29,157,7.908,7.798,8.009,7.788,59142463,505739012.96,0.00682,0.10583493636998842,0.19064440123370777,-0.08480946486371935,17.867767035436152,30.668346088785263,-7.733391071262069,33.53427237081952,45.37293179129509,7.856399999999999,8.1177,8.064449999999999,8.639885203723523,7.489014796276476
2024-04-30,157,7.816,7.807,7.843,7.596,80821238,680262001.0,0.00931,0.08246351561651721,0.16900822411026967,-0.08654470849375245,18.049133811873087,26.461941996481205,1.2235174426568491,34.49725024982804,45.72131176705316,7.8454,8.0664,8.0654,8.638973250495813,7.491826749504187
2024-05-01,157,7.807,7.807,7.807,7.807,0,0.0,0.0,0.06321281826702929,0.1478491429416216,-0.08463632467459231,19.628148243192577,24.184010745384995,10.51642323880774,34.49725024982804,45.72131176705316,7.830799999999999,7.989400000000001,8.0668,8.637559641549029,7.496040358450973
2024-05-02,157,7.807,7.807,7.807,7.807,0,0.0,0.0,0.04740998908133953,0.12776131216956518,-0.08035132308822565,20.988053884974832,23.11869179191494,16.726778071094614,34.49725024982804,45.72131176705316,7.8254,7.924300000000001,8.0682,8.636117562587087,7.500282437412912
2024-05-03,157,7.807,7.807,7.807,7.807,0,0.0,0.0,0.03448857032809105,0.10910676380127035,-0.0746181934731793,27.440092009995993,24.55915853127529,33.2019589674374,34.49725024982804,45.72131176705316,7.805199999999999,7.8601,8.0696,8.634646584013552,7.504553415986447
2024-05-06,157,7.816,8.054,8.109,7.605,112819503,972898883.99,0.013,0.04367562320998353,0.09602053568301298,-0.052344912473029456,48.05297881887974,32.39043196047677,79.37807253568566,64.09851951630213,56.503527495611074,7.856400000000001,7.856400000000001,8.0751,8.637132364679733,7.513067635320269
2024-05-07,157,7.981,7.981,8.091,7.871,66379056,578244826.15,0.00765,0.044552366941267074,0.08572690193466381,-0.04117453499339674,57.051563527076404,40.61080914934331,89.93307228254258,55.24438531261079,53.102514971150114,7.8912,7.8683000000000005,8.082899999999999,8.634552026095127,7.531247973904871
2024-05-08,157,7.972,7.889,7.972,7.862,34224161,294590944.18,0.00394,0.03739252380263025,0.0760600263082571,-0.03866750250562685,57.07271226691385,46.09811018853349,79.02191642367457,45.69795365528321,49.04395745602812,7.9076,7.869199999999999,8.07415,8.632574202084585,7.5157257979154135
2024-05-09,157,7.88,8.33,8.44,7.871,97469480,875995884.31,0.01123,0.0665363216421273,0.07415528537503115,-0.007618963732903841,67.0374163927925,53.07787892328649,94.9564913318045,72.76723321059669,63.59411105030274,8.0122,7.918800000000002,8.07235,8.62703275427929,7.51766724572071
2024-05-10,157,8.311,8.247,8.33,8.128,49633822,444641463.32,0.00572,0.0819904501871207,0.07572231833744907,0.006268131849671635,70.40251140246198,58.85275641634498,93.50202137469599,65.4037408712002,60.07223750397527,8.100200000000001,7.952700000000002,8.0696,8.620017793470144,7.519182206529854
2024-05-13,157,8.183,8.201,8.302,8.082,50922628,455062725.33,0.00587,0.08949450588263463,0.07847675584648618,0.011017750036148452,70.72742277130203,62.810978534663995,86.5603112445781,61.27967658068963,58.12600104866395,8.1296,7.993,8.05535,8.574230282308495,7.536469717691507
2024-05-14,157,8.183,7.999,8.284,7.981,55691005,489887894.25,0.00642,0.07823991127504559,0.07842938693219807,-0.00018947565715247972,62.88015809503966,62.83403838812254,62.9723975088739,45.996268164575184,50.31663962700953,8.1332,8.0122,8.0393,8.543358935568486,7.535241064431514
2024-05-15,157,7.944,7.963,8.091,7.935,36096506,314803992.13,0.00416,0.06565879115485451,0.07587526777672937,-0.01021647662187486,56.211522562361765,60.62653311286894,47.3815014613474,43.66715276335308,49.035790575340535,8.148,8.027800000000001,8.0086,8.445022972042526,7.572177027957472
2024-05-16,157,7.954,7.898,8.018,7.871,34516994,298492040.61,0.00398,0.049868354694249106,0.07067388516023332,-0.020805530465984212,49.17095516133497,56.80800712902428,33.896851225956354,39.34992984227647,46.69451975900674,8.0616,8.0369,7.980600000000001,8.364294176464469,7.596905823535533
2024-05-17,157,7.88,7.687,7.926,7.587,66542425,556781659.6,0.00767,0.020096720946546576,0.06055845231749597,-0.0404617313709494,36.68841324940895,50.10147583581917,9.862288076588513,28.408969862646714,39.9412009964072,7.949599999999999,8.024899999999999,7.9425,8.27875522887753,7.606244771122469
2024-05-20,157,7.687,7.743,7.798,7.568,57183037,479020005.13,0.00659,0.0010095808770191894,0.048648678029400615,-0.047639097152381425,31.148544612755842,43.78383209479806,5.87796964867141,34.23278691413229,42.35503205351214,7.858,7.9938,7.9251000000000005,8.264995897375568,7.585204102624433
2024-05-21,157,7.706,7.752,7.807,7.632,31667636,267106810.12,0.00365,-0.013238287620495726,0.03627128489942135,-0.049509572519917076,27.799335552234787,38.4556665806103,6.486673495483757,35.248646519345485,42.758384921838065,7.8086,7.9709,7.9196,8.267266143546552,7.571933856453448
2024-05-22,157,7.743,7.623,7.761,7.596,37128518,310226406.08,0.00428,-0.03454088216845985,0.022108851485845106,-0.05664973365430496,20.938839624499504,32.6167242619067,-2.4169296503148843,27.849655142899636,38.54153174380729,7.740600000000001,7.944300000000001,7.90675,8.27872672536146,7.534773274638539
2024-05-23,157,7.587,7.467,7.642,7.421,54227745,443535573.2,0.00625,-0.06328176527961649,0.0050307281327527835,-0.06831249341236927,15.699672878686368,26.977707134166586,-6.856395632274072,21.347087944415705,34.10441151641024,7.6544,7.858,7.8884,8.308574099254486,7.468225900745514
2024-05-24,157,7.477,7.568,7.66,7.44,46225165,381582017.3,0.00533,-0.07702141141764951,-0.01137969977732768,-0.06564171164032183,16.144316488456006,23.366576918929724,1.6997956275085713,33.42411400465146,39.0596283201123,7.630599999999999,7.7901,7.8713999999999995,8.315089507366892,7.427710492633107
2024-05-27,157,7.522,7.614,7.642,7.504,34135235,282119374.38,0.00393,-0.08323883888855832,-0.025751527599573814,-0.0574873112889845,20.36486770872191,22.366007182193783,16.362588761778163,38.57856986651171,41.25448445095205,7.6048,7.731399999999999,7.8622,8.319713002403788,7.404686997596213
2024-05-28,157,7.623,7.486,7.669,7.458,33664313,276084635.78,0.00388,-0.09737227820179406,-0.04007567772001787,-0.05729660048177619,17.205835870582863,20.645950078323477,10.32560745510164,30.65384473554755,37.18862991363907,7.551599999999999,7.6801,7.84615,8.33337383270731,7.35892616729269
2024-05-29,157,7.458,7.366,7.486,7.348,37110943,299228674.0,0.00428,-0.11690847962154383,-0.05544223810032307,-0.06146624152122076,12.508619530792252,17.933506562479735,1.6588454674172866,24.89965760645748,33.78341833743764,7.5001999999999995,7.620399999999999,7.8241,8.356596760553625,7.291603239446375
2024-05-30,157,7.357,7.22,7.376,7.201,56812787,450022510.27,0.00655,-0.14252905361569024,-0.0728596012033965,-0.06966945241229373,9.384184197645885,15.08373244086845,-2.0149122887992483,19.543491490394302,30.122537092846912,7.450799999999999,7.5526,7.7947500000000005,8.391987808582229,7.197512191417772
2024-05-31,157,7.247,7.366,7.385,7.238,49963089,400229132.11,0.00576,-0.1493311665328605,-0.08815391426928931,-0.06117725226357118,15.332030389189654,15.166498423642185,15.663094320284593,36.05082285353121,37.50978433163097,7.4104,7.5205,7.7727,8.399847963738347,7.1455520362616545
2024-06-03,157,7.339,7.412,7.477,7.321,47098397,380787448.49,0.00543,-0.14928916193482955,-0.10038096380239737,-0.048908198132432176,22.780877402316918,17.704624749867094,32.933382707216566,40.65435090173412,39.700824875404756,7.369999999999999,7.487399999999999,7.740599999999999,8.372824277327439,7.108375722672559
2024-06-04,157,7.385,7.541,7.559,7.321,42399604,345245285.63,0.00489,-0.13726435306816942,-0.10775764165555181,-0.02950671141261761,39.40377581806888,24.937675105934353,68.33597724233793,52.227400861140964,45.542246471843555,7.381,7.4662999999999995,7.7186,8.346206782694633,7.090993217305368
2024-06-05,157,7.532,7.275,7.559,7.256,48793429,391018656.68,0.00562,-0.14749831360775723,-0.1157057760459929,-0.031792537561764325,31.539839149367907,27.138396453745536,40.34272454061265,35.22835672857775,37.393608169564686,7.3628,7.4315,7.687899999999999,8.340001671117149,7.035798328882849
2024-06-06,157,7.256,7.33,7.385,7.201,51057815,405921516.01,0.00588,-0.14944801700934018,-0.12245422423866237,-0.026993792770677816,30.214593620946157,28.163795509479073,34.31618984388032,40.06834859395127,39.822318159911084,7.3848,7.4178,7.6379,8.23361695857759,7.04218304142241
2024-06-07,157,7.311,7.44,7.522,7.293,46655897,377823093.37,0.00538,-0.14049752232956259,-0.12606288385684242,-0.014434638472720168,37.16585443675618,31.16448181857144,49.168599673125655,49.18193085401148,44.51828895189182,7.3995999999999995,7.404999999999999,7.59755,8.124961344508135,7.070138655491865
2024-06-10,157,7.44,7.44,7.44,7.44,0,0.0,0.0,-0.13188391513224929,-0.1272270901119238,-0.004656825020325495,47.03049513660844,36.45315292458377,68.18517956065777,49.18193085401148,44.51828895189183,7.405200000000001,7.387600000000001,7.5595,8.007416110566867,7.111583889433133
2024-06-11,157,7.421,7.311,7.467,7.192,47726417,378179657.56,0.0055,-0.13392301017558061,-0.12856627412465516,-0.005356736050925459,42.16201946436927,38.356108437845606,49.7738415174166,39.132711399946636,40.146022652936054,7.3591999999999995,7.370100000000001,7.5251,7.93495537885824,7.11524462114176
2024-06-12,157,7.275,7.403,7.458,7.229,33647979,270220539.5,0.00388,-0.12665537227305723,-0.12818409375433557,0.0015287214812783334,47.27240897987919,41.32820861852346,59.160809702590655,48.19215714393296,44.39485683719212,7.3848,7.3738,7.4971000000000005,7.854100309597505,7.140099690402496
2024-06-13,157,7.394,7.256,7.421,7.229,28811938,229234574.77,0.00332,-0.13124448363406493,-0.12879617173028143,-0.002448311903783501,37.327836685950345,39.99475130766575,31.994007442519532,37.4924431812971,39.50649508084554,7.37,7.3774,7.464999999999999,7.783610139594947,7.146389860405051
2024-06-14,157,7.229,7.321,7.403,7.229,32932598,262483142.91,0.00379,-0.1281590924367455,-0.12866875587157425,0.0005096634348287499,36.601845710706186,38.863782775345896,32.077971581426766,44.08021519400779,42.55753792943256,7.3462000000000005,7.3729,7.4467,7.753444604894134,7.139955395105866
2024-06-17,157,7.33,7.146,7.376,7.119,43078548,338166009.25,0.00496,-0.13824137463329844,-0.13058327962391908,-0.007658095009379362,26.446685019258677,34.72475018998349,9.89055467780905,32.88351193818397,37.066720810864474,7.2874,7.346299999999999,7.416850000000001,7.718335637259493,7.115364362740509
2024-06-18,157,7.146,7.275,7.33,6.999,58867138,459494212.61,0.00678,-0.13427460000514735,-0.13132154370016474,-0.002953056304982604,35.221945525904786,34.89048196862392,35.884872640466526,45.19706041039716,42.982462021340375,7.280200000000001,7.3197,7.392999999999999,7.65584436059161,7.130155639408388
2024-06-19,157,7.275,7.192,7.293,7.137,28370694,222749427.38,0.00327,-0.1362576158947144,-0.13230875813907467,-0.003948857755639745,35.78212557048849,35.187696502578774,36.97098370630792,39.589164258696805,40.32205315637348,7.2379999999999995,7.311399999999999,7.37145,7.625419310205762,7.117480689794238
2024-06-20,157,7.165,7.137,7.266,7.1,27629811,215451844.78,0.00318,-0.14064593186637264,-0.13397619288453427,-0.006669738981838369,33.68381020938548,34.68640107151434,31.678628485127746,36.03393726701602,38.59516900702306,7.2142,7.2921,7.35495,7.6251425044736765,7.084757495526323
2024-06-21,157,7.137,7.238,7.284,7.128,41274991,325186393.24,0.00476,-0.1344242884610738,-0.1340658119998422,-0.0003584764612316049,39.478665495715724,36.28382254624813,45.868351394650915,46.601198439807476,43.44718308979848,7.1975999999999996,7.2719,7.33845,7.593756193876396,7.083143806123604
2024-06-24,157,7.247,7.146,7.339,7.119,43640159,341676308.44,0.00503,-0.13535691213542922,-0.1343240320269596,-0.0010328801084696082,36.99449159409371,36.520712228863324,37.94205032455447,39.47326589263388,40.28411626264833,7.1975999999999996,7.2425,7.315050000000001,7.54890508333169,7.081194916668312
2024-06-25,157,7.137,7.183,7.293,7.119,43050437,338016762.03,0.00496,-0.1315935043345915,-0.133777926488486,0.0021844221538944997,39.196959640928185,37.41279469955161,42.76528952368133,43.63407933189765,42.13246610876204,7.1792,7.229699999999999,7.299899999999999,7.526263378105732,7.073536621894267
2024-06-26,157,7.146,7.155,7.192,7.055,31746871,246535137.41,0.00366,-0.12937894261787264,-0.13289812971436332,0.0035191870964906835,39.002593555998374,37.94272765170053,41.12232536459406,41.07021226775823,41.08268677615779,7.1718,7.2049,7.289350000000001,7.522313764971173,7.056386235028828
2024-06-27,157,7.146,6.917,7.146,6.908,63108467,479709912.59,0.00727,-0.1451552382230874,-0.13534955141610813,-0.009805686806979269,26.64275467835785,34.17606999391963,11.576124047234288,25.679550905620417,33.37232019344806,7.127800000000001,7.171000000000001,7.2742,7.559649672953996,6.988750327046005
2024-06-28,157,6.899,7.045,7.128,6.899,55354734,425981514.55,0.00638,-0.14565056682292177,-0.13740975449747087,-0.008240812325450902,28.82244251284461,32.39152750022795,21.68427253807792,40.15340095997988,39.98116183998286,7.0892,7.1434,7.258149999999999,7.557619900077953,6.958680099922044
2024-07-01,157,7.073,7.155,7.174,7.009,40447554,313817054.12,0.00466,-0.13560388049147676,-0.13704857969627204,0.0014446992047952856,38.60890106916913,34.46398535654167,46.89873249442405,50.16251856753896,45.0875384759004,7.090999999999999,7.144299999999999,7.2453,7.538973001106699,6.9516269988933015
2024-07-02,157,7.192,6.999,7.229,6.816,71082642,540296942.04,0.00819,-0.1386316461236312,-0.13736519298174388,-0.001266453141887336,37.40274730296422,35.443572672015854,41.32109656486095,39.048445938741736,39.843101485717376,7.0542,7.1167,7.2182,7.49661476064935,6.939785239350651
2024-07-03,157,6.944,6.752,6.972,6.733,53933493,400755318.63,0.00621,-0.1591276830590962,-0.14171769099721435,-0.017409992061881846,25.980269379093865,32.289138241041854,13.362531655197884,27.48020236048525,33.1774031935539,6.9736,7.0727,7.19205,7.538045117093719,6.846054882906281
2024-07-04,157,6.77,6.733,6.807,6.678,39217543,287943408.2,0.00452,-0.1748880802813666,-0.1483517688540448,-0.026536311427321796,20.093754976884547,28.224010486322747,3.833243958008147,26.7487188346786,32.71807253460132,6.9368,7.032299999999999,7.1622,7.557570898484554,6.766829101515446
2024-07-05,157,6.733,6.779,6.798,6.669,27456034,201739444.55,0.00316,-0.18157342761754514,-0.15499610060674487,-0.02657732701080026,19.27190502732475,25.239975333323414,7.335764415327418,32.006893223258515,35.09150761538142,6.8835999999999995,6.986400000000001,7.12915,7.537054671525949,6.721245328474051
2024-07-08,157,6.761,6.669,6.77,6.651,33694078,246188800.75,0.00388,-0.1935169512841517,-0.16270027074222626,-0.030816680541925434,13.885998968620179,21.455316545089,-1.252636184317467,26.5400397986907,32.134366250105856,6.786399999999999,6.9387,7.0906,7.519974771891528,6.6612252281084725
2024-07-09,157,6.651,6.807,6.844,6.587,48995519,359479027.76,0.00565,-0.18966054445560498,-0.16809232548490202,-0.021568218970702963,20.679970236608703,21.196867775595567,19.646175158634975,41.56558547941825,39.152009140931135,6.748,6.9011,7.0653999999999995,7.49944457690069,6.631355423099309
2024-07-10,157,6.77,6.715,6.798,6.688,37902390,277938402.39,0.00437,-0.19181680070724916,-0.17283722052937148,-0.01897958017787768,20.432545059089087,20.942093536760073,19.413448103747115,35.72054378899392,36.413576902662186,6.740600000000001,6.8571,7.031000000000001,7.461425493277541,6.60057450672246
2024-07-11,157,6.761,6.981,7.064,6.761,52125061,393537974.4,0.00601,-0.17010085559720167,-0.17228994754293753,0.002189091945735855,34.07860220969386,25.320929761071334,51.59394710693893,56.79847046568838,47.90613907651308,6.7902000000000005,6.8635,7.01725,7.434788589455233,6.599711410544766
2024-07-12,157,6.926,6.825,6.972,6.816,31645510,236763395.49,0.00365,-0.16359291164377687,-0.1705505403631054,0.006957628719328535,35.07628516991015,28.572714897350938,48.083425715028575,46.14871739156931,42.94074661699682,6.7994,6.841499999999999,6.99245,7.392582333373073,6.5923176666269265
2024-07-15,157,6.788,6.77,6.862,6.733,26384904,195113057.78,0.00304,-0.16101725285811685,-0.1686438828621077,0.0076266300039908586,36.17245007134469,31.105959955348855,46.30543030333637,42.75692907262696,41.29454965582379,6.819599999999999,6.803,6.973649999999999,7.378707643721106,6.568592356278892
2024-07-16,157,6.77,6.66,6.779,6.642,30601350,222820867.54,0.00353,-0.16593926089945743,-0.16810295846957768,0.0021636975701202488,29.216294457066994,30.476071455921563,26.696740459357855,36.345799263483784,38.107145198211086,6.7902000000000005,6.7691,6.9429,7.34499812889792,6.5408018711020794
2024-07-17,157,6.669,6.568,6.688,6.495,40530405,289456520.18,0.00467,-0.17524352063669735,-0.16953107090300162,-0.005712449733695724,23.754038132479312,28.23539368144081,14.791327034556318,31.591612420068017,35.60000724726622,6.760800000000001,6.7507,6.911700000000001,7.328965332725817,6.494434667274184
2024-07-18,157,6.55,6.577,6.633,6.504,29368732,210533496.55,0.00338,-0.17981815694779169,-0.17158848811195965,-0.008229668835832038,20.639774689374015,25.70352068408521,10.512282699951626,32.626157142588866,36.04902368308196,6.68,6.7351,6.8837,7.312310533554335,6.455089466445665
2024-07-19,157,6.577,6.697,6.706,6.522,36907345,267724864.8,0.00425,-0.17178041437730673,-0.17162687336502908,-0.00015354101227765815,25.593476037790055,25.666839135320153,25.446749842729858,45.7523998090023,41.93745710981438,6.6544,6.7269000000000005,6.85665,7.2585671294525955,6.454732870547405
2024-07-22,157,6.688,6.568,6.706,6.532,34710763,249283613.93,0.004,-0.17381602445026179,-0.17206470358207562,-0.0017513208681861625,21.338825852961353,24.224168041200553,15.568141476482957,36.56310999121681,37.85032030675878,6.614,6.716800000000001,6.827749999999999,7.225161029434052,6.430338970565947
2024-07-23,157,6.559,6.431,6.614,6.431,29229831,207433689.63,0.00337,-0.18435884118035162,-0.17452353110173083,-0.00983531007862079,14.225883901974235,20.891406661458447,0.894838383005812,29.11157322076167,34.01019321342156,6.5682,6.6792,6.79015,7.18833708906088,6.391962910939119
2024-07-24,157,6.422,6.403,6.486,6.376,41884322,292862520.14,0.00483,-0.1927515455565727,-0.1781691339926992,-0.014582411563873493,10.993989715410073,17.592267679442323,-2.2025662126544248,27.725759424003556,33.25788349570111,6.535200000000001,6.647999999999999,6.752549999999999,7.147683808115463,6.3574161918845356
2024-07-25,157,6.376,6.247,6.394,6.183,63378114,432110308.65,0.0073,-0.20957487182789603,-0.18445028155973858,-0.025124590268157443,10.47120178376381,15.218579047549483,0.9764472561924649,21.03202932939078,29.316450985937834,6.469199999999999,6.574599999999999,6.71905,7.165724955408863,6.272375044591137
2024-07-26,157,6.266,6.498,6.526,6.257,53818332,359497986.58,0.0062,-0.20034443090853138,-0.18762911142949718,-0.012715319479034204,24.59825085360542,18.345136316234793,37.10447992834668,46.13881122530808,41.48791326716981,6.429399999999999,6.5419,6.6917,7.1209888121190215,6.2624111878809785
2024-07-29,157,6.478,6.421,6.498,6.401,28515981,190601093.85,0.00329,-0.1969719267020933,-0.18949767448401642,-0.007474252218076877,31.567731289274242,22.75266797391461,49.19785791999352,41.3044891865682,39.22733878387921,6.4,6.507000000000001,6.654999999999999,7.040818610230287,6.269181389769711
2024-07-30,157,6.382,6.334,6.401,6.238,29356555,192171790.03,0.00338,-0.19902512794545757,-0.19140316517630468,-0.00762196276915289,30.66911850132621,25.39148481638514,41.22438587120835,36.166580316721635,36.75860990549777,6.3806,6.4744,6.6217500000000005,6.9972243666351,6.246275633364901
2024-07-31,157,6.353,6.478,6.526,6.276,39945968,267410189.43,0.0046,-0.18687848928489714,-0.19049822999802318,0.0036197407131260406,39.24786357704727,30.01027773660585,57.72303525793011,48.81313341607809,43.21179994849436,6.3956,6.4654,6.60805,6.9835090032985265,6.232590996701474
2024-08-01,157,6.498,6.459,6.565,6.44,35354172,238343801.6,0.00407,-0.1767478921658281,-0.18774816243158418,0.01100027026575609,43.75606456443046,34.59220667921405,62.08378033486328,47.32850024961407,42.58630660283552,6.438,6.4536,6.59435,6.970607064980042,6.218092935019959
2024-08-02,157,6.421,6.334,6.44,6.315,26682893,176394063.47,0.00307,-0.17676810362905382,-0.18555215067107814,0.008784047042024318,40.8489773043612,36.67779688759643,49.19133813789074,38.16459163818121,38.5784674720032,6.405200000000001,6.4173,6.572100000000001,6.954953496784379,6.189246503215623
2024-08-05,157,6.315,6.238,6.401,6.228,36050664,236119736.03,0.00415,-0.18242760715575201,-0.18492724196801294,0.0024996348122609258,32.03195345596161,35.12918241038482,25.837495547115196,32.385595999493376,35.75894967821087,6.368599999999999,6.3843000000000005,6.550549999999999,6.958157899825339,6.14294210017466
2024-08-06,157,6.266,6.276,6.324,6.209,30017020,194957644.99,0.00346,-0.18175140499398168,-0.1842920745732067,0.0025406695792250245,29.469818883381024,33.24272790138355,21.924000847375964,36.92250232912767,37.72434139801673,6.356999999999999,6.368799999999999,6.523999999999999,6.930447510691589,6.11755248930841
2024-08-07,157,6.247,6.295,6.372,6.247,27435552,180229137.18,0.00316,-0.17763470637727963,-0.1829606009340213,0.005325894556741678,27.698980379182863,31.394812060649986,20.30731701624861,39.36370856456462,38.74651776923612,6.3204,6.358,6.503,6.91129246483633,6.09470753516367
2024-08-08,157,6.276,6.247,6.324,6.209,25569261,165887821.17,0.00295,-0.17621410539408267,-0.1816113018260336,0.00539719643195094,22.024039353912187,28.271221158404053,9.529675744928454,35.230241197266025,37.06963753652143,6.2780000000000005,6.358,6.4662999999999995,6.822287048847827,6.110312951152172
2024-08-09,157,6.266,6.228,6.43,6.209,44892215,295620637.98,0.00517,-0.17460863048822528,-0.18021076755847196,0.005602137070246677,16.461719119836598,24.334720478881565,0.7157164017466613,33.55649828899405,36.38957742179494,6.2568,6.331,6.436449999999999,6.764844163035526,6.108055836964472
2024-08-12,157,6.228,6.228,6.276,6.17,26080090,168789791.7,0.00301,-0.17136093783562245,-0.17844080161390208,0.007079863778279627,15.868994181156866,21.51281171297333,4.581359117523938,33.55649828899405,36.38957742179494,6.2548,6.3117,6.409350000000001,6.7101421296562975,6.108557870343704
2024-08-13,157,6.218,6.199,6.276,6.074,40596159,259169722.62,0.00468,-0.16917700840312122,-0.17658804297174593,0.007411034568624714,19.06541227827293,20.69701190140653,15.802213032005731,30.38384407525872,35.21605553551444,6.239399999999999,6.2982,6.3863,6.676692184902835,6.095907815097165
2024-08-14,157,6.199,6.074,6.209,6.064,25522524,161860818.68,0.00294,-0.17550951943574145,-0.17637233826454504,0.0008628188288035965,13.59679967487697,18.33027449256334,4.129850039504227,20.405065888811833,30.579039504763912,6.1952,6.2578,6.3616,6.670373737634276,6.052826262365724
2024-08-15,157,6.055,6.247,6.257,6.026,46535746,299568574.57,0.00536,-0.1646702101942239,-0.17403191265048082,0.00936170245625692,27.29885654892789,21.319801844684854,39.25696595741397,48.497120223321396,42.09142704862208,6.1952,6.2366,6.3450999999999995,6.640382843888269,6.04981715611173
2024-08-16,157,6.247,6.238,6.343,6.218,38674281,252131841.61,0.00446,-0.15501923901988146,-0.17022937792436096,0.015210138904479503,35.69098687420281,26.11019685452417,54.85256691356008,47.45161378521572,41.69897631670316,6.1972,6.226999999999999,6.32215,6.569776437666871,6.074523562333129
2024-08-19,157,6.238,6.478,6.478,6.218,50695181,338226877.56,0.00584,-0.1265460366579898,-0.16149270967108675,0.03494667301309695,57.12732458280186,36.44923943061673,98.48349488717213,68.9036977431192,54.138348820760974,6.2472,6.2509999999999994,6.3176499999999995,6.549215177820312,6.0860848221796875
2024-08-20,157,6.507,6.401,6.526,6.353,34916554,232600891.81,0.00402,-0.10893830219601774,-0.15098182817607297,0.04204352598005523,63.08488305520124,45.327787305478225,98.59907455464727,59.54498672617351,50.3763630601325,6.287599999999999,6.2635,6.3161499999999995,6.544996328581579,6.08730367141842
2024-08-21,157,6.353,6.228,6.421,6.189,37440525,244467836.53,0.00431,-0.10770217631047263,-0.1423258978029529,0.034623721492480275,55.52325537013415,48.72627666036353,69.11721278967538,43.584605747720346,43.0450856016375,6.3184,6.2568,6.3074,6.535645850829883,6.079154149170118
2024-08-22,157,6.209,6.141,6.266,6.122,26438213,169999451.78,0.00305,-0.11244649732538292,-0.1363500177074389,0.02390352038205598,44.68217024675611,47.37824118916105,39.29002836194623,37.51623995504042,39.86250682165199,6.2972,6.2462,6.3021,6.540928632683516,6.063271367316484
2024-08-23,157,6.151,6.257,6.305,6.122,30063748,194536636.56,0.00346,-0.10562855513107738,-0.1302057251921666,0.024577170061089226,45.18811349783739,46.6481986253865,42.26794324273919,48.89986665895032,45.70189756338431,6.301,6.2491,6.29005,6.510904298243513,6.069195701756487
2024-08-26,157,6.257,6.218,6.315,6.132,30645275,198814292.61,0.00353,-0.10219422942179346,-0.12460342603809198,0.02240919661629852,42.92540899855827,45.40726874977709,37.96168949612061,45.55170807280423,44.13025482509788,6.249,6.2481,6.2799,6.493969246051984,6.065830753948015
2024-08-27,157,6.218,6.122,6.247,6.093,25395850,162050588.1,0.00293,-0.10599703145102435,-0.12088214712067846,0.014885115669654114,35.01693933237218,41.943825610642115,21.163166775832323,37.888749330375745,40.399546670384964,6.193199999999999,6.240399999999999,6.2693,6.492873936904907,6.045726063095094
2024-08-28,157,6.093,6.112,6.17,6.064,32012602,202707006.46,0.00369,-0.1085662121696398,-0.11841896013047072,0.009852747960830924,26.80782968478492,36.89849363535638,6.626501783641999,37.10842639493731,40.01513509512335,6.17,6.2442,6.2509999999999994,6.462222008422666,6.039777991577333
2024-08-29,157,6.074,6.026,6.122,6.026,37543304,236542344.44,0.00433,-0.11620228011534195,-0.11797562412744497,0.001773344012103023,17.871886456523278,30.55629124241201,-7.496923115254184,30.603839558701992,36.73572595067375,6.147,6.222099999999999,6.229349999999999,6.439566204493318,6.01913379550668
2024-08-30,157,6.045,6.084,6.18,5.853,79047670,496871719.41,0.00911,-0.11623393129655746,-0.11762728556126749,0.001393354264710031,23.355898549024424,28.156160344616147,13.75537495784097,39.22529912977272,40.33339137903473,6.1124,6.2067,6.21685,6.430567250492074,6.003132749507926
2024-09-02,157,6.074,5.91,6.103,5.91,58162227,361748870.7,0.0067,-0.12881446790524098,-0.1198647220300622,-0.008949745875178786,18.91566945521818,25.075996714816824,6.595014936020888,27.103381424948324,34.00473575650575,6.050800000000001,6.1499,6.20045,6.453967133231861,5.946932866768139
2024-09-03,157,5.91,5.891,5.939,5.814,52389937,319020159.81,0.00604,-0.13871871205272512,-0.1236355200345948,-0.015083192018130326,17.73353346249408,22.628508964042574,7.943582459397092,26.048570636453235,33.38080493223147,6.0046,6.0989,6.1812,6.466977683191883,5.895422316808117
2024-09-04,157,5.853,5.804,5.862,5.766,46221878,278380033.14,0.00533,-0.15183777841268764,-0.12927597171021338,-0.022561806702474263,14.129580899707664,19.795532942597603,2.7976768139277866,21.459562327679322,30.57819240475547,5.943,6.0565,6.156650000000001,6.48277640429585,5.830523595704152
2024-09-05,157,5.814,5.795,5.872,5.766,37239262,224280835.78,0.00429,-0.16110385287234408,-0.13564154794263952,-0.025462304929704555,11.180497770418338,16.92385455187118,-0.3062157924873503,21.000295730230235,30.291184192456527,5.8968,6.0219000000000005,6.13405,6.494638685346601,5.7734613146533995
2024-09-06,157,5.785,5.727,5.824,5.718,29271536,175291703.14,0.00337,-0.17195215790059581,-0.1429036699342308,-0.029048487966365028,8.020772930751503,13.956160678164622,-3.8500025640747353,17.58759565624068,28.116023361023238,5.8254,5.9689,6.109,6.509507047050148,5.708492952949852
2024-09-09,157,5.708,5.612,5.718,5.564,43489986,253839463.68,0.00501,-0.18766576260477397,-0.15185608846833942,-0.035809674136434544,7.944584551236936,11.952301969188726,-0.07085028466664411,13.225803622588927,24.826933814802857,5.7658000000000005,5.9083,6.078200000000001,6.531446348723919,5.6249536512760825
2024-09-10,157,5.631,5.679,5.699,5.545,39104021,228397867.39,0.00451,-0.19249362084759536,-0.15998359494419062,-0.03251002590340474,12.33051043573278,12.078371458036743,12.834788391124857,26.048105443435347,30.029329276459862,5.7234,5.864,6.052200000000001,6.534966414041303,5.5694335859586985
2024-09-11,157,5.641,5.766,5.776,5.612,39299244,233764687.88,0.00453,-0.18714230042988955,-0.16541533604133044,-0.021726964388559117,19.821390159254932,14.65937769177614,30.145415094212517,39.888763847514,36.27637364751958,5.7158,5.8294,6.0367999999999995,6.536008468214256,5.537591531785743
2024-09-12,157,5.776,5.65,5.872,5.641,37300425,222352354.19,0.0043,-0.19007055593818478,-0.17034638002070132,-0.01972417591748346,19.48666153986174,16.26847230780467,25.92304000397587,30.696600873819577,32.106874565986885,5.6868,5.7918,6.006950000000001,6.524302155336729,5.4895978446632725
2024-09-13,157,5.631,5.535,5.66,5.535,34944744,202791205.76,0.00403,-0.19937251616903495,-0.17615160725036808,-0.023220908918666877,12.991107693241158,15.1760174362835,8.621288207156471,24.091826789795476,28.557087226733046,5.6484000000000005,5.7369,5.9718,6.517789242230609,5.425810757769391
2024-09-16,157,5.535,5.535,5.535,5.535,0,0.0,0.0,-0.2043883252824461,-0.18179895085678371,-0.02258937442566239,8.660738462160772,13.00425777824259,-0.026300170002862444,24.091826789795476,28.557087226733046,5.633,5.699400000000001,5.92465,6.4490220153920195,5.40027798460798
2024-09-17,157,5.535,5.535,5.535,5.535,0,0.0,0.0,-0.20598887857321024,-0.18663693640006904,-0.019351942173141207,5.7738256414405145,10.594113732641897,-3.8667505409622507,24.091826789795476,28.557087226733046,5.6042000000000005,5.6638,5.88135,6.38261336181164,5.38008663818836
2024-09-18,157,5.545,5.699,5.727,5.506,39032761,228514522.12,0.0045,-0.19181280062639416,-0.1876721092453341,-0.004140691381060074,21.42663057334648,14.204952679543425,35.869986360952595,50.39400004349167,40.69646848510871,5.5908,5.6533,5.8549,6.334505495776388,5.3752945042236115
2024-09-19,157,5.747,5.804,5.872,5.679,60199880,362536605.76,0.00694,-0.1701442176124912,-0.18416653091876553,0.01402231330627432,41.42467539133848,23.278193583475108,77.71763900706523,60.82334710866832,46.98786044755174,5.6216,5.6542,5.838050000000001,6.298635656928642,5.37746434307136
2024-09-20,157,5.785,5.747,5.785,5.641,48464179,287749746.15,0.00558,-0.15577545066299336,-0.1784883148676111,0.02271286420461774,49.565448439398686,32.04061186878297,84.61512158063012,53.496530354208865,44.210298512987826,5.664,5.6562,5.81255,6.229916921746784,5.395183078253216
2024-09-23,157,5.766,5.872,5.891,5.747,51462972,312357013.71,0.00593,-0.13277114093717035,-0.16934488008152296,0.03657373914435261,64.73194398124413,42.937722572936686,108.32038679785903,64.68989058842656,51.12242184371904,5.7314,5.6822,5.79525,6.1681718205073155,5.422328179492685
2024-09-24,157,5.891,6.151,6.161,5.862,83721317,524241460.74,0.00965,-0.09097834965981999,-0.15367157399718237,0.06269322433736238,75.97905680174546,53.951500649206274,120.03416910682382,78.53083479554009,62.450261818275735,5.8546,5.7294,5.7966999999999995,6.175155642954593,5.418244357045406
2024-09-25,157,6.276,6.266,6.507,6.238,95217191,627592595.69,0.01097,-0.0480241302868567,-0.13254208525511724,0.08451795496826053,75.96072984252228,61.2879103803116,105.30636876694365,82.01737465124833,65.99410010907313,5.968,5.779400000000001,5.804399999999999,6.214785903112727,5.394014096887272
2024-09-26,157,6.266,6.575,6.575,6.228,72626121,484039739.44,0.00837,0.010826316575572648,-0.10386840488897925,0.1146947214645519,83.97381989501486,68.84988021854602,114.22169924795253,88.1974821300796,73.36298454664063,6.1222,5.871899999999999,5.83185,6.360925967085385,5.302774032914615
2024-09-27,157,6.642,6.863,7.027,6.642,116042836,820647393.67,0.01337,0.0797851986863014,-0.06713768417392312,0.14692288286022454,85.72175325896016,74.47383789868407,108.21758397951234,91.47449583159953,78.17225240361361,6.3454,6.004700000000001,5.8708,6.566497332859153,5.175102667140847
2024-09-30,157,7.094,7.296,7.354,6.834,188181286,1396412889.68,0.02168,0.16744489038346622,-0.020221169262445233,0.18766605964591146,89.43499279313073,79.46088953016628,109.38319931905963,94.31986622927508,83.15924683682908,6.6302,6.1808,5.9401,6.884065186690794,4.996134813309206
2024-10-01,157,7.296,7.296,7.296,7.296,0,0.0,0.0,0.23421593213613523,0.030666251017270874,0.20354968111886435,91.8280376161249,83.58327222548581,108.31756839740308,94.31986622927508,83.15924683682908,6.8591999999999995,6.3569,6.01035,7.131433737893117,4.889266262106883
2024-10-02,157,7.296,7.296,7.296,7.296,0,0.0,0.0,0.2838602989550507,0.08130506060482685,0.20255523835022388,93.42340083145436,86.863315094142,106.54357230607906,94.31986622927508,83.15924683682908,7.0652,6.5165999999999995,6.08495,7.338907856254805,4.8309921437451955
2024-10-03,157,7.296,7.296,7.296,7.296,0,0.0,0.0,0.3195205829418928,0.12894816507224008,0.1905724178696527,94.41253065179305,89.37972028002568,104.47815139532776,94.31986622927508,83.15924683682908,7.2094000000000005,6.6658,6.16,7.516378304627124,4.803621695372876
2024-10-04,157,7.296,7.296,7.296,7.296,0,0.0,0.0,0.34381829167298594,0.17192219039238926,0.17189610128059668,94.97922061325971,91.24622039110369,102.44522105757176,94.31986622927509,83.15924683682908,7.296,6.8207,6.23845,7.6688558275814405,4.80804417241856
2024-10-07,157,7.296,7.296,7.296,7.296,0,0.0,0.0,0.3589368008876832,0.20932511249144808,0.14961168839623512,94.9358214390352,92.47608740708085,99.85528950294389,94.31986622927509,83.15924683682908,7.296,6.9631,6.32265,7.795418145543052,4.849881854456949
2024-10-08,157,8.018,7.373,8.018,7.085,215799523,1676343980.51,0.02487,0.3728337890087401,0.24202684779490652,0.13080694121383357,84.61270777499925,89.85496086305365,74.12820159889046,95.17495367512272,84.23858924610794,7.311400000000001,7.085299999999999,6.407349999999999,7.918601593530137,4.896098406469862
2024-10-09,157,7.171,6.632,7.191,6.632,173200875,1233826111.87,0.01996,0.3203618134453663,0.25769384092499853,0.06266797252036777,56.4084718499995,78.7061311920356,11.813153165927304,34.75512191267666,50.35654057770669,7.1786,7.121900000000001,6.45065,7.933895130040712,4.967404869959289
2024-10-10,157,6.652,6.863,7.056,6.632,128237060,914627475.42,0.01478,0.29402779483081076,0.26496063170616097,0.029067163124649797,43.16120345555524,66.85782194654215,-4.232033526418576,47.27612627208888,56.32997802437688,7.0920000000000005,7.1507000000000005,6.5113,7.955380490539886,5.067219509460115
2024-10-11,157,6.863,6.671,6.863,6.613,70430548,491785570.06,0.00812,0.25472874554782887,0.26291425447449457,-0.008185508926665697,30.150173596704672,54.62193916326298,-18.793357536411946,39.680840772582414,50.7887316596286,6.9670000000000005,7.131500000000001,6.568099999999999,7.937949611415341,5.198250388584658
2024-10-14,157,6.709,6.834,6.863,6.68,77472011,547148556.01,0.00893,0.23403884943668718,0.2571391734669331,-0.023100324030245922,25.343294853319108,44.86239105994835,-13.694897559939378,48.16473363724638,54.897775514488536,6.874599999999999,7.085299999999999,6.63305,7.917151565912517,5.348948434087482
2024-10-15,157,6.844,6.632,6.854,6.623,70681775,492224507.36,0.00814,0.19904774736172737,0.24552088824589197,-0.0464731408841646,17.34630095796598,35.690361025954225,-19.34181917801051,39.83311825889656,49.329332463432934,6.726400000000001,7.0188999999999995,6.687899999999999,7.86366150463838,5.512138495361618
2024-10-16,157,6.584,6.565,6.671,6.517,50085289,342420579.08,0.00577,0.1640199865068528,0.22922070789808416,-0.06520072139123137,12.630156667957777,28.00362623995541,-18.116782476037486,37.26726259297559,47.582938241579996,6.712999999999999,6.9458,6.731200000000001,7.81370734287046,5.648692657129542
2024-10-17,157,6.565,6.469,6.642,6.459,52434204,356816506.98,0.00604,0.12704929083415362,0.20878642448529805,-0.08173713365114443,8.63391671812966,21.547056399346825,-17.192362644304673,33.55127217299612,45.087873650580825,6.6342,6.8631,6.764450000000001,7.764775520702369,5.7641244792976325
2024-10-18,157,6.498,6.671,6.767,6.478,94451005,651782030.88,0.01088,0.11274975102409801,0.18957908979305804,-0.07682933876896003,10.28876466263167,17.79429248710844,-4.722290986321866,46.91629492108057,50.98727669551613,6.6342,6.8006,6.81065,7.691311539621476,5.929988460378524
2024-10-21,157,6.69,6.584,6.729,6.546,75068420,514602594.15,0.00865,0.09332133948033228,0.1703275397305129,-0.07700620025018062,12.551344019167924,16.046642997794933,5.560746061913903,42.49849805608788,48.53724677170892,6.5842,6.7294,6.84625,7.6179728504423005,6.0745271495577
2024-10-22,157,6.584,6.594,6.652,6.546,56139762,384630444.65,0.00647,0.0778338792739044,0.1518288076391912,-0.07399492836528682,15.90525112165637,15.999512372415412,15.716728620138287,43.23575503790048,48.84546831720981,6.576600000000001,6.6515,6.868399999999999,7.579120435081304,6.157679564918695
2024-10-23,157,6.603,6.671,6.709,6.555,75687314,522203649.01,0.00872,0.07095528362187142,0.13565410283572726,-0.06469881921385584,28.09524992268842,20.03142488917308,44.222899989719096,49.248348690796135,51.295750587610904,6.597799999999999,6.6554,6.88865,7.548349540859763,6.228950459140237
2024-10-24,157,6.642,6.632,6.757,6.603,72645904,502644237.34,0.00837,0.06164635217230696,0.1208525527030432,-0.05920620053073623,33.00409400786486,24.355647928737007,50.30098616612055,46.269574243461356,49.973142696999055,6.6304,6.632300000000001,6.891499999999999,7.5459659534388175,6.23703404656118
2024-10-25,157,6.632,6.603,6.671,6.584,67041647,460937661.99,0.00773,0.051337116966270635,0.10694946555568868,-0.05561234858941805,34.15462807275378,27.621974643409263,47.219934931442815,43.900234063807936,48.94933482010492,6.6168,6.6255,6.8785,7.545557481938836,6.211442518061164
2024-10-28,157,6.613,6.671,6.671,6.536,61205269,421541887.71,0.00705,0.04809954389069926,0.09517948122269079,-0.047079937331991534,45.71347499222548,33.65247475968133,69.83547545731376,50.96546181759001,51.491474190434204,6.6342,6.6091999999999995,6.84725,7.49007366412411,6.2044263358758895
2024-10-29,157,6.68,6.488,6.7,6.469,85161739,580103386.65,0.00981,0.03041655024014389,0.08222689502618143,-0.051810344786037535,33.6141781333452,33.63970921756929,33.56311596489701,36.230165878185566,44.92388477871394,6.6129999999999995,6.594800000000001,6.80685,7.432250343359142,6.181449656640858
2024-10-30,157,6.469,6.555,6.661,6.459,64284713,439326538.45,0.00741,0.02156045492714309,0.07009360700637376,-0.048533152079230674,32.799062478507174,33.35949363788192,31.67820015975768,43.41753164641393,47.593613639629595,6.589799999999999,6.5938,6.769800000000001,7.359992332611776,6.179607667388225
2024-10-31,157,6.584,6.69,6.815,6.546,119654767,836337571.08,0.01379,0.025145446292430762,0.06110397486358517,-0.035958528571154405,43.49525513548421,36.73808080374935,57.00960379895393,55.53502354599746,52.639817069918216,6.601400000000001,6.615900000000001,6.7395,7.2756996878619,6.203300312138099
2024-11-01,157,6.7,6.863,6.96,6.652,122186338,868761832.0,0.01408,0.04146821221916763,0.05717682233470167,-0.01570861011553404,55.87641094195291,43.117524183150536,81.39418445955766,66.55070556393945,58.25867061190617,6.6534,6.6350999999999996,6.71785,7.1906598649786115,6.245040135021389
2024-11-04,157,6.95,6.94,6.979,6.777,96999221,694984371.54,0.01118,0.05992658196553702,0.05772677426086874,0.00219980770466828,68.08427396130196,51.43977410920101,101.37327366550386,70.45945392074864,60.532248857216146,6.7072,6.670699999999999,6.70005,7.102833721512957,6.297266278487043
2024-11-05,157,6.94,7.114,7.123,6.873,116514625,848257980.42,0.01343,0.08758568553359858,0.06369855651541471,0.023887129018183864,78.27104207861896,60.38353009900699,114.0460660378429,77.56772323802579,65.20438253563776,6.8324,6.722700000000001,6.687100000000001,7.006887363563313,6.367312636436689
2024-11-06,157,7.123,7.104,7.219,7.046,103763911,768944572.81,0.01196,0.10746007510363498,0.07245086023305877,0.035009214870576205,80.47016840328982,67.0790762004346,107.25235280900026,76.301499573715,64.72401061649416,6.9422,6.766,6.7107,7.0793059656255934,6.342094034374407
2024-11-07,157,7.056,7.268,7.268,7.027,80552458,602780226.16,0.00928,0.13488918288524587,0.0849385247634962,0.049950658121749675,86.98011226885987,73.71275488990969,113.5148270267602,82.06368970300863,68.83210745388105,7.0578,6.829600000000001,6.73095,7.172137619714691,6.289762380285309
2024-11-08,157,7.306,7.152,7.335,7.123,84477705,630154613.7,0.00973,0.14558846467556386,0.09706851274590975,0.04851995192965411,84.35660452627188,77.26070476869708,98.54840404142146,68.02489064913203,63.15686121650431,7.115600000000001,6.8845,6.755,7.233306662255439,6.276693337744561
2024-11-11,157,7.162,7.114,7.2,6.998,84194658,619223190.06,0.0097,0.14928062602495196,0.1075109354017182,0.041769690623233754,81.16163285008687,78.56101412916034,86.36287029193994,63.73853827224354,61.34920131576286,7.1504,6.9288,6.769,7.272756833569994,6.265243166430007
2024-11-12,157,7.123,7.008,7.21,6.979,67375760,496379363.08,0.00776,0.14201630085965888,0.11441200849330635,0.027604292366352534,73.62613292667388,76.91605372833152,67.04629132335859,52.63633497613152,56.43393192181293,7.1292,6.9808,6.7878,7.298051785112579,6.277548214887421
2024-11-13,157,6.969,7.027,7.056,6.95,46847609,340573121.3,0.0054,0.13622212814201262,0.1187740324230476,0.017448095718965023,67.38569915951027,73.73926887205776,54.67855973441527,54.34677374536663,57.10593599334063,7.1138,7.0280000000000005,6.810899999999999,7.3205128148434655,6.301287185156533
2024-11-14,157,7.037,6.902,7.056,6.883,46151176,334113742.76,0.00532,0.1201586352362547,0.11905095298568903,0.0011076822505656642,52.39094400359227,66.62316058256926,23.92651084563829,42.28986038034403,51.4141192126565,7.0406,7.049200000000001,6.83255,7.3171831113653205,6.34791688863468
2024-11-15,157,6.873,6.748,6.921,6.738,59445504,420860240.73,0.00685,0.09391904808517548,0.11402457200558633,-0.020105523920410845,35.485643294410465,56.24398815318299,-6.031046423134583,31.845127843723958,45.34040539237014,6.9597999999999995,7.037699999999999,6.8364,7.316834627789254,6.355965372210746
2024-11-18,157,6.767,6.719,6.863,6.69,61169126,430766280.8,0.00705,0.06997727412823274,0.10521511243011562,-0.03523783830188289,25.15580353994289,45.88125994876962,-16.295109277710566,30.161770102844542,44.26614523815789,6.880800000000001,7.015600000000001,6.84315,7.312314666413167,6.373985333586832
2024-11-19,157,6.719,6.786,6.796,6.671,43024357,301555947.13,0.00496,0.05576674155081829,0.09532543825425616,-0.03955869670343787,22.543628062773138,38.10204932010412,-8.57321445188883,39.08847086601604,47.406792024611626,6.8364,6.9828,6.85275,7.308103130750481,6.39739686924952
2024-11-20,157,6.796,6.815,6.883,6.738,53451355,377897767.51,0.00616,0.04631100529727927,0.08552255166286078,-0.03921154636558151,22.258001037832702,32.82069989268031,1.1326033281374919,42.88062221875084,48.76992053154541,6.794,6.9539,6.85995,7.307693100684512,6.412206899315489
2024-11-21,157,6.796,6.825,6.854,6.767,34001529,240295206.42,0.00392,0.039172624981289594,0.07625256632654655,-0.03707994134525695,24.362476882364657,30.00129222257509,13.08484620194379,44.31514194761538,49.264582972079786,6.7786,6.9096,6.8696,7.304800812692804,6.434399187307196
2024-11-22,157,6.796,6.661,6.834,6.661,48288720,338820570.93,0.00556,0.020050844107151633,0.06501222188266756,-0.044961377775515926,16.24165125490977,25.414745233353315,-2.104536701977324,29.657080280628605,42.00776982310604,6.7612,6.8605,6.8725,7.300941238371025,6.444058761628974
2024-11-25,157,6.652,6.69,6.834,6.642,58623115,410170483.95,0.00676,0.0071542825207799865,0.05344063401029004,-0.046286351489510054,14.692501802790094,21.840664089832238,0.3961772287058096,34.27047177649368,43.61011131276774,6.7554,6.818099999999999,6.873450000000001,7.300090474799214,6.446809525200788
2024-11-26,157,6.671,6.623,6.7,6.594,34711338,239584059.56,0.004,-0.008376120802112474,0.04107728304780953,-0.04945340384992201,11.887353294212149,18.52289382462554,-1.3837277666146335,28.997879267048432,40.770880350698114,6.722800000000001,6.7796,6.8802,7.284869377718669,6.475530622281331
2024-11-27,157,6.594,6.815,6.815,6.584,49462813,344852919.23,0.0057,-0.005132122028856045,0.031835402032476416,-0.03696752406133246,30.773566884568766,22.60645151127328,47.107797631159734,53.5651105056646,50.78716960115554,6.722799999999999,6.7584,6.8932,7.269599340007329,6.516800659992671
2024-11-28,157,6.786,6.709,6.815,6.7,40797608,285762100.26,0.0047,-0.010987882283097328,0.023270745169361666,-0.034258627452458994,34.451051278675706,26.554651433740755,50.24385096854561,43.57616240978986,46.092598019959674,6.699599999999999,6.7391000000000005,6.894150000000001,7.268480152616582,6.5198198473834195
2024-11-29,157,6.7,6.719,6.767,6.68,42474748,296730934.47,0.00489,-0.01465278980669904,0.015686038174149524,-0.030338827980848564,38.01753474319746,30.375612536892987,53.3013791558064,44.742710665651586,46.600594928737934,6.7112,6.736200000000001,6.886950000000001,7.2692573852833124,6.504642614716689
2024-12-02,157,6.7,6.729,6.757,6.68,54122430,377718110.5,0.00624,-0.016559451942778303,0.009236940150763956,-0.02579639209354226,41.51001758799566,34.08708088726054,56.355890989465905,46.08043826557014,47.14396511897187,6.718999999999999,6.7372,6.876400000000001,7.2641500008484226,6.48864999915158
2024-12-03,157,6.729,6.738,6.786,6.671,43958830,306551875.1,0.00507,-0.017146615132667797,0.003960229094077604,-0.0211068442267454,46.68569073767618,38.28661750406575,63.48383720489706,47.45428773296284,47.66680381196883,6.742,6.7324,6.857600000000001,7.233112225605241,6.48208777439476
2024-12-04,157,6.729,6.709,6.748,6.68,37120543,258956080.6,0.00428,-0.01972463056482887,-0.0007767428377036925,-0.01894788772712518,47.79046049178412,41.45456516663854,60.46225114207526,43.198337294940366,46.065075056653434,6.7208,6.7218,6.83785,7.200112640983974,6.475587359016027
2024-12-05,157,6.671,6.796,6.806,6.594,76756375,535059659.54,0.00884,-0.014579490170484988,-0.0035372923042599528,-0.011042197866225035,60.126973661189496,47.67870133148885,85.0235183205908,57.061696707998095,51.40875881273851,6.738200000000001,6.7189000000000005,6.8142499999999995,7.114756852536014,6.513743147463985
2024-12-06,157,6.777,6.767,6.834,6.738,64063892,451099585.49,0.00738,-0.012695639546191018,-0.005368961752646167,-0.007326677793544851,64.48464910745976,53.28068392347915,86.89257947542099,51.986445433126256,49.62102161289368,6.7478,6.7295,6.795,7.050339608736132,6.539660391263868
2024-12-09,157,6.777,6.729,6.815,6.69,51434471,360828244.86,0.00593,-0.014106347580763234,-0.007116438918269582,-0.006989908662493652,62.32309940497323,56.294822417310506,74.37965338029868,45.60792402895795,47.271187364366874,6.7478,6.7334000000000005,6.7757499999999995,6.983431816349314,6.568068183650685
2024-12-10,157,6.863,6.892,7.017,6.825,129526160,931443441.45,0.01493,-0.0020479980627685634,-0.006102750747169378,0.004054752684400815,65.03179046225954,59.207145098960176,76.68108118885824,66.6625498232028,56.83616790906949,6.7786,6.760299999999999,6.76995,6.955636181216539,6.584263818783461
2024-12-11,157,6.892,6.911,6.969,6.854,52114309,374314448.57,0.00601,0.008938435298198932,-0.0030945135380957157,0.012032948836294648,68.33482642322417,62.249705540381505,80.5050681889095,68.3748942377106,57.80937795902463,6.819,6.7699,6.764150000000001,6.921043896429677,6.607256103570324
2024-12-12,157,6.921,6.969,6.969,6.863,48344997,348096352.4,0.00557,0.022070957899547494,0.0019385807494329277,0.020132377150114567,75.10737837198396,66.53559648424898,92.25094214745391,73.3829999347268,60.75598976408237,6.8536,6.7959000000000005,6.767500000000001,6.938971034841218,6.596028965158784
2024-12-13,157,6.95,6.825,6.95,6.815,61169318,436211137.58,0.00705,0.020621270958729454,0.005675118791292235,0.01494615216743722,68.27489527399402,67.11536274749733,70.5939603269874,49.8593813273456,51.091504148655574,6.8652,6.8065,6.77135,6.944427743407991,6.598272256592009
2024-12-16,157,6.825,6.729,6.854,6.7,54901414,386658208.93,0.00633,0.01159235645001111,0.006858566323036011,0.004733790126975099,56.15489472166975,63.4618734055548,41.540937353899665,39.68281762330328,45.7937351936301,6.8652,6.8065,6.771850000000001,6.944347780306215,6.599352219693786
2024-12-17,157,6.729,6.748,6.825,6.7,38503641,270533504.25,0.00444,0.00590198347081472,0.006667249752591753,-0.0007652662817770328,49.57213627622742,58.831961029112335,31.05248677045759,42.471511528707175,46.98073047932959,6.8364,6.8075,6.76995,6.942628557471884,6.597271442528116
2024-12-18,157,6.748,6.729,6.806,6.719,32470464,228169020.54,0.00374,-0.00013921454389276278,0.005305956893294849,-0.005445171437187612,37.02362601901397,51.562516025746206,7.945846005549498,40.23902670542113,45.88461782540532,6.8,6.8095,6.765650000000001,6.937887626551356,6.593412373448646
2024-12-19,157,6.7,6.748,6.748,6.652,33008195,229643555.91,0.0038,-0.0033550908854005357,0.0035737473375557723,-0.006928838222956308,33.44954063368054,45.52485756172432,9.29890677759299,43.784913966566485,47.22778271001822,6.755800000000001,6.8046999999999995,6.761799999999999,6.931880600088191,6.591719399911807
2024-12-20,157,6.738,6.652,6.777,6.652,46548149,322899304.01,0.00536,-0.013494537125779082,0.00016009044488880038,-0.013654627570667884,22.299693755787025,37.783136293078556,-8.667191318796029,32.20060423625114,41.54416536935562,6.7212000000000005,6.793200000000001,6.76135,6.932597159023815,6.5901028409761855
2024-12-23,157,6.661,6.815,6.834,6.632,84459598,594250553.15,0.00973,-0.008281914811251845,-0.0015283106063393292,-0.006753604204912516,32.967352711573184,36.17787509924343,26.546307936232694,55.94774838961122,52.199450898456035,6.7384,6.8018,6.767599999999999,6.936996948956684,6.598203051043314
2024-12-24,157,6.796,6.969,6.979,6.777,88857427,637680001.4,0.01024,0.008181329621056221,0.0004136174391397814,0.00776771218191644,54.350953680914316,42.23556795980039,78.58172512314218,68.468792183636,59.7594656452106,6.7826,6.8095,6.7849,6.962586773491248,6.607213226508753
2024-12-25,157,6.979,6.921,6.979,6.873,38313818,275375349.84,0.00442,0.017157588596555584,0.0037624116706229433,0.013395176925932641,63.995736651829546,49.48895752381011,93.00929490786844,61.88933585973974,56.709768528364,6.821000000000001,6.8105,6.7902000000000005,6.977718532417589,6.6026814675824115
2024-12-26,157,6.94,6.94,6.96,6.863,37810159,272057737.65,0.00436,0.025510411570560443,0.008112011650610446,0.017398399919949997,72.2507600733619,57.07622504032737,102.59983013943096,63.55295267650021,57.64318240044128,6.859400000000001,6.807600000000001,6.80175,6.996525849578418,6.606974150421582
2024-12-27,157,6.95,6.806,6.988,6.786,70356296,500280662.71,0.00811,0.021074470463921635,0.010704503413272686,0.01036996705064895,64.45930821370195,59.53725276478556,74.30341911153471,46.40812136740455,49.44129279641675,6.8902,6.8057,6.806100000000001,6.99694068858894,6.615259311411061
2024-12-30,157,6.786,6.902,6.911,6.777,56691852,405228155.56,0.00653,0.025016972782492708,0.013566997287116694,0.011449975495376014,68.25377101887244,62.44275884948119,79.87579535765495,56.497404948351466,54.50097306900586,6.9076,6.823,6.814749999999999,7.006556783261988,6.62294321673801
2024-12-31,157,6.892,6.96,7.104,6.873,97706713,710014688.55,0.01126,0.03244751479524943,0.017343100788743245,0.015104414006506188,68.66635582049123,64.5172911731512,76.96448511517133,61.72195721069333,57.316334416058666,6.905799999999999,6.844200000000001,6.82585,7.02452696605836,6.62717303394164
2025-01-01,157,6.96,6.96,6.96,6.96,0,0.0,0.0,0.037899392271963706,0.02145435908538734,0.016445033186576367,68.94141235490376,65.99199823373539,74.8402405972405,61.72195721069333,57.31633441605867,6.9136,6.8673,6.8384,7.037707643712317,6.639092356287683
