date,symbol,open,close,high,low,volume,amount,turnover,macd,macds,macdh,kdjk,kdjd,kdjj,rsi_6,rsi_12,close_5_sma,close_10_sma,boll,boll_ub,boll_lb
2022-01-03,333,61.861,61.861,61.861,61.861,0,0.0,0.0,0.0,0.0,0.0,33.33333333333333,44.444444444444436,11.111111111111114,,,61.861,61.861,61.861,,
2022-01-04,333,62.02,63.16,63.278,61.685,31040801,2323005429.0,0.00444,0.02914423076923356,0.016191239316240866,0.012952991452992692,53.08641975308637,47.325102880658406,64.60905349794228,100.0,100.0,62.51049999999999,62.51049999999999,62.51049999999999,64.34756341752265,60.673436582477336
2022-01-05,333,63.194,63.923,66.907,62.641,61369922,4743653586.0,0.00878,0.06079611909072469,0.034471927748406364,0.026324191342318323,49.67666078777187,48.1089555163629,52.812071330589816,100.0,100.0,62.98133333333333,62.98133333333333,62.98133333333333,65.06642549756333,60.89624116910333
2022-01-06,333,63.537,62.842,65.532,62.691,34188949,2599839612.0,0.00489,0.03467296659732,0.034540030339501766,0.0001329362578182322,40.5031945147127,45.57370184914616,30.362179845845787,58.72339071499029,62.35990511631955,62.9465,62.9465,62.9465,64.65466275571154,61.238337244288466
2022-01-07,333,63.261,65.188,65.775,62.867,43722085,3393184313.0,0.00626,0.113100822192024,0.0579100897911088,0.055190732400915196,49.362655656304085,46.83668645153213,54.41459406584801,80.10716246430728,80.09651707879436,63.3948,63.3948,63.3948,65.8863502804479,60.90324971955209
2022-01-10,333,65.54,65.205,67.787,64.535,35252163,2760629556.0,0.00505,0.1588476099839724,0.08526976978093434,0.07357784020303806,52.137105300422505,48.60349273449559,59.20433043227635,80.19637525884244,80.170382938549,64.0636,63.69649999999999,63.69649999999999,66.370599399798,61.022400600202
2022-01-11,333,64.551,63.361,66.06,63.278,33694529,2592315667.0,0.00482,0.10191306848800963,0.0894817446808882,0.012431323807121433,43.91353835279993,47.0401746072637,37.66026584387238,50.63715616751761,55.70666768703564,64.10379999999999,63.64857142857142,63.64857142857142,66.10281804946968,61.19432480767317
2022-01-12,333,63.772,62.255,63.965,61.207,38464129,2852050498.0,0.00551,0.009496935577260501,0.0702598909386179,-0.060762955361357396,34.5847094591108,42.88835289121273,17.977422594906926,40.02033710455497,46.435376926934985,63.7702,63.474374999999995,63.474374999999995,65.95104048580373,60.997709514196266
2022-01-13,333,62.506,60.612,63.16,60.512,26732585,1957650625.0,0.00383,-0.13615920920328506,0.02257605475540187,-0.15873526395868692,23.514663121652333,36.430456301359264,-2.3169232377615288,29.132045000433394,36.571515255449015,63.3242,63.156333333333336,63.156333333333336,66.15775899458167,60.154907672085
2022-01-14,333,60.428,60.344,61.057,59.841,20996990,1516106943.0,0.00301,-0.2513073126431138,-0.038789718449523995,-0.2125175941935898,17.786518429788526,30.215810344169014,-7.072065398972455,27.65907098250078,35.23948720779347,62.355399999999996,62.875099999999996,62.875099999999996,66.21744840261222,59.53275159738778
2022-01-17,333,60.428,61.207,61.551,60.109,20381136,1481637501.0,0.00292,-0.2850139626188479,-0.09266217616418064,-0.19235178645466727,17.58802545877167,26.006548715703232,0.7509789449085531,39.48293027730572,42.58557324542378,61.5558,62.8097,62.723454545454544,66.05001473443491,59.39689435647418
2022-01-18,333,61.023,61.434,61.752,60.361,21307718,1554810615.0,0.00305,-0.2933791027498813,-0.13576775425191248,-0.15761134849796885,18.407957907156593,23.47368511285435,8.276503495761077,42.45187854425669,44.395493114076835,61.170399999999994,62.6371,62.61599999999999,65.87394927132782,59.358050728672175
2022-01-19,333,61.769,63.051,63.856,61.568,40401059,3035602736.0,0.00578,-0.2043497524117086,-0.150282087809681,-0.05406766460202761,25.737866727935753,24.228412317881485,28.75677554804429,59.45496677937781,55.33663152809758,61.329600000000006,62.5499,62.64946153846154,65.77802943398868,59.5208936429344
2022-01-20,333,63.018,65.892,66.043,62.951,50662197,3941616641.0,0.00725,0.02959746105594263,-0.11265115197602855,0.14224861303197117,42.542418744876,30.333081126879655,66.9610939808687,75.01738345124694,67.56801994082795,62.3856,62.8549,62.88107142857143,66.35080264975453,59.411340207388335
2022-01-21,333,65.473,64.878,66.06,64.225,30226221,2345227569.0,0.00433,0.14547877564100986,-0.05914249806338592,0.20462127370439578,55.35952212835758,38.67522812737229,88.72811013032816,64.42608749546436,61.05746057417378,63.2924,62.823899999999995,63.014199999999995,66.51312793376975,59.51527206623024
2022-01-24,333,64.367,64.602,66.236,64.116,16913071,1307756735.0,0.00242,0.21484098285399966,-0.0027587401863798577,0.21759972304037953,61.722610790810194,46.357689015184924,92.45245434206073,61.58606349538573,59.35912202351449,63.971399999999996,62.7636,63.113437499999996,66.58570008367653,59.64117491632347
2022-01-25,333,64.367,63.571,66.043,63.043,25185151,1938021219.0,0.0036,0.20127020324670042,0.038987080819876445,0.16228312242682397,60.590679802682395,51.10201927768408,79.56800085267903,51.42448781150748,53.31575165880599,64.39880000000001,62.7846,63.14035294117647,66.50967504964105,59.77103083271188
2022-01-26,333,64.091,64.124,64.979,63.311,17996504,1376378669.0,0.00258,0.22327291719775388,0.0765203880492609,0.146752529148493,62.71851939933838,54.97418598490218,78.20718622821079,56.08796529113385,55.94049237500647,64.61339999999998,62.971500000000006,63.195,66.49644830963268,59.893551690367325
2022-01-27,333,63.487,62.708,64.342,62.448,25896559,1951701430.0,0.00371,0.1466317796100327,0.09074770358686692,0.055884076023165793,55.951946940835214,55.30010630354652,57.255628215412585,43.311400753041546,48.34744289942258,63.9766,63.181099999999994,63.16936842105264,66.38557116552744,59.95316567657784
2022-01-28,333,62.716,61.35,63.697,61.207,26921924,1996946182.0,0.00385,-0.0027289587890138023,0.07183431458261075,-0.07456327337162455,42.912645478287324,51.170952695126786,26.396031044608407,34.31537123267714,42.33544098126779,63.270999999999994,63.2817,63.0784,66.31283371111219,59.84396628888782
2022-01-31,333,61.35,61.35,61.35,61.35,0,0.0,0.0,-0.11809642571459733,0.03349454456044728,-0.15159097027504462,29.556266204057398,43.966057198103655,0.7366842159648854,34.31537123267714,42.33544098126779,62.6206,63.29600000000001,63.05284999999999,66.33548900735849,59.770210992641495
2022-02-01,333,61.35,61.35,61.35,61.35,0,0.0,0.0,-0.206007986130615,-0.014762032266807437,-0.19124595386380755,20.65201335457078,36.194709250259365,-10.433378436806393,34.31537123267714,42.335440981267794,62.1764,63.28760000000001,62.96235,66.33121913869984,59.593480861300165
2022-02-02,333,61.35,61.35,61.35,61.35,0,0.0,0.0,-0.27174530154606913,-0.06646387996349133,-0.20528142158257778,14.715844788246368,29.035087762921698,-13.922641161104295,34.31537123267714,42.335440981267794,61.6216,63.11749999999999,62.8337,66.24436081573644,59.42303918426356
2022-02-03,333,61.35,61.35,61.35,61.35,0,0.0,0.0,-0.3195945513850944,-0.11733022376488578,-0.20226432762020863,10.758399077363428,22.94285820106894,-13.610519170047596,34.31537123267714,42.335440981267794,61.35,62.66329999999999,62.759100000000004,66.23366556315054,59.284534436849476
2022-02-04,333,61.35,61.35,61.35,61.35,0,0.0,0.0,-0.3530459746550392,-0.16465215112987103,-0.18839382352516815,8.157929134012898,18.014548512050258,-11.55530962206182,34.31537123267714,42.335440981267794,61.35,62.310500000000005,62.5672,65.8978984631803,59.23650153681971
2022-02-07,333,62.439,62.607,63.395,61.501,21295784,1582887132.0,0.00305,-0.2866866316075658,-0.18913303616041108,-0.09755359544715472,17.81048227173853,17.946526431946346,17.538393951322895,58.271071110636704,51.70491857611583,61.6014,62.111000000000004,62.43729999999999,65.52890112494957,59.345698875050424
2022-02-08,333,62.356,62.272,62.775,61.182,25222789,1858705328.0,0.00361,-0.25537885613413636,-0.20241431231046658,-0.052964543823669774,23.37154514318431,19.754866002359,30.60490342483493,52.18444081538715,49.37258656999248,61.78580000000001,61.981100000000005,62.38285,65.44416360005712,59.32153639994287
2022-02-09,333,62.523,64.191,64.593,61.937,30821130,2329350902.0,0.00441,-0.09077324618952076,-0.18004282633905502,0.08926958014953426,44.98589670348903,28.165209569402343,78.62727097166241,72.16818508770379,60.505600590536666,62.354,61.98779999999999,62.47964999999999,65.64462112483709,59.31467887516289
2022-02-10,333,63.78,61.727,64.208,61.601,40093808,2986309640.0,0.00574,-0.13890821903694928,-0.17180315460419493,0.03289493556724565,35.31650418364132,30.548974440815332,44.851563669293306,43.89916086358119,46.257337196208994,62.4294,61.889700000000005,62.5354,65.59952706896055,59.471272931039444
2022-02-11,333,61.308,62.138,62.523,60.746,26315615,1943208566.0,0.00377,-0.14502220657291787,-0.16644032613785723,0.02141811956493936,35.605682626196675,32.234543835942446,42.347960206705125,47.97798141352576,48.46561221311705,62.587,61.96849999999999,62.625099999999996,65.51944751487137,59.730752485128626
2022-02-14,333,61.601,61.182,61.626,60.009,19833640,1443390305.0,0.00284,-0.2180363744228444,-0.17676976557618593,-0.041266608846658476,32.26679016266515,32.24529261151668,32.30978526496209,39.88401452257104,43.88947540552656,62.302,61.951699999999995,62.62384999999999,65.52079665212584,59.72690334787414
2022-02-15,333,60.948,60.369,61.434,60.26,22662561,1639397266.0,0.00324,-0.3324084930320197,-0.20792219256283279,-0.1244863004691869,24.12899448889718,29.539859903976847,13.307263658737853,34.02607129149473,40.35455923648126,61.92139999999999,61.85359999999999,62.57059999999999,65.59594274004398,59.54525725995601
2022-02-16,333,60.495,61.434,61.593,60.177,18939258,1380576751.0,0.00271,-0.3390988229637202,-0.23417415780275705,-0.10492466516096313,26.448125470783083,28.509281759578926,22.325812893191397,46.401013487093785,46.51101430937408,61.370000000000005,61.862,62.48975,65.54729148743209,59.43220851256792
2022-02-17,333,61.191,60.57,61.853,60.436,17712319,1288420222.0,0.00254,-0.4047522680441702,-0.2683070873024668,-0.13644518074170342,21.71149027895137,26.243351266036406,12.647768304781295,39.236224230072466,42.617891389732755,61.1386,61.784000000000006,62.22365,64.94199355715698,59.50530644284302
2022-02-18,333,60.168,61.182,61.3,59.766,15392511,1114787734.0,0.0022,-0.40562670205977724,-0.29578215546565634,-0.1098445465941209,24.252657078447395,25.579786536840068,21.598398161662047,46.28610146575499,46.10388062961776,60.9474,61.7672,62.038850000000004,64.48645035222471,59.59124964777529
2022-02-21,333,61.015,60.931,61.031,60.344,10709058,776053568.0,0.00153,-0.420515590903598,-0.32073694084410254,-0.09977865005949549,24.213462567179818,25.124345213619982,22.39169727429949,43.7859020544468,44.88390533208507,60.8972,61.599599999999995,61.8553,64.02881678162373,59.68178321837627
2022-02-22,333,60.428,58.81,60.47,58.039,36301446,2550080184.0,0.0052,-0.5875286004945863,-0.37410912898644055,-0.21341947150814577,20.308299624675243,23.518996683971736,13.886905506082257,28.290269181591853,36.08227743219719,60.58540000000001,61.2534,61.61725,64.0293555117884,59.205144488211594
2022-02-23,333,58.71,59.07,59.204,58.416,19598560,1377756703.0,0.00281,-0.6917445865171743,-0.4376494172941621,-0.2540951692230122,21.203154254689814,22.74704920754443,18.115364348980584,31.838625949936414,37.71560340548066,60.1126,60.7413,61.364549999999994,63.729390840310394,58.999709159689594
2022-02-24,333,58.266,57.243,58.467,56.539,41899669,2867573789.0,0.006,-0.9044402138540306,-0.5310230909687755,-0.3734171228852551,18.55144419889872,21.348514204662525,12.957304187371115,22.465084731277244,31.5377685120543,59.447199999999995,60.292899999999996,61.09129999999999,64.00237678395902,58.180223216040964
2022-02-25,333,57.62,57.092,57.788,56.832,22417097,1528873766.0,0.00321,-1.0720721313090351,-0.6392472844996137,-0.43282484680942146,15.836453954704261,19.511160788009768,8.487040288093247,21.8277351593443,31.078775475531188,58.629200000000004,59.78830000000001,60.8784,64.28965674634344,57.46714325365656
2022-02-28,333,56.573,55.919,56.673,54.896,48362395,3207726548.0,0.00692,-1.280890560756042,-0.7675895874454688,-0.5133009733105731,15.459173989063997,18.16049852169451,10.056524923802968,17.26239619405567,27.666535685225014,57.6268,59.262,60.60685000000001,64.66362207823374,56.55007792176628
2022-03-01,333,55.827,57.268,57.319,55.047,40633496,2724504804.66,0.00582,-1.3259879723679262,-0.8792787658944607,-0.44670920647346546,21.67116797871862,19.33072167403588,26.352060588084115,35.794733268692426,36.423875336961665,57.3184,58.9519,60.40274999999999,64.7053846824389,56.10011531756107
2022-03-02,333,56.573,56.087,56.573,55.483,24786934,1658320777.98,0.00355,-1.437130956188021,-0.9908567975605153,-0.44627415862750575,20.646695787602976,19.769379711891578,22.40132793902577,28.976239240519647,32.648791913708806,56.72180000000001,58.4172,60.13960000000001,64.82504480391417,55.45415519608584
2022-03-03,333,56.363,55.877,56.363,55.274,26230556,1743964879.73,0.00375,-1.5239203734232163,-1.097475317597432,-0.4264450558257842,19.094537208035245,19.544432210606132,18.194747202893467,27.84446737932568,32.005333161052704,56.4486,57.947900000000004,59.86595,64.88141284687873,54.850487153121264
2022-03-04,333,55.274,54.98,55.592,54.553,30520427,2001514125.04,0.00437,-1.643911984218228,-1.2067674112636482,-0.43714457295457976,15.135189753810435,18.074684725007565,9.256199811416174,23.199792064706543,29.313302194788662,56.0262,57.32769999999999,59.547450000000005,64.95946157173852,54.1354384282615
2022-03-07,333,54.125,52.39,54.125,51.997,47645242,2998946563.32,0.00682,-1.9201205495332943,-1.3494430104366135,-0.5706775390966807,11.907803760761468,16.019057736925532,3.685295808433338,14.702305892058007,23.17360244913739,55.32039999999999,56.4736,59.0366,65.11980844707185,52.95339155292816
2022-03-08,333,51.879,50.086,52.801,50.035,57768670,3513393049.99,0.00827,-2.29367777278172,-1.5382952273370962,-0.7553825454446239,8.140148743733459,13.39275473919484,-2.3650632471893047,10.569638422857452,19.259002029714438,53.884,55.60119999999999,58.4273,65.50575160290984,51.34884839709017
2022-03-09,333,49.683,49.884,50.295,47.446,56275807,3289964731.17,0.00805,-2.5757378676728067,-1.7457883826562257,-0.829949485016581,13.284691439933704,13.356733639441128,13.140607040918859,10.266040958039,18.95278844293273,52.6434,54.6826,57.71195,65.21674833804592,50.207151661954086
2022-03-10,333,51.301,49.34,51.452,48.711,47362869,2809518529.29,0.00678,-2.809658816058672,-1.958566265420993,-0.851092550637679,15.251005002631128,13.988157427171128,17.776700153551126,9.394035904233903,18.106978558645423,51.336,53.8923,57.09259999999999,65.22086805919348,48.9643319408065
2022-03-11,333,48.862,49.767,50.01,48.049,35638996,2080976811.3,0.0051,-2.9273588569904305,-2.1523275491883322,-0.7750313078020983,18.003522900231427,15.326612584857894,23.35734353097849,16.106107436652664,21.121215492946305,50.293400000000005,53.1598,56.47405,64.86430493559106,48.083795064408925
2022-03-14,333,48.627,47.513,49.524,47.513,31918608,1851362819.49,0.00456,-3.162600142645694,-2.3543843749609117,-0.8082157676847821,12.247043826771282,14.30008966549569,8.140952149322466,10.962106087405175,17.427382519751944,49.318,52.3192,55.790600000000005,64.77217577078297,46.809024229217044
2022-03-15,333,47.102,45.593,47.965,45.493,49926766,2779415595.43,0.00714,-3.4612800899279605,-2.5757655401351673,-0.8855145497927932,8.47135028500484,12.357176538665406,0.6996977776837099,8.264138948560728,14.991099632881713,48.4194,51.1517,55.0518,64.8421188615349,45.2614811384651
2022-03-16,333,47.102,47.764,48.032,45.468,52945781,2962039193.38,0.00757,-3.485221705898013,-2.757658102469125,-0.7275636034288882,13.207161219899184,12.640504765743332,14.34047412821089,31.22995192155524,27.49414445091361,47.995400000000004,50.3194,54.3683,64.19120811478854,44.54539188521145
2022-03-17,333,49.817,49.197,50.019,48.284,52266437,3071637071.06,0.00747,-3.351514422665666,-2.87643006085008,-0.4750843618155858,23.163096891199203,16.14803547422862,37.19321972514037,42.61005298273146,34.43767952653285,47.9668,49.6514,53.79965,63.42570283428367,44.17359716571633
2022-03-18,333,49.197,49.365,49.457,48.317,36839305,2148265062.65,0.00527,-3.195281746142868,-2.9402006961514786,-0.25508104999138936,33.156506159658505,21.817525702705247,55.83446707356502,43.91571954064242,35.23095981990066,47.8864,49.0899,53.2088,62.36618640258864,44.051413597411354
2022-03-21,333,49.474,48.988,49.91,48.611,30641715,1798629636.12,0.00438,-3.066112473432888,-2.96538314582649,-0.10072932760639786,41.71218057702723,28.44907732747924,68.23838707612322,41.38055538063332,34.217421306965235,48.181400000000004,48.749700000000004,52.61165,61.18793571978382,44.03536428021617
2022-03-22,333,48.694,49.097,49.398,48.627,19403969,1134303592.59,0.00277,-2.9213278476625533,-2.9565720598207537,0.035244212158200394,48.02313820999677,34.973764288318414,74.12188605335349,42.53157252119125,34.80895222695513,48.8822,48.6508,52.126,60.315740925148496,43.9362590748515
2022-03-23,333,49.222,48.611,49.331,48.552,24373729,1418165962.6,0.00348,-2.8129160520589664,-2.9278407894706713,0.11492473741170484,55.03600703049808,41.66117853571163,81.78566402007098,38.48807400645736,33.35025857041961,49.0516,48.5235,51.60305000000001,59.24308131641416,43.96301868358586
2022-03-24,333,48.191,48.259,48.46,47.865,23678670,1361843502.74,0.00339,-2.7236847311109855,-2.8870094995815223,0.16332476847053679,57.1330649667907,46.81847401273798,77.76224687489614,35.550560074035076,32.28139948582265,48.864,48.4154,51.15385,58.44618042745303,43.86151957254697
2022-03-25,333,48.267,47.01,48.544,46.976,25216369,1430819628.25,0.00361,-2.721419536118667,-2.853891456135697,0.13247192001703034,49.382931028179044,47.673293017885,52.802207048767144,26.831044516236716,28.718589294127185,48.392999999999994,48.1397,50.64975,57.59954629765842,43.699953702341574
2022-03-28,333,46.825,46.767,47.068,45.929,21585282,1198968556.11,0.00309,-2.7078092850453785,-2.8246749860983456,0.11686570105296701,42.43634646000774,45.927644165259245,35.45375104950473,25.37784345884492,28.061264572334423,47.9488,48.0651,50.192150000000005,56.881437941808194,43.502862058191816
2022-03-29,333,47.027,45.803,47.127,45.644,25242958,1391082042.45,0.00361,-2.742545181640203,-2.8082490090961656,0.06570382745596248,29.502326211433722,40.452538180650734,7.601902272999695,20.175829331925044,25.532176132978947,47.29,48.0861,49.618900000000004,55.69163277250985,43.54616722749016
2022-03-30,333,46.088,47.772,47.772,46.054,33900253,1899860141.33,0.00485,-2.582539602029726,-2.763107092262827,0.1805674902331007,36.29581553648637,39.066963965929276,30.753518677600567,46.86959598825315,37.98602499574568,47.1222,48.0869,49.20315,54.50039171621414,43.90590828378586
2022-03-31,333,47.689,47.772,47.94,47.119,25133597,1428403894.12,0.00359,-2.4277283292706286,-2.6960312975602285,0.2683029682895999,40.824808419854804,39.65291211723778,43.16860102508885,46.86959598825315,37.98602499574568,47.0248,47.9444,48.7979,53.090170207808605,44.50562979219139
2022-04-01,333,47.353,49.113,49.65,46.775,45775170,2655473470.47,0.00654,-2.1724475757305513,-2.591314500608854,0.4188669248783028,56.08157472623371,45.12913298690309,77.98645820489494,59.99096330813824,45.38853403260522,47.44539999999999,47.919200000000004,48.50455,51.67254338615725,45.33655661384275
2022-04-04,333,49.113,49.113,49.113,49.113,0,0.0,0.0,-1.9476769387996242,-2.4625869365327033,0.5149099977330791,66.25275226381964,52.170339412541935,94.41757796637506,59.99096330813824,45.38853403260522,47.91459999999999,47.9317,48.340700000000005,50.95275376748063,45.72864623251938
2022-04-05,333,49.113,49.113,49.113,49.113,0,0.0,0.0,-1.7493726246061314,-2.319944028303726,0.5705714036975946,73.03353728887694,59.1247387046536,100.85113445732362,59.99096330813824,45.38853403260522,48.5766,47.9333,48.29205,50.80146204898243,45.78263795101758
2022-04-06,333,48.652,48.954,49.6,48.527,30753172,1798592443.7,0.0044,-1.5866855780034044,-2.173292300538023,0.5866067225346185,76.23104516213033,64.82684085714584,99.03945377209931,57.10163683254345,44.569575516513844,48.813,47.967600000000004,48.24555,50.663556353654805,45.8275436463452
2022-04-07,333,48.317,48.359,49.549,48.284,26942029,1567998977.98,0.00385,-1.4883833669892965,-2.0363104856527525,0.547927118663456,73.41181010475857,67.68849727301675,84.85843576824223,46.947858927131584,41.51186481636813,48.930400000000006,47.9776,48.1965,50.560217722927895,45.832782277072106
2022-04-08,333,48.359,48.049,48.544,47.638,22682729,1297780224.02,0.00324,-1.4190213588818352,-1.9128526399835246,0.4938312811016894,68.95285592938308,68.10995015847219,70.63866747120485,42.250663690575706,39.953925146925776,48.717600000000004,48.0815,48.110600000000005,50.35590981568698,45.86529018431303
2022-04-11,333,48.15,46.398,48.166,46.323,33812428,1894585190.95,0.00483,-1.479684642921626,-1.8262190291666647,0.34653438624503874,49.15729883612563,61.79239971769,23.88709707299688,25.77163943546782,32.801598491155374,48.174600000000005,48.0446,48.05485,50.41506580413836,45.694634195861646
2022-04-12,333,46.716,48.141,48.191,46.339,29717487,1671057316.75,0.00425,-1.3718021338869022,-1.7353356405395743,0.36353350665267214,50.986140312151065,58.190313249177024,36.57779443809915,50.31956914544412,44.28781406724847,47.9802,48.2784,48.182249999999996,50.238436544373435,46.12606345562656
2022-04-13,333,47.756,47.412,48.15,47.295,21198659,1206396766.41,0.00303,-1.3295986424146378,-1.6541882340779317,0.32458959166329393,44.9014905958374,53.760705698063816,27.183060391384572,43.15645102343968,41.083711612050486,47.671800000000005,48.242399999999996,48.16465,50.24182908662059,46.08747091337941
2022-04-14,333,47.789,49.214,49.516,47.789,42741664,2497101925.16,0.00611,-1.138074698881823,-1.550965520081513,0.4128908211996898,59.341304990857296,55.6209054623283,66.7821040479153,60.032770759787816,50.70143433935646,47.8428,48.3866,48.1655,50.24447094989938,46.08652905010062
2022-04-15,333,48.879,49.155,49.7,48.745,21242110,1246877156.83,0.00304,-0.9797434731280816,-1.43672110453078,0.4569776314026983,67.51467514640706,59.585495357021216,83.37303472517874,59.34057839247725,50.40752187357206,48.06400000000001,48.3908,48.155,50.210451083799846,46.099548916200156
2022-04-18,333,49.03,48.25,49.03,48.217,15468205,893259008.23,0.00221,-0.9165295620910641,-1.332682791555049,0.4161532294639849,64.03061059508767,61.067200436376694,69.95743091250961,48.95139714147308,45.95023463068426,48.4344,48.3045,48.1181,50.13675404872164,46.099445951278355
2022-04-19,333,48.317,48.024,48.736,47.823,16849454,971057233.54,0.00241,-0.8745394327224574,-1.2410541166265412,0.3665146839040838,59.47712407059737,60.53717498111692,57.35702224955827,46.51118246492351,44.86936425935069,48.411,48.1956,48.06445,50.02989479765543,46.09900520234457
2022-04-20,333,48.401,48.242,49.356,47.772,21662822,1255101325.99,0.00309,-0.8143218434058355,-1.1557076596262417,0.3413858162204062,58.59327765993625,59.889209207390024,56.00141456502871,49.42922649152774,46.20103367537011,48.577,48.124399999999994,48.04600000000001,49.996714956651665,46.09528504334835
2022-04-21,333,47.856,46.959,48.602,46.599,27999954,1586256607.67,0.004,-0.8599909017007477,-1.096564306734927,0.23657340503417945,45.339946433245444,55.039454949341824,25.940929401052685,35.68167202982616,39.9980459271052,48.126,47.9844,47.981,49.98766374074489,45.97433625925511
2022-04-22,333,46.599,47.747,48.208,45.828,24469829,1373768018.07,0.0035,-0.8232303377492087,-1.0418975119719047,0.218667174222696,46.74694775990465,52.275285886196095,35.690271507321754,46.623137288168216,44.950189019722586,47.84439999999999,47.9542,48.017849999999996,49.9759144874062,46.05978551259379
2022-04-25,333,47.395,46.155,48.183,46.121,32560068,1837475014.71,0.00465,-0.9118113715360536,-1.015880283516987,0.10406891198093327,33.97971448456452,46.176762085652236,9.58561928238909,33.0094200490648,38.032135608475826,47.4254,47.929899999999996,47.98725,50.04425015351924,45.93024984648076
2022-04-26,333,46.155,43.406,46.49,43.171,63204589,3336916857.54,0.00903,-1.189740414992336,-1.0506523102052525,-0.13908810478708356,23.85291835091864,38.73548084074103,-5.912206628726153,20.566031700807898,29.484188827404708,46.501799999999996,47.4564,47.867399999999996,50.6214614525115,45.113338547488496
2022-04-27,333,42.517,44.504,44.713,42.325,37571041,1983750318.7,0.00537,-1.3064720188801004,-1.1018162524030644,-0.2046557664770361,25.75053313790054,34.4071649397942,8.437269534113227,32.72183692616673,35.77400692789972,45.754200000000004,47.1656,47.704,50.84280386201652,44.565196137983484
2022-04-28,333,44.839,44.655,45.007,43.641,25258916,1335819842.62,0.00361,-1.3710064497078065,-1.155654292253639,-0.21535215745416747,28.21334077585726,32.342556885148554,19.954908557274678,34.37904065544461,36.62211749224924,45.2934,46.7097,47.54815,50.96955071500415,44.12674928499585
2022-04-29,333,45.258,47.848,48.015,44.655,57524101,3198610308.2,0.00822,-1.1515683061725994,-1.1548370950326998,0.0032687888601004023,44.99293594984613,36.55934990671441,61.860108036109565,59.61876441446187,51.420264121135105,45.313599999999994,46.579,47.4849,50.8304252691192,44.1393747308808
2022-05-02,333,47.848,47.848,47.848,47.848,0,0.0,0.0,-0.9665207074025517,-1.1171738173322256,0.15065310992967396,56.17933273250537,43.09934418197806,82.33930983356,59.61876441446187,51.4202641211351,45.65220000000001,46.5388,47.42165,50.68437996930958,44.15892003069042
2022-05-03,333,47.848,47.848,47.848,47.848,0,0.0,0.0,-0.8105260451305512,-1.0558442626646434,0.24531821753409222,66.78218592341736,50.99362476245783,98.35930824533642,59.618764414461864,51.4202641211351,46.5406,46.5212,47.3584,50.5308730781487,44.185926921851305
2022-05-04,333,47.848,47.848,47.848,47.848,0,0.0,0.0,-0.6790713500828929,-0.9804896799249214,0.30141832984202854,75.81501499093028,59.26742150528197,108.91020196222689,59.618764414461864,51.4202641211351,47.2094,46.4818,47.3031,50.396025299011036,44.210174700988965
2022-05-05,333,48.652,49.197,49.767,48.485,46790722,2748594256.41,0.00669,-0.4608345873102877,-0.8765586611555304,0.4157240738452427,81.32359953081637,66.61948084712677,110.73183689819558,69.79625715837864,57.37546637827604,48.1178,46.7056,47.345000000000006,50.519775847868615,44.1702241521314
2022-05-06,333,48.275,48.778,49.03,48.099,21216998,1232140905.65,0.00303,-0.317994985072815,-0.7648459257270529,0.4468509406542379,83.11925357953373,72.11940509126242,105.11895055607636,63.80271357970256,55.08732080164065,48.3038,46.8087,47.381449999999994,50.60659818753778,44.15630181246221
2022-05-09,333,47.982,47.236,48.208,46.742,21529684,1216418056.83,0.00308,-0.3253651944530844,-0.6769497793388584,0.35158458488577393,77.40961078015674,73.88280698756053,84.46321836534915,46.2596489653061,47.48459884399501,48.1814,46.9168,47.423350000000006,50.616315246155565,44.23038475384445
2022-05-10,333,46.289,47.437,47.68,46.096,30057137,1689113755.78,0.0043,-0.3114095237399823,-0.6038417281303178,0.29243220439033546,72.26153832182392,73.34238409898165,70.09984676750844,48.47565883310653,48.49539541317003,48.099199999999996,47.319900000000004,47.388149999999996,50.56327577620732,44.21302422379267
2022-05-11,333,47.337,47.504,48.191,46.934,35911506,2038556236.58,0.00513,-0.29158559193443523,-0.5413905008304802,0.249804908896045,66.75156284574382,71.1454436812357,57.96380117476005,49.311721297338664,48.85337753494788,48.0304,47.619899999999994,47.39275,50.568287807745385,44.217212192254614
2022-05-12,333,47.42,46.716,47.42,46.331,22579089,1261668407.45,0.00323,-0.33554916228636245,-0.5002222330896661,0.16467307080330362,50.13075223948528,64.14054653398556,22.11116365048474,40.123047203001754,44.85345857414069,47.5342,47.826,47.267849999999996,50.336476661794,44.19922333820599
2022-05-13,333,47.37,47.781,47.915,47.102,24432011,1386786846.14,0.00349,-0.2812644111873652,-0.45643066868198273,0.1751662574946175,48.72060137494786,59.00056481430632,28.160674496230925,54.01893621246476,50.793518924690545,47.334799999999994,47.8193,47.19915,50.149112517156944,44.24918748284306
2022-05-16,333,48.208,47.102,49.239,46.557,28664501,1624257210.98,0.0041,-0.2896624781557051,-0.4230770305601397,0.13341455240443456,41.615059955949064,53.20539652818723,18.434386811472734,45.87388880848434,47.25342642587469,47.308,47.7447,47.14175,50.04999894865756,44.233501051342444
2022-05-17,333,46.934,48.099,48.191,46.683,22831367,1301041283.02,0.00326,-0.21345037072011053,-0.3811516985754535,0.16770132785534297,45.930969780856955,50.780587612410464,36.23173411774992,57.23545234490062,52.55067433398515,47.4404,47.769800000000004,47.1455,50.05872801608174,44.23227198391826
2022-05-18,333,48.191,47.462,48.334,46.867,22269749,1258738706.55,0.00318,-0.2020975261893696,-0.3453408640868386,0.14324333789746901,45.10786679843753,48.88968067441948,37.54423904647362,49.30106973813444,49.1128475180921,47.432,47.7312,47.1065,49.97851389089138,44.234486109108616
2022-05-19,333,46.758,46.783,47.094,46.373,20195890,1125169384.46,0.00289,-0.24504016717999377,-0.32528072470036173,0.08024055752036796,37.357943652028716,45.045768333622554,21.982294288841032,41.87564766826093,45.640858006476144,47.4454,47.4898,47.097699999999996,49.972693828826216,44.222706171173776
2022-05-20,333,46.851,47.689,47.873,46.398,26608469,1502431004.37,0.0038,-0.20364883893174834,-0.30095434754168365,0.09730550860993531,41.79998237317349,43.96383968013953,37.47226775924142,53.16931480327031,50.71269562219231,47.427,47.3809,47.094800000000006,49.96715195028659,44.22244804971342
2022-05-23,333,47.228,45.518,47.353,45.334,55783104,3054327109.69,0.00797,-0.34201645103483713,-0.3091667682416527,-0.032849682793184454,29.437290852282096,39.12165673752038,10.068559081805518,34.111008907208756,40.769088889277974,47.1102,47.2091,47.062949999999994,49.992732206742794,44.13316779325719
2022-05-24,333,45.308,45.082,45.836,44.881,26346272,1425290685.57,0.00377,-0.4812937965838131,-0.3435921739145728,-0.1377016226692403,21.162263046389075,33.13519217380995,-2.7835952084526667,31.398678966509834,39.08987227755965,46.506800000000005,46.9736,47.14675,49.70893014691834,44.58456985308165
2022-05-25,333,44.839,44.755,45.09,44.42,22197439,1182899111.11,0.00317,-0.611005345492913,-0.39707480823581887,-0.2139305372570941,16.425391937545687,27.56525876172186,-5.854341710806658,29.30174863752073,37.815502634443234,45.9654,46.6987,47.159299999999995,49.66889565625502,44.64970434374497
2022-05-26,333,44.755,45.107,45.325,43.414,42382765,2242918333.9,0.00606,-0.6775963575034183,-0.4531791180940199,-0.2244172394093984,20.638387185831597,25.25630156975844,11.402558417977914,34.91637089641415,40.10837934464536,45.6302,46.537800000000004,47.1819,49.603123518454076,44.76067648154592
2022-05-27,333,45.618,44.521,45.92,44.428,35255705,1897823156.89,0.00504,-0.7687793571960597,-0.5162991659186411,-0.2524801912774186,21.25892479055439,23.923842643357084,15.929089084948998,30.135315154172346,37.59112330403331,44.9966,46.2118,47.01555,49.68819067917843,44.34290932082156
2022-05-30,333,44.546,44.755,45.09,44.428,21638531,1152606788.17,0.00309,-0.8127956831013421,-0.5755984693583478,-0.2371972137429943,23.2579823806948,23.701889222469653,22.37016869714509,34.43713408013437,39.251976447427175,44.84400000000001,45.97709999999999,46.8609,49.68441292206216,44.037387077937844
2022-05-31,333,44.831,45.66,45.66,44.504,35509917,1910341885.82,0.00507,-0.7658423491372446,-0.6136472453157527,-0.15219510382149193,32.295334295509896,26.566370913483066,43.75326105956356,49.00865429061257,45.38428213951601,44.9596,45.7332,46.7515,49.583516094215234,43.919483905784766
2022-06-01,333,45.51,45.484,45.903,45.132,29205803,1584914302.72,0.00417,-0.7343644699267031,-0.6377906902387679,-0.09657377968793524,37.00454446044385,30.045762095803326,50.92210918972491,46.592057695150366,44.43269846566362,45.105399999999996,45.535399999999996,46.6333,49.46995170301359,43.796648296986405
2022-06-02,333,45.623,45.45,45.64,45.035,27584641,1445923345.95,0.00394,-0.7040449460257747,-0.6510415413965316,-0.053003404629243134,41.899111556179804,33.996878582595485,57.70357750334844,46.06548956788061,44.23722661993635,45.174,45.4021,46.445949999999996,49.05552576507822,43.83637423492177
2022-06-03,333,45.45,45.45,45.45,45.45,0,0.0,0.0,-0.6722668341395917,-0.6552865999452364,-0.016980234194355237,55.014411694542865,41.002722953244614,83.03778917713936,46.06548956788061,44.237226619936344,45.35979999999999,45.178200000000004,46.27955,48.67896382973325,43.88013617026675
2022-06-06,333,45.467,45.649,45.77,44.602,36520890,1916117643.18,0.00522,-0.6238363557968043,-0.6489965511154399,0.02516019531863556,66.40492570005969,49.47012386884964,100.2745293624798,50.75612370701166,45.895166841588306,45.538599999999995,45.1913,46.2002,48.57123154100076,43.82916845899924
2022-06-07,333,45.398,45.83,45.943,45.052,29169548,1540591783.42,0.00417,-0.5643465656339686,-0.6320665540189085,0.06771998838493998,76.11389405442229,58.351380597373854,111.63892096851914,55.02526184081721,47.44558126052716,45.5726,45.2661,46.11985,48.42233179831641,43.81736820168359
2022-06-08,333,45.839,45.822,46.522,45.424,36297664,1921801464.72,0.00519,-0.5119444651142402,-0.6080421362377059,0.09609767112346568,72.9329812639161,63.211914152887935,92.37511548597244,54.77340694995829,47.3801164623307,45.64020000000001,45.3728,46.03575,48.246400951999966,43.825099048000034
2022-06-09,333,45.701,45.294,45.96,45.13,28683558,1507868963.78,0.0041,-0.5071681080854376,-0.5878673306070715,0.08069922252163397,62.407406165756214,62.94374482384402,61.3347288495806,40.20053163223046,43.0985093986527,45.609,45.39149999999999,45.96465,48.17465083591302,43.75464916408698
2022-06-10,333,45.061,45.182,45.26,44.749,30034887,1563195288.91,0.00429,-0.5065794195862523,-0.5716097484027912,0.06503032881653892,52.80414457961554,59.56387807576785,39.284677587310924,37.65068685438755,42.21571913005178,45.555400000000006,45.4576,45.8347,47.895622951137604,43.77377704886239
2022-06-13,333,44.793,44.153,44.836,43.807,40426293,2064281835.67,0.00578,-0.5824204516832268,-0.5737718890588908,-0.008648562624335998,39.45076796406532,52.859508038533676,12.633287815128611,22.15664878428487,35.025178324223276,45.25619999999999,45.397400000000005,45.68725,47.787996822091074,43.586503177908924
2022-06-14,333,43.496,44.473,44.585,43.34,34842410,1764306397.68,0.00498,-0.6096784287718293,-0.5809531970015114,-0.02872523177031794,38.16935756581934,47.962791214295564,18.58249026886689,32.519636396375574,38.57460713966449,44.9848,45.2787,45.50595,47.339145251897186,43.67275474810281
2022-06-15,333,44.205,47.075,47.56,44.205,91507776,4906858801.33,0.01308,-0.4165413187532394,-0.5480708213517363,0.13152950259849694,54.94860804545934,50.29139682468349,64.26303048701104,70.64767718866966,58.6242029611962,45.2354,45.4378,45.4866,47.23926238379741,43.733937616202596
2022-06-16,333,47.101,46.548,47.499,46.254,35938169,1942251730.44,0.00514,-0.3025120517799351,-0.4989590674372319,0.19644701565729678,61.97205781229674,54.184950487221236,77.54627246244776,62.117369423269714,54.68068765550098,45.4862,45.5476,45.47485,47.19374355783229,43.755956442167715
2022-06-17,333,45.856,47.352,47.914,45.415,53813436,2909185799.3,0.00769,-0.14559456316092678,-0.4282861665818048,0.282691603420878,70.55242565711194,59.64077554385146,92.3757258836329,68.9754034449964,59.24354580312539,45.9202,45.7378,45.458,47.08991073027246,43.82608926972754
2022-06-20,333,47.698,49.341,49.765,47.698,76530884,4349794664.6,0.01094,0.13765893528325535,-0.31509714620858015,0.4527560814918355,78.16854317478021,65.81669808749437,102.87223334935189,79.8204425848703,67.95169744599065,46.957800000000006,46.107,45.649150000000006,48.03300810907655,43.265291890923464
2022-06-21,333,49.376,49.54,50.491,48.987,53707727,3093973214.4,0.00768,0.3738855956899627,-0.17730059782866445,0.5511861935186272,81.01274900879628,70.882048394595,101.27415023719882,80.63323852229276,68.68204542818216,47.971199999999996,46.477999999999994,45.87205,48.80342542532682,42.94067457467318
2022-06-22,333,49.523,48.424,49.523,48.424,29721130,1674082885.37,0.00425,0.4656831952034608,-0.04870383922208479,0.5143870344255456,77.70681659086394,73.15697112668464,86.80650751922255,63.43789005049093,60.2780862114771,48.241,46.7382,46.055499999999995,49.147361609213085,42.963638390786905
2022-06-23,333,48.39,48.416,48.831,47.819,30453200,1698132572.24,0.00435,0.5316592062123675,0.06736876986491731,0.4642904363474502,75.46557082377922,73.92650435904949,78.54370375323867,63.321730027665815,60.220462774609715,48.6146,47.0504,46.22095,49.45019051523924,42.99170948476076
2022-06-24,333,48.416,49.981,50.975,48.217,73201062,4236370540.3,0.01046,0.7021265258131919,0.1943203210546699,0.507806204758522,79.30405005366114,75.7190195905867,86.47411097981004,74.34810954453226,66.96080664812641,49.1404,47.5303,46.49395,50.02696835918174,42.96093164081826
2022-06-27,333,50.413,51.105,51.952,50.413,58158368,3454900578.83,0.00831,0.917340627025979,0.33892438224902066,0.5784162447769583,82.55827853928082,77.99877257348473,91.677290470873,79.62670696079971,70.83298098366305,49.493199999999995,48.2255,46.81145,50.79859378577203,42.824306214227974
2022-06-28,333,51.537,51.105,51.537,50.543,32252221,1902451600.1,0.00461,1.0755014330609711,0.4862397924114833,0.5892616406494878,84.05318105260096,80.01690873319014,92.12572569142262,79.62670696079971,70.83298098366305,49.806200000000004,48.8887,47.08370000000001,51.46400477670693,42.703395223293086
2022-06-29,333,51.434,51.252,52.437,51.2,42072308,2520771106.34,0.00601,1.1988859129725142,0.6287690165237456,0.5701168964487686,83.74360935643824,81.25914227427283,88.71254352076906,80.38679053341846,71.35549144206266,50.37179999999999,49.3064,47.3721,52.05781795992881,42.686382040071194
2022-06-30,333,51.33,52.221,52.454,51.019,37053894,2223920748.18,0.0053,1.35918763259086,0.7748527397372145,0.5843348928536456,87.5293812866863,83.34922194507732,95.88969996990426,84.85598167535062,74.62447664029756,51.132799999999996,49.8737,47.71065,52.774782212250905,42.6465177877491
2022-07-01,333,52.048,50.837,52.048,50.292,33785737,1992141898.94,0.00483,1.35889072869967,0.891660337529735,0.46723039116993514,80.05734372726229,82.25192920580564,75.6681727701756,61.02343421161309,63.358312945684176,51.303999999999995,50.2222,47.980000000000004,53.11047353923997,42.84952646076004
2022-07-04,333,49.756,51.857,51.935,49.756,31375014,1867732491.58,0.00448,1.4245364403097085,0.9982355580857512,0.42630088222395734,82.4114761849494,82.30511153218688,82.62420549047442,68.77852303244586,67.32447109348416,51.4544,50.4738,48.2904,53.57591065700018,43.00488934299982
2022-07-05,333,51.667,51.486,53.172,50.932,28384693,1695670009.81,0.00406,1.430139735649675,1.0846163935985498,0.3455233420511252,77.77553172900355,80.79525159779243,71.73609199142578,63.28281119656721,64.5520028118799,51.53059999999999,50.6684,48.5732,53.909426405675724,43.236973594324276
2022-07-06,333,51.927,51.261,52.774,50.733,30764043,1828885011.61,0.0044,1.4002836825120966,1.1477498513812674,0.25253383113082917,72.32798650752947,77.97282990103811,61.038299720512185,59.805057097614316,62.83991362313628,51.53240000000001,50.952099999999994,48.845150000000004,54.145274418599136,43.54502558140087
2022-07-07,333,51.036,50.759,51.71,50.586,19747189,1165987948.6,0.00282,1.3208901190250302,1.1823779049100234,0.1385122141150068,58.00593323765042,71.31719767990887,31.3834043531335,52.134286621671386,59.02930708155267,51.239999999999995,51.1864,49.1184,54.206934248680966,44.029865751319036
2022-07-08,333,51.122,50.655,51.122,50.067,22725014,1326085878.55,0.00325,1.2353381994866481,1.192969963825349,0.0423682356612991,47.44306556202457,63.359153640614096,15.610889404845523,50.523257859784195,58.23125204935064,51.20360000000001,51.2538,49.39205,54.16832507252463,44.615774927475364
2022-07-11,333,50.379,50.932,51.192,49.912,27354736,1600533212.18,0.00391,1.1763286584847918,1.1896417027572372,-0.013313044272445396,43.10412021074865,56.60747583065894,16.097408970928058,54.970629386947586,59.81001872100499,51.0186,51.2365,49.731,53.860148656996756,45.60185134300325
2022-07-12,333,51.062,51.97,52.644,51.062,40810385,2451083764.0,0.00583,1.199492010557755,1.1916117643173407,0.007880246240414168,50.34029559717358,54.518415752830485,41.98405528585978,67.93246956436292,65.18888311384154,51.1154,51.323,50.10585,53.52539698600162,46.686303013998376
2022-07-13,333,51.952,50.413,52.1,50.18,38790065,2277523772.29,0.00554,1.0797681422994003,1.1692430399137517,-0.08947489761435135,39.97120409054348,49.66934519873482,20.574921874160808,44.747305285093674,53.47715667479934,50.9458,51.23909999999999,50.272749999999995,53.38112103217799,47.164378967822
2022-07-14,333,51.019,48.597,51.183,48.295,54519966,3101127518.64,0.00779,0.828799267560413,1.1011542854430816,-0.2723550178826686,28.711579844109156,42.6834234138596,0.767892704608272,30.282040490588315,43.52714940666583,50.5134,50.8767,50.3752,53.07486139007315,47.675538609926846
2022-07-15,333,48.251,47.733,48.926,47.689,30267863,1686983213.61,0.00433,0.5538045081381853,0.9916843299820994,-0.43787982184391416,19.408546694054394,34.92513117392453,-11.624622265685872,25.563946893242644,39.69391414159367,49.928999999999995,50.5663,50.39425,53.00810135283855,47.78039864716145
2022-07-18,333,47.733,47.81,48.321,46.695,23549370,1297826116.98,0.00337,0.3381839827448516,0.860984260534647,-0.5228002777897954,19.05297530878508,29.634412552211376,-2.109899178067515,26.78390856353377,40.20586629090917,49.3046,50.1616,50.3177,53.14258394545019,47.49281605454981
2022-07-19,333,47.646,47.586,48.13,47.352,19709717,1084831637.01,0.00282,0.14752795221028947,0.7182929988697732,-0.5707650466594837,17.69441924266962,25.65441478236412,1.7744281632806178,25.33442769971063,39.15109571982614,48.427800000000005,49.7716,50.22,53.28323928992945,47.15676071007055
2022-07-20,333,47.966,47.932,48.727,47.646,21705190,1207951153.93,0.0031,0.024073078772637757,0.5794490148503442,-0.5553759360777064,18.7274163808642,23.345415315197478,9.49141851219764,32.14138249367636,41.72712995172775,47.931599999999996,49.438700000000004,50.1954,53.326518542360674,47.064281457639325
2022-07-21,333,47.992,47.465,48.338,47.387,16384697,902059283.76,0.00234,-0.11017817380126615,0.4415235771200206,-0.5517017509212867,16.799394861854797,21.163408497416583,8.071367590731228,28.00608383546148,39.27871256490195,47.705200000000005,49.109300000000005,50.14785,53.41852160494102,46.877178395058976
2022-07-22,333,47.257,47.638,47.966,46.954,18646088,1022770982.77,0.00266,-0.20030477922008316,0.31315790585199876,-0.5134626850720819,16.48339777365093,19.60340492282803,10.243383475296724,31.90096111641138,40.68523776553371,47.6862,48.807599999999994,50.0307,53.48899791417064,46.57240208582937
2022-07-25,333,47.646,48.814,49.047,47.568,36027403,2023496096.02,0.00515,-0.17482328352382126,0.21556166797683407,-0.39038495150065533,24.057078626775606,21.087962824143887,29.995310232039046,52.75187264214609,49.38035464890115,47.887,48.595800000000004,49.91615,53.37638943649768,46.45591056350232
2022-07-26,333,48.857,49.635,50.033,48.744,26304234,1507831169.3,0.00376,-0.08737472490647491,0.15497438940017194,-0.24234911430664685,37.874059547975165,26.683328398754313,60.25552184641687,62.39727701541934,54.464175429564264,48.2968,48.3623,49.84265,53.25872982619646,46.42657017380354
2022-07-27,333,49.462,48.355,49.505,48.226,24440950,1372601234.98,0.00349,-0.11997237143230421,0.09998503723367647,-0.21995740866598068,41.82616552249668,31.7309407733351,62.01661502081984,45.15226679087531,46.518165759756876,48.3814,48.1565,49.6978,53.107933851362674,46.28766614863733
2022-07-28,333,48.424,48.208,48.545,48.001,14614702,815071057.21,0.00209,-0.1558710079075709,0.048813828205426825,-0.20468483611299773,42.99295796167242,35.48494650278087,58.00898087945552,43.49561253364146,45.68315858686082,48.529999999999994,48.117599999999996,49.49715,52.75083029840205,46.243469701597945
2022-07-29,333,48.381,47.542,48.597,47.369,23747370,1312270361.9,0.00339,-0.23534813351469097,-0.008018564138596883,-0.22732956937609408,35.02767512482178,35.33252271012784,34.41797995420967,36.26218086997878,41.96049585673897,48.510799999999996,48.0985,49.3324,52.63375955407197,46.03104044592803
2022-08-01,333,47.776,47.222,47.819,46.764,18646747,1017042233.73,0.00266,-0.32046134913786517,-0.07050712113845067,-0.2499542279994145,28.02191699460433,32.895654138286666,18.274442707239658,33.08936839554657,40.241647246956546,48.1924,48.039699999999996,49.10065,52.30512557249794,45.89617442750206
2022-08-02,333,46.764,46.349,46.781,45.744,26048594,1393045271.36,0.00372,-0.45313398821033957,-0.1470324945528286,-0.30610149365751094,23.38322872306797,29.724845666547097,10.69999483610971,25.721626232786903,35.868778617574065,47.535199999999996,47.916,48.8438,52.06669171234047,45.62090828765953
2022-08-03,333,46.012,45.182,46.704,45.035,31878019,1682530015.52,0.00456,-0.6450092042216511,-0.24662783648659325,-0.39838136773505783,16.56921130557476,25.33963421288965,-0.9716345090550149,18.95229680874135,30.96230821528664,46.9006,47.641,48.53985,51.944385938699135,45.13531406130087
2022-08-04,333,45.311,45.398,45.631,45.052,13529107,709252637.11,0.00193,-0.7707575810289953,-0.35145378539507377,-0.4193037956339215,13.467109257738157,21.382125894505815,-2.3629240157971623,23.428195510549187,32.817879978993815,46.3386,47.4343,48.2718,51.78317061858356,44.76042938141644
2022-08-05,333,45.605,45.804,45.804,45.035,19819083,1039336001.81,0.00283,-0.8281075442447232,-0.4467845371650037,-0.3813230070797195,14.106790992420372,18.957014260477333,4.406344456306449,31.909794072624223,36.32707218373647,45.991,47.2509,48.029250000000005,51.51757554462202,44.54092445537799
2022-08-08,333,45.441,45.337,45.804,45.251,21808178,1144520138.29,0.00312,-0.9008560665068828,-0.5375988430333796,-0.3632572234735032,11.656578036706842,16.523535519220502,1.9226630716795228,27.67807519056241,34.092512939981845,45.614000000000004,46.9032,47.7495,51.15404875284899,44.344951247151
2022-08-09,333,45.355,45.536,45.882,45.182,16051580,846230165.41,0.00229,-0.9317120327782504,-0.6164214809823538,-0.3152905517958966,12.459429340585809,15.168833459675604,7.04062110240622,32.27095619919142,35.92472899726917,45.4514,46.4933,47.4278,50.33239408161394,44.523205918386054
2022-08-10,333,45.51,44.819,45.51,44.767,16302356,847521283.41,0.00233,-1.0024654273071505,-0.6936302702473133,-0.3088351570598372,8.758853677013686,13.03217353212163,0.21221396679779758,25.318974068952983,32.385951674800836,45.3788,46.1397,47.14810000000001,49.91649089877504,44.379709101224975
2022-08-11,333,45.225,45.761,45.813,44.862,22953884,1206195923.67,0.00328,-0.971329918627525,-0.7491701999233558,-0.22215971870416928,16.695504897825636,14.253283987356298,21.57994671876431,44.25262053424603,40.75087532745312,45.4514,45.895,47.006299999999996,49.75264816668079,44.2599518333192
2022-08-12,333,45.579,45.969,46.228,45.337,16987856,899862140.62,0.00243,-0.9192741851298649,-0.7831909969646577,-0.13608318816520726,31.024411408216103,19.843659794309566,53.38591463602917,47.76180220163028,42.4654436798281,45.48440000000001,45.737700000000004,46.918099999999995,49.67944398246091,44.15675601753908
2022-08-15,333,45.977,45.657,46.349,45.415,18323472,969855783.83,0.00262,-0.8929025077298576,-0.8051332991176977,-0.08776920861215987,35.9987213552622,25.22868031462711,57.53880343653237,42.9008656217335,40.5454710616287,45.5484,45.5812,46.810449999999996,49.59317736149635,44.02772263850364
2022-08-16,333,45.675,45.484,45.735,45.225,16335748,858701197.24,0.00233,-0.8758659254722332,-0.8192798243886048,-0.05658610108362838,39.10660648294348,29.854655704065895,57.61050804069864,40.179912902178025,39.466117222573494,45.538,45.4947,46.70535,49.52330134805402,43.887398651945986
2022-08-17,333,45.536,46.202,46.591,45.061,23843481,1266823797.06,0.00341,-0.7952606292336668,-0.8144759853576173,0.019215356123950533,52.29548619330728,37.334932533813024,82.2165935122958,54.5396704443294,45.97736410834631,45.8146,45.5967,46.61885,49.38397424961139,43.85372575038861
2022-08-18,333,45.917,45.502,46.046,45.32,14088456,742672219.82,0.00201,-0.7788858151460616,-0.8073579513153063,0.02847213616924471,48.295675006064506,40.98851335789685,62.90999830239983,42.58126084490631,41.25748828309727,45.762800000000006,45.607099999999996,46.5207,49.29868860215151,43.74271139784849
2022-08-19,333,45.554,45.493,45.666,45.182,13215250,695288655.05,0.00189,-0.7578982962729413,-0.7974660203068334,0.03956772403389219,45.464660530358785,42.480562415384156,51.43285676030803,42.43769918837404,41.198168787924075,45.6676,45.576,46.41345,49.175392678241934,43.65150732175806
2022-08-22,333,45.363,45.865,46.306,45.216,23817591,1266026527.73,0.0034,-0.7031429270065388,-0.7786014016467746,0.0754584746402358,50.37556316059007,45.11222933045279,60.90223082086462,50.6844927807803,44.77825727504853,45.7092,45.6288,46.266000000000005,48.79323614375771,43.7387638562423
2022-08-23,333,45.787,45.069,45.917,44.966,22034863,1151798157.22,0.00315,-0.7157288155843275,-0.7660268844342852,0.05029806884995769,37.57445486973598,42.599637843547185,27.524088922113577,37.05349763507544,39.20619126290816,45.6262,45.582100000000004,46.0377,48.05750260630108,44.017897393698924
2022-08-24,333,45.052,44.438,45.121,44.369,21584197,1113905675.44,0.00308,-0.7677691664384554,-0.7663753408351194,-0.0013938256033360075,26.08474009017506,37.09467192575647,4.064876419012236,29.505206332669047,35.39709823720902,45.2734,45.544,45.84185,47.665676431607785,44.018023568392216
2022-08-25,333,44.438,45.164,45.32,44.075,20989258,1083006133.7,0.003,-0.7418776017049282,-0.7614757930090812,0.019598191304152968,31.817489683858085,35.33561117845701,24.78124669466024,44.980102046620324,42.418815551759586,45.205799999999996,45.484300000000005,45.68965,47.154871129350234,44.22442887064977
2022-08-26,333,45.381,45.164,45.536,44.87,16040627,837907693.58,0.00229,-0.7131377399852354,-0.7518081824043121,0.03867044241907669,35.63932274631344,35.436848367742485,36.04427150345535,44.980102046620324,42.41881555175958,45.14,45.403800000000004,45.57075,46.76371267643547,44.377787323564526
2022-08-29,333,44.62,45.208,45.718,44.542,16456070,857943931.67,0.00235,-0.6789838614169454,-0.7372433182068389,0.058259456789893416,38.770147331670486,36.54794802238515,43.21454595024116,46.01435677570435,42.86670800200385,45.0086,45.3589,45.47005,46.38336218505399,44.55673781494601
2022-08-30,333,45.389,45.225,46.012,45.035,20270847,1065091301.3,0.0029,-0.6431312922024262,-0.7184209130059563,0.07528962080353019,43.02889547197278,38.708263838914355,51.670158738089626,46.48079579427845,43.05340859086836,45.0398,45.333000000000006,45.413850000000004,46.23289804177565,44.59480195822436
2022-08-31,333,45.052,46.038,46.392,45.043,46283836,2459353193.95,0.00661,-0.5428579382013581,-0.6833083180450368,0.1404503798436787,56.92647124401111,44.780999640613274,81.21741445080679,64.22124704209827,51.34787476160033,45.35979999999999,45.31660000000001,45.456649999999996,46.31328485434803,44.60001514565196
2022-09-01,333,46.029,47.655,47.992,46.029,64210545,3521209361.9,0.00918,-0.3291185084758439,-0.6124703561311983,0.28335184765535437,68.41647312786856,52.6594908030317,99.93043777754227,80.02464023278769,63.03115151903112,45.858000000000004,45.5319,45.569500000000005,46.87215001156537,44.26684998843464
2022-09-02,333,47.655,46.392,47.655,45.977,36746048,1976289177.92,0.00525,-0.2586602094505963,-0.5417083267950779,0.28304811734448154,65.32845293879011,56.882478181617834,82.22040245313464,56.594535780100486,52.32457859449239,46.1036,45.6218,45.5989,46.94949361607744,44.24830638392256
2022-09-05,333,45.917,46.522,46.695,45.726,19027545,1017336571.66,0.00272,-0.19013978626497874,-0.471394618689058,0.2812548324240793,64.37606163922062,59.38033933415209,74.3675062493577,58.109449200250026,53.216882833680096,46.3664,45.6875,45.65815,47.06323853813546,44.25306146186454
2022-09-06,333,46.531,46.228,46.877,46.176,17796217,953823605.2,0.00254,-0.15774182427374228,-0.4086640598059949,0.2509222355322526,61.2392193755131,59.999966014605754,63.7177260973278,53.081701593962855,50.8680296567236,46.567,45.803399999999996,45.692750000000004,47.11909355867304,44.266406441326964
2022-09-07,333,46.41,45.874,46.427,45.813,20995308,1116835915.49,0.003,-0.15880046481095889,-0.3586913408069877,0.19989087599602884,53.69571146773339,57.89854783231496,45.290038738570246,47.18308437685443,48.08049751511029,46.534200000000006,45.947,45.7455,47.11258887787138,44.37841112212862
2022-09-08,333,45.874,46.15,46.479,45.874,15365677,822398889.27,0.0022,-0.1358031190838247,-0.31411369646235515,0.17831057737853045,51.33337286254688,55.7101561757256,42.579806236189455,52.157129002219925,50.392644427722445,46.233200000000004,46.04559999999999,45.76495,47.14398405934797,44.385915940652026
2022-09-09,333,46.15,47.94,48.104,46.055,52388062,2884912064.83,0.00749,0.026554253362306213,-0.24598010649742288,0.27253435985972907,65.77432851420795,59.06488028855305,79.19322496551776,72.3919016665184,62.27799885162607,46.5428,46.3232,45.8635,47.55111463548239,44.17588536451761
2022-09-12,333,47.94,47.94,47.94,47.94,0,0.0,0.0,0.15345470895347546,-0.1660931434072432,0.3195478523607187,75.39697693171958,64.50891250294188,97.17310578927498,72.39190166651838,62.27799885162607,46.8264,46.5964,45.97765,47.89909740125486,44.05620259874513
2022-09-13,333,47.94,48.848,49.203,47.62,34602446,1947119368.59,0.00494,0.32356236288599405,-0.06816204214859574,0.3917244050345898,80.19466758538755,69.73749753042377,101.10900769531511,78.90807495380896,67.04454029879915,47.35039999999999,46.9587,46.14585,48.43845617271207,43.85324382728793
2022-09-14,333,47.992,48.364,48.641,47.906,18747266,1046314871.35,0.00268,0.41454060909358503,0.02837848809984045,0.3861621209937446,78.7531126822725,72.74270258104,90.77393288473749,68.5577611337277,62.4554454488842,47.8484,47.1913,46.253949999999996,48.75235070739992,43.75554929260007
2022-09-15,333,48.329,48.718,49.462,48.156,28969848,1636891138.76,0.00414,0.5093350488713355,0.12456980025413951,0.384765248617196,79.19729282315669,74.89423266174556,87.80341314597894,71.80385417547046,64.399745046059,48.362,47.2976,46.414750000000005,49.11517919590662,43.71432080409339
2022-09-16,333,48.416,47.663,48.511,47.473,25993997,1439024736.05,0.00371,0.4936403147284665,0.19838390314900495,0.29525641157946153,69.6978024137569,73.16208924574934,62.769228749772026,52.4416663824876,55.11950340042165,48.306599999999996,47.4247,46.52325,49.24205661707526,43.80444338292474
2022-09-19,333,47.274,47.542,47.94,46.799,20360049,1115777266.41,0.00291,0.4660659233086193,0.25192030718092784,0.21414561612769145,62.259483147492254,69.52788721299697,47.72267501648281,50.56506763980491,54.14329776000362,48.227,47.526700000000005,46.607099999999996,49.3438099648261,43.87039003517389
2022-09-20,333,47.43,46.28,47.646,46.09,35065981,1883992924.37,0.00501,0.3384784503756748,0.26923193581987725,0.06924651455579756,45.27815413102976,61.44464285234123,12.945176688406804,34.92380712899552,45.062676798644986,47.7134,47.5319,46.66765,49.31313984818345,44.02216015181656
2022-09-21,333,47.067,45.701,47.093,45.26,26775169,1414578652.97,0.00383,0.18847143923744625,0.25307983650339105,-0.0646083972659448,33.68377021395956,52.19101863954734,-3.3307266372159887,29.841686438680227,41.57296461982624,47.1808,47.5146,46.7308,49.20707662768958,44.25452337231042
2022-09-22,333,45.605,44.533,45.614,44.352,40143184,2075058537.09,0.00574,-0.024376990965969014,0.197588471009519,-0.22196546197548803,23.636538263970458,42.67285851435504,-14.436102236798718,22.067935471797313,35.519639354502374,46.3438,47.3529,46.69925,49.273711527755715,44.12478847224428
2022-09-23,333,44.196,44.395,44.87,44.101,17517602,899511431.7,0.0025,-0.20186932264208934,0.11769691227919733,-0.31956623492128666,17.58570933695776,34.310475455222615,-15.863822899571957,21.281912211247402,34.865302684701675,45.690200000000004,46.998400000000004,46.6608,49.35212349363059,43.96947650636941
2022-09-26,333,44.101,44.144,44.966,44.006,20553286,1055235704.3,0.00294,-0.35865254466387597,0.022427020890582645,-0.3810795655544586,12.56691472903732,27.062621879827518,-16.424499572543077,19.74677974695092,33.63583226090492,45.0106,46.61880000000001,46.6076,49.45724835503751,43.75795164496249
2022-09-27,333,44.231,44.689,44.862,43.496,24764967,1268264653.23,0.00354,-0.4339254250472564,-0.06884346829698519,-0.3650819567502712,15.043492376068446,23.056245378574495,-0.9820136289436476,32.44386487193958,38.75181652840763,44.6924,46.2029,46.580799999999996,49.494558043633965,43.66704195636603
2022-09-28,333,44.533,44.248,44.767,44.187,13557668,697308166.11,0.00194,-0.5231343599828548,-0.15970164663415917,-0.36343271334869565,15.02733323575713,20.379941330968705,4.322117045333982,28.123380666463106,36.28278406523534,44.4018,45.79129999999999,46.4913,49.579973781142215,43.40262621885779
2022-09-29,333,44.507,43.668,44.758,43.496,25319493,1286757815.65,0.00362,-0.633333546651464,-0.25442802663762015,-0.37890552001384387,11.308351170072688,17.356077944003367,-0.7871023777886705,23.239200544243687,33.243832455691546,44.2288,45.2863,46.29195,49.573046381266096,43.010853618733904
2022-09-30,333,43.349,42.639,43.729,42.639,35563830,1767860147.82,0.00508,-0.7945399107413635,-0.3624504034583689,-0.43208950728299467,7.538900780048459,14.083685556018397,-5.5506687718914165,16.966178585775083,28.606540283654965,43.8776,44.7839,46.1043,49.76824530526857,42.44035469473143
2022-10-03,333,42.639,42.639,42.639,42.639,0,0.0,0.0,-0.9117866064549105,-0.4723176440576773,-0.4394689623972332,5.025933853365639,11.064434988467475,-7.051068416838035,16.966178585775083,28.606540283654965,43.5766,44.293600000000005,45.91015,49.8796733321156,41.9406266678844
2022-10-04,333,42.639,42.639,42.639,42.639,0,0.0,0.0,-0.9932558219818333,-0.5765052796425085,-0.41675054233932474,3.350622568910426,8.493164181948458,-6.934460657165639,16.966178585775083,28.606540283654965,43.1666,43.929500000000004,45.7307,49.95597846980149,41.50542153019851
2022-10-05,333,42.639,42.639,42.639,42.639,0,0.0,0.0,-1.0457658241799308,-0.670357388549993,-0.37540843562993775,2.2337483792736172,6.406692247723511,-6.1121393576261696,16.96617858577507,28.606540283654965,42.8448,43.6233,45.56895,50.013140979599946,41.124759020400056
2022-10-06,333,42.639,42.639,42.639,42.639,0,0.0,0.0,-1.0749885795284726,-0.751283626745689,-0.32370495278278355,1.4891655861824113,4.767516693876477,-5.067536629205719,16.966178585775083,28.606540283654965,42.639,43.43390000000001,45.3934,50.01479397516418,40.77200602483582
2022-10-07,333,42.639,42.639,42.639,42.639,0,0.0,0.0,-1.0856333181269235,-0.818153565021936,-0.2674797531049875,0.9927770574549408,3.5092701484026314,-4.04020912444044,16.966178585775083,28.606540283654965,42.639,43.2583,45.12835,49.742826272957075,40.51387372704292
2022-10-10,333,42.639,42.112,43.227,41.904,26014496,1282724398.35,0.00372,-1.1236412015673594,-0.8792510923310208,-0.24439010923633853,3.0835535488400088,3.3673646152150902,2.5159314160898463,12.008914192272286,25.53209712426039,42.5336,43.055099999999996,44.83695,49.439885469550035,40.23401453044997
2022-10-11,333,42.103,41.827,42.242,41.507,22003690,1061344409.94,0.00314,-1.1633494684732568,-0.9360707675594682,-0.22727870091378866,5.33674409664285,4.023824442357677,7.962583405213195,10.094787348139505,24.009756975263258,42.3712,42.7689,44.4859,48.86635601567495,40.10544398432505
2022-10-12,333,41.55,41.74,41.766,40.642,24097124,1147459230.8,0.00344,-1.1881425596893394,-0.9864851259854426,-0.20165743370389677,15.414000437606413,7.820549774107255,30.60090176460473,9.53789027802297,23.54230484217861,42.1914,42.518100000000004,44.154700000000005,48.295671515808415,40.013728484191596
2022-10-13,333,41.498,40.694,41.507,40.651,27745374,1314811925.42,0.00396,-1.2774688434294106,-1.0446818694742361,-0.23278697395517445,10.94653543035785,8.862544992857453,15.114516305358645,5.310854956116614,18.753451086296977,41.8024,42.22070000000001,43.753499999999995,47.5754538403668,39.93154615963319
2022-10-14,333,40.858,41.498,41.723,40.728,31338771,1498957703.41,0.00448,-1.2687590298801297,-1.0894973015554148,-0.17926172832471488,18.335730261115376,12.020273415610093,30.966643952125946,32.78640025576915,30.592153188789396,41.574200000000005,42.1066,43.44525,46.91807841651099,39.972421583489016
2022-10-17,333,41.256,41.221,41.377,40.901,23501711,1116822628.24,0.00336,-1.2695731726727786,-1.1255124757788877,-0.1440606968938909,19.689971044483038,14.576839291901074,29.916234549646965,29.274511515654325,29.003733168925137,41.396,41.964800000000004,43.129200000000004,46.15379139302101,40.104608606979
2022-10-18,333,41.489,41.022,41.636,40.927,27008601,1286487096.99,0.00386,-1.2716176053233212,-1.1547335016877744,-0.1168841036355468,18.026711837521205,15.726796807107783,22.626541898348048,26.799755453934182,27.869640503465334,41.235,41.8031,42.8663,45.64153446899441,40.0910655310056
2022-10-19,333,40.953,39.103,40.953,39.059,55654921,2560635750.15,0.00795,-1.411810605038923,-1.2061489223580042,-0.20566168268091878,12.369695287714105,14.60776296730989,7.8935599285225315,13.54726484318202,19.746880814652457,40.7076,41.4495,42.5364,45.45762442965634,39.61517557034366
2022-10-20,333,38.74,38.376,39.155,37.927,36647844,1635034406.28,0.00524,-1.563553711622589,-1.2776298802109212,-0.2859238314116679,11.070362896211908,13.428629610277229,6.353829468081269,11.060745902877727,17.624003895121987,40.24399999999999,41.023199999999996,42.22855,45.536004322396124,38.92109567760387
2022-10-21,333,38.385,38.048,38.722,37.849,27243190,1202555594.67,0.00389,-1.6907877244677678,-1.3602614490622906,-0.3305262754054772,8.890219926103523,11.915826382219326,2.8390070138719175,10.060974149236984,16.73834436025207,39.553999999999995,40.564099999999996,41.9112,45.545270624693906,38.277129375306096
2022-10-24,333,37.788,36.656,38.324,36.578,45916936,1972598642.79,0.00656,-1.8822469817283576,-1.4646585555955043,-0.4175884261328533,6.427969799103684,10.086540854514112,-0.889172311717175,6.889551939369369,13.57907673312289,38.641,40.0185,41.53680000000001,45.70583253197089,37.36776746802912
2022-10-25,333,37.01,36.336,37.14,36.301,41440111,1755695125.41,0.00592,-2.0363276284265055,-1.5789923701617048,-0.4573352582648007,4.500485952384114,8.224522553804112,-2.947587250455882,6.338383277821151,12.965373710736742,37.7038,39.4694,41.11915,45.61902785916111,36.61927214083889
2022-10-26,333,36.491,36.716,37.365,36.457,36281405,1546847300.87,0.00519,-2.103526682404592,-1.6838992326102824,-0.41962744979430955,5.5516580393245585,7.333567715644261,1.987838686685155,15.923215120436623,17.779215524561167,37.2264,38.967,40.74255,45.397909219561676,36.08719078043833
2022-10-27,333,36.924,36.82,37.183,36.578,22640281,965896178.55,0.00324,-2.1239074037698558,-1.771900866842197,-0.3520065369276588,6.943842004348195,7.203659145212239,6.424207722620107,18.65705898378603,19.114908163535134,36.915200000000006,38.5796,40.400150000000004,45.155803489878075,35.64449651012193
2022-10-28,333,36.5,35.246,36.647,35.125,40175030,1664548587.26,0.00574,-2.2412323781461154,-1.8657671691029807,-0.37546520904313474,5.248692498879968,6.5520035964348144,2.6420703037702733,11.730006290328788,15.072279836201545,36.3548,37.9544,40.0305,45.185918835402326,34.87508116459768
2022-10-31,333,35.22,34.745,35.281,34.675,34553505,1396541435.65,0.00494,-2.347578354071132,-1.962129406096611,-0.3854489479745209,3.870796592117282,5.6582679283289705,0.29585391969390606,10.27313100185171,14.041144507766973,35.9726,37.306799999999996,39.6358,45.146814945208895,34.12478505479111
2022-11-01,333,35.09,35.972,35.972,34.667,48067142,1965965682.2,0.00687,-2.3062644841158786,-2.030956421700465,-0.2753080624154136,12.273044430395476,7.863193429017805,21.092746433150822,34.266813211472055,27.324819333057675,35.8998,36.8018,39.30245,44.85498157909454,33.74991842090546
2022-11-02,333,35.799,36.388,36.837,35.644,38019949,1594625960.37,0.00543,-2.21442866736394,-2.06765087083316,-0.14677779653078016,22.329173064571062,12.68518664086889,41.6171459119754,40.716494829005065,31.25408879558836,35.834199999999996,36.5303,38.9899,44.45467881865699,33.52512118134301
2022-11-03,333,36.145,35.955,36.206,35.627,28853488,1197662698.13,0.00412,-2.1517831834183454,-2.084477333350197,-0.06730585006814849,26.626157305101863,17.33217686227988,45.214118190745836,36.27128430184359,29.446331917250035,35.6612,36.2882,38.6557,43.99697877848308,33.31442122151692
2022-11-04,333,35.998,37.261,37.486,35.955,45749125,1955851185.02,0.00654,-1.9739978860915244,-2.0623814438984622,0.08838355780693785,48.42358695591402,27.695980226824588,89.8788004140929,54.321139988329705,40.72698058687508,36.0642,36.209500000000006,38.3868,43.416110828585396,33.357489171414606
2022-11-07,333,37.183,37.235,37.408,36.759,33159614,1424760638.23,0.00474,-1.8142857824967535,-2.0127623116181206,0.19847652912136704,62.6477690974865,39.34657651704522,109.25015425836907,53.956058175059454,40.5860484692848,36.562200000000004,36.267399999999995,38.14295,42.87596099112449,33.40993900887551
2022-11-08,333,37.287,37.183,37.434,36.82,30558188,1312592117.08,0.00437,-1.672627743489663,-1.9447353979924291,0.2721076545027661,71.51568194059703,50.06961165822916,114.40782250533279,53.09956573416067,40.28192041215997,36.8044,36.35209999999999,37.91075,42.32788314385318,33.49361685614682
2022-11-09,333,37.52,37.218,37.918,37.14,22990425,995215199.85,0.00329,-1.5397887928117981,-1.863746076956303,0.32395728414450486,73.83317584105016,57.99079971916949,105.51792808481153,53.693274334604425,40.608700666242385,36.970400000000005,36.4023,37.68465,41.723198007703544,33.64610199229645
2022-11-10,333,36.967,37.157,37.166,36.777,22305399,954033824.36,0.00319,-1.4230313378963544,-1.7756031291443135,0.3525717912479591,74.75272319476139,63.57810754436679,97.10195449555059,52.308398191213506,40.19055811797945,37.2108,36.436,37.5078,41.29332898896782,33.722271011032184
2022-11-11,333,38.506,39.457,39.95,37.797,82883508,3734773539.5,0.01185,-1.1318620397108674,-1.6468549112576243,0.5149928715467569,80.05787578243729,69.07136362372361,102.03090009986465,77.99186194456215,57.985340403699745,37.65,36.8571,37.40575,40.83128850549537,33.98021149450462
2022-11-14,333,41.437,41.334,42.466,40.901,100020407,4791202404.25,0.0143,-0.7411070431628275,-1.465705337638665,0.7245982944758376,81.18787468695118,73.11020064479946,97.3432227712546,85.59098709975109,66.78365952499304,38.4698,37.516000000000005,37.4114,40.86370262746169,33.95909737253831
2022-11-15,333,41.939,42.432,42.873,41.247,51228792,2501777032.0,0.00732,-0.33892456036299023,-1.2403491821835302,0.90142462182054,85.42987763194851,77.2167596405158,101.85611361481395,88.40210354699691,70.69930537688909,39.519600000000004,38.162,37.4819,41.2844740810805,33.6793259189195
2022-11-16,333,42.717,41.904,42.717,41.645,25992649,1264627973.12,0.00372,-0.06208159365908017,-1.0046956644786402,0.9426140708195601,85.61760561412933,80.0170416317203,96.81873357894739,79.45692176759789,66.58186141000806,40.4568,38.7136,37.62195,41.857580294238815,33.38631970576118
2022-11-17,333,41.844,41.472,42.458,41.23,19284595,927024366.18,0.00276,0.12106411132017314,-0.7795437093188775,0.9006078206390506,82.7735296832174,80.93587098221934,86.44884708521352,72.2764278049283,63.29184047978351,41.3198,39.2653,37.77675,42.34189741215843,33.21160258784157
2022-11-18,333,41.818,41.481,41.974,41.23,16067621,772609930.37,0.0023,0.2638926366910397,-0.5708564401168941,0.8347490768079338,80.90413789904784,80.92529328782884,80.86182712148585,72.33892085380049,63.33301847621278,41.7246,39.6873,37.94840000000001,42.80532839473457,33.09147160526544
2022-11-21,333,41.048,40.071,41.048,39.985,34523382,1604372657.94,0.00493,0.26030937348662064,-0.4046232773961911,0.6649326508828117,71.9479029563206,77.93282984399275,59.97804918097631,50.807656346614436,53.14420365559389,41.472,39.97090000000001,38.119150000000005,43.02464317333988,33.21365682666013
2022-11-22,333,40.123,40.037,40.677,39.691,23569157,1092152104.18,0.00337,0.2518232342781772,-0.27333397506131746,0.5251572093394947,65.7911654004517,73.8856083628124,49.60227947573031,50.37380265479679,52.92024713539331,40.993,40.2563,38.3042,43.20569290254349,33.40270709745651
2022-11-23,333,39.976,40.019,40.244,39.795,14255219,659509321.94,0.00204,0.24086887184561334,-0.17049340567993126,0.4113622775255446,58.45231883014091,68.74117851858857,37.874599453245594,50.10200601455536,52.791761047595976,40.616,40.5364,38.469350000000006,43.368107620157645,33.57059237984237
2022-11-24,333,40.426,39.699,40.815,39.587,21379992,987544043.19,0.00306,0.20401438457382426,-0.09559184762918015,0.2996062322030044,40.10434564330346,59.1955675601602,1.9219018095899827,44.93026202775942,50.41774477430752,40.261399999999995,40.7906,38.613299999999995,43.477063459449234,33.74953654055076
2022-11-25,333,39.699,40.374,40.72,39.63,24697464,1150838919.31,0.00353,0.22666098917967759,-0.03114128026740859,0.2578022694470862,34.71959419433865,51.03690977155301,2.0849630399099226,56.338438020421286,55.06740675285596,40.04,40.8823,38.8697,43.52211221416657,34.217287785833435
2022-11-28,333,39.501,40.028,40.166,39.111,22655140,1036165229.67,0.00324,0.21421988497329636,0.017930952780732416,0.19628893219256394,31.623009181879315,44.56560957499511,5.737808395647733,49.97086880332684,52.32359947009694,40.0314,40.7517,39.13385,43.382601310060025,34.88509868993998
2022-11-29,333,41.507,41.87,42.181,40.573,38928672,1868785966.58,0.00556,0.3489714981596208,0.08413906185651011,0.2648324363031107,48.559349015386914,45.89685605512571,53.88433493590932,70.9478201151502,63.02363619915529,40.397999999999996,40.6955,39.42875,43.57086661504495,35.28663338495505
2022-11-30,333,41.662,41.394,42.354,41.066,27287554,1310967680.21,0.0039,0.4125977311043272,0.14983079570607358,0.2627669353982536,55.83882595475377,49.210846021668395,69.09478582092454,62.784440202533425,59.273490027142145,40.673,40.64450000000001,39.679050000000004,43.648921082355976,35.70917891764403
2022-12-01,333,42.207,41.775,42.657,41.74,27604487,1344223507.96,0.00395,0.4881385374543612,0.21749234405573112,0.27064619339863005,62.268185154269034,53.563292399201934,79.67797066440325,66.48808606406274,61.285036970100876,41.0882,40.6748,39.97005,43.63180830499643,36.30829169500357
2022-12-02,333,41.541,41.541,42.025,41.299,17015014,818020497.82,0.00243,0.5230934310415734,0.2786125614528996,0.24448086958867377,64.35476303008798,57.160449276163945,78.74339053793605,61.94468501566462,59.321913694668446,41.321600000000004,40.6808,40.18405,43.67549105220931,36.69260894779069
2022-12-05,333,41.93,42.977,43.236,41.853,36106842,1785930108.09,0.00516,0.6590712705847253,0.3547043032792648,0.3043669673054605,74.14357939379602,62.82149264870797,96.78775288397212,74.68411868605081,66.50485238134874,41.91139999999999,40.971399999999996,40.47115,43.88500439056791,37.057295609432096
2022-12-06,333,42.968,43.236,43.807,42.389,32526956,1629245814.12,0.00465,0.7787567997304734,0.4395148025695066,0.3392419971609668,78.70929143004909,68.11742557582167,99.89302313850393,76.39443254946954,67.62952119915064,42.1846,41.29129999999999,40.7738,44.02985292857533,37.51774707142467
2022-12-07,333,43.236,44.317,44.689,42.804,43656379,2229128244.86,0.00624,0.9498864096944217,0.5415891239944897,0.40829728569993207,83.58317528347243,73.27267547837192,104.20417489367344,82.36243064132523,71.92213082403315,42.7692,41.72109999999999,41.128750000000004,44.29932842141076,37.958171578589244
2022-12-08,333,44.403,44.749,45.381,43.962,39078018,2028801619.21,0.00559,1.1075989368020203,0.6547910865559958,0.45280785024602443,85.69553525011932,77.41362873562105,102.2593482791159,84.2696158046869,73.4566576803339,43.364,42.226099999999995,41.50834999999999,44.48896048321166,38.52773951678832
2022-12-09,333,44.931,46.954,46.98,44.801,69940581,3745342825.93,0.01,1.3944381072535137,0.8027204906954996,0.5917176165580141,90.32842145023824,81.71855964049344,107.54814506972784,90.53702378700827,79.64959639424177,44.446600000000004,42.884100000000004,41.8832,45.57774793759096,38.18865206240904
2022-12-12,333,46.436,47.067,47.534,46.09,46663287,2533376174.82,0.00667,1.6122928634265605,0.9646349652417118,0.6476578981848488,91.14556070296237,84.86089332798308,103.71489545292096,90.76333950280457,79.91162243053266,45.2646,43.588,42.169850000000004,46.51696758222434,37.82273241777567
2022-12-13,333,46.877,46.652,47.041,46.392,30619330,1650838607.43,0.00438,1.7314976683961447,1.1180075058725985,0.6134901625235463,89.38172370841706,86.36783678812773,95.40949754899572,82.1090955655861,75.99154273943682,45.9478,44.066199999999995,42.380849999999995,47.16884649452447,37.59285350547552
2022-12-14,333,46.219,47.465,47.612,46.219,26085029,1420701035.01,0.00373,1.8700142797265826,1.2684088606433954,0.6016054190831872,92.14497299448091,88.29354885691212,99.84782126961849,85.38506135107362,78.26969040705693,46.577400000000004,44.6733,42.6589,47.94977165836244,37.36802834163757
2022-12-15,333,47.473,46.375,48.251,46.046,27804272,1498675160.02,0.00397,1.8702764196816943,1.3887823724510553,0.48149404723063904,84.98942765642272,87.19217512341565,80.58393272243686,65.95507559458215,68.73088350809253,46.9026,45.1333,42.90405,48.41321902607775,37.39488097392225
2022-12-16,333,46.072,46.695,46.825,45.631,19744959,1058833012.74,0.00282,1.874695174004401,1.4859649327617246,0.3887302412426765,81.14500454019675,85.17645159567601,73.08211042923824,68.4817937826782,69.90550916401992,46.85080000000001,45.6487,43.16475,48.87999133578937,37.449508664210626
2022-12-19,333,46.695,46.418,47.024,46.072,16076366,864239616.69,0.0023,1.8346962474158488,1.5557111956925496,0.27898505172329924,76.21281925591478,82.18857414908894,64.26130946956647,63.58019955561301,67.51067910690946,46.721000000000004,45.9928,43.4821,49.17885896407217,37.785341035927836
2022-12-20,333,45.83,44.594,45.908,44.576,27245386,1417537680.65,0.00389,1.63694556472052,1.5719580694981439,0.06498749522237612,55.72033602061373,73.36582810626386,20.429351849313463,40.611460715161144,54.17793926814568,46.3094,46.128600000000006,43.70995,49.18681700587112,38.23308299412888
2022-12-21,333,44.352,44.689,45.389,44.352,13074160,679672974.13,0.00187,1.470936390903141,1.5517537337791434,-0.0808173428760024,40.0279712993713,62.253209170633,-4.422504443152093,41.92275830312186,54.68640626219778,45.7542,46.165800000000004,43.94345,49.149242825001956,38.73765717499804
2022-12-22,333,44.914,45.138,46.072,44.767,22812320,1199123081.94,0.00326,1.3599270792156872,1.5133884028664524,-0.15346132365076515,33.404985910275926,52.63713475051397,-5.059311770200168,48.386260835661645,57.138658858792546,45.5068,46.2047,44.2154,49.04205369097798,39.388746309022025
2022-12-23,333,44.948,45.294,45.96,44.473,16343914,860296627.18,0.00234,1.2699006716816825,1.4646908566294985,-0.19479018494781597,30.323337618904986,45.19920237331097,0.5716081100930239,50.67496090576829,58.000150851551545,45.2266,46.0387,44.4614,48.953626895895866,39.96917310410413
2022-12-26,333,45.554,44.533,45.726,44.412,15387918,795665124.7,0.0022,1.1241888064254368,1.3965904465886863,-0.2724016401632494,21.762963730206163,37.38712282560937,-9.485354460600249,40.2317549696663,52.395738583462865,44.849599999999995,45.78529999999999,44.68665,48.665298978577596,40.708001021422405
2022-12-27,333,44.784,45.778,45.856,44.455,17339127,911438654.31,0.00248,1.0965320592604968,1.3365787691230484,-0.2400467098625516,26.69980261333229,33.82468275485034,12.450042330296185,57.44765858196855,59.39777054351082,45.0864,45.6979,44.88205,48.65689000218618,41.10720999781382
2022-12-28,333,45.337,45.009,45.614,44.879,16322911,852152449.39,0.00233,1.001022846550626,1.269467584608564,-0.268444738057938,25.995976193319365,31.21511390100668,15.557700777944731,47.34047480557866,54.0416268355865,45.150400000000005,45.4523,45.062799999999996,48.461900289627685,41.663699710372306
2022-12-29,333,44.637,44.732,45.13,44.118,11995050,619844870.0,0.00171,0.8926891574731854,1.1941118991814883,-0.30142274170830285,24.373550543194753,28.934592781736036,15.251466066112187,43.994727498142936,52.192230782779,45.0692,45.288,45.21065,48.24531118979397,42.17598881020603
2022-12-30,333,44.793,44.793,45.398,44.706,12773275,665300212.65,0.00183,0.8025053365905848,1.1157905866633075,-0.3132852500727228,27.763875046537834,28.544353536669966,26.20291806627357,45.02152436285829,52.582067510501446,44.96900000000001,45.09779999999999,45.37325,47.88314099155188,42.863359008448114
2023-01-02,333,44.793,44.793,44.793,44.793,0,0.0,0.0,0.7227031369056078,1.0371730967117676,-0.31446995980615977,30.02409138209989,29.037599485146607,31.997075176006447,45.02152436285829,52.582067510501446,45.021,44.9353,45.46405,47.72831049040756,43.19978950959244
2023-01-03,333,44.966,44.862,45.164,44.3,16362802,846525405.02,0.00234,0.6574483862946963,0.9612281546283533,-0.30377976833365705,32.70797494391783,30.26105797140368,37.60180888894614,46.6157525800462,53.096919057992764,44.8378,44.96210000000001,45.54535,47.57765346625374,43.513046533746255
2023-01-04,333,44.697,46.479,46.548,44.663,26134113,1390708574.95,0.00373,0.7278220329283513,0.914546930288353,-0.18672489736000164,54.19214790499868,38.238087949268674,86.10026781645868,70.59456228644794,63.28757190821936,45.1318,45.1411,45.65345,47.640135626601996,43.666764373398
2023-01-05,333,46.695,47.482,47.551,46.652,29421668,1608128838.06,0.0042,0.8546752085762392,0.9025725859459303,-0.04789737736969102,68.79146397861157,48.42254662571631,109.52929868440211,77.96253859056665,67.99324502424966,45.681799999999996,45.3755,45.7901,47.887716180835966,43.69248381916404
2023-01-06,333,47.534,46.704,47.698,46.617,19500149,1058139217.16,0.00279,0.882259033350195,0.8985098754267833,-0.016250842076588334,69.93918827624384,55.59476050922548,98.62804381028056,63.218273982099234,61.34019175856331,46.064,45.51649999999999,45.7776,47.84882617128868,43.70637382871132
2023-01-09,333,46.781,46.79,47.084,46.176,20427678,1101325466.48,0.00292,0.9006764569278403,0.8989431917269947,0.0017332652008456018,71.50508268695583,60.898201235135595,92.7188455905963,64.11841158565133,61.79103741842199,46.4634,45.7422,45.76375,47.80211672233836,43.72538327766164
2023-01-10,333,46.686,46.263,47.041,46.202,15434014,829875435.25,0.00221,0.8628020571322139,0.8917149648080386,-0.02891290767582466,67.64212216374334,63.14617487800484,76.63401673522031,54.33958914893136,57.32222655778973,46.7436,45.7907,45.7443,47.75420474767747,43.734395252322535
2023-01-11,333,46.219,47.127,47.715,46.176,21461041,1171606255.18,0.00307,0.892218956854343,0.8918157632172995,0.00040319363704355293,72.68869637660976,66.32701537753981,85.41205837474965,64.87785611536349,62.21023917753397,46.8732,46.0025,45.7274,47.68128922812657,43.77351077187343
2023-01-12,333,46.954,47.361,47.56,46.704,14581825,797908669.91,0.00208,0.923765314658624,0.8982056735055645,0.02555964115305953,78.33712018079493,70.3303836452915,94.35059325180177,67.32850845192783,63.44716128265466,46.849000000000004,46.2654,45.7767,47.84575257749063,43.70764742250937
2023-01-13,333,47.447,48.381,48.424,47.127,26580330,1471250757.18,0.0038,1.0193214032963667,0.922428819463725,0.09689258383264165,85.21052111632692,75.29042946896996,105.05070441104084,76.0644490951908,68.3702419575468,47.1844,46.6242,45.861,48.20650508532016,43.515494914679834
2023-01-16,333,48.45,49.894,50.465,48.442,33018079,1899010907.45,0.00472,1.2032662429742658,0.9785963041658332,0.22466993880843256,86.85986941479128,79.1469094509104,102.28578934255304,83.78294532109726,74.03018451517089,47.8052,47.1343,46.0348,48.98998574356112,43.07961425643887
2023-01-17,333,49.886,50.154,50.31,49.419,18811356,1087194816.99,0.00269,1.354410875261884,1.0537592183850435,0.3006516568768405,88.82287711510682,82.37223200564253,101.72416733403537,84.79409884004775,74.8730887588859,48.5834,47.6635,46.312799999999996,49.71027761543294,42.91532238456705
2023-01-18,333,50.154,49.808,50.586,49.609,13035753,751785488.09,0.00186,1.429793013107485,1.1289659773295317,0.3008270357779532,86.66801029140153,83.80415810089553,92.39571467241353,77.11567987498364,71.50386240034005,49.119600000000005,47.9964,46.56875,50.213444651855305,42.9240553481447
2023-01-19,333,49.687,49.618,49.765,49.03,19467945,1110365666.91,0.00278,1.4574024599957056,1.1946532738627667,0.26274918613293896,83.79530240137277,83.80120620105461,83.78349480200907,72.7732133774116,69.6269337099264,49.571,48.209999999999994,46.79275,50.61361806753035,42.97188193246964
2023-01-20,333,49.687,49.358,50.016,49.255,10860828,621198692.31,0.00155,1.4416844772549808,1.2440595145412097,0.19762496271377117,79.91493327136111,82.50578189115677,74.73323603176976,66.61354509464407,67.00144154870739,49.7664,48.4754,46.99595000000001,50.91228171408352,43.079618285916496
2023-01-23,333,49.358,49.358,49.358,49.358,0,0.0,0.0,1.4129403656788782,1.2778356847687435,0.1351046809101346,77.32802051802,80.77986143344451,70.42433868717097,66.61354509464407,67.00144154870739,49.6592,48.7322,47.2372,51.10890527368952,43.36549472631048
2023-01-24,333,49.358,49.358,49.358,49.358,0,0.0,0.0,1.3743181658311272,1.2971321809812204,0.0771859848499068,74.340954087404,78.63355898476433,65.75574429268335,66.61354509464407,67.00144154870739,49.5,49.041700000000006,47.416199999999996,51.33459632073061,43.49780367926938
2023-01-25,333,49.358,49.358,49.358,49.358,0,0.0,0.0,1.3283968620652686,1.3033851171980302,0.02501174486723845,71.06010603995958,76.10907466982941,60.96216878021991,66.61354509464407,67.00144154870739,49.41,49.2648,47.63365,51.47143929099875,43.79586070900125
2023-01-26,333,49.358,49.358,49.358,49.358,0,0.0,0.0,1.2772802068396842,1.298164135126361,-0.020883928286676845,61.61469755897799,71.27761563287893,42.2888614111761,66.61354509464407,67.00144154870739,49.358,49.4645,47.86495,51.51964540670476,44.21025459329524
2023-01-27,333,49.358,49.358,49.358,49.358,0,0.0,0.0,1.2226756455443635,1.2830664372099616,-0.06039079166559813,48.10302887822175,63.55275338132653,17.203579872012185,66.61354509464407,67.00144154870739,49.358,49.5622,48.0932,51.50201684058135,44.68438315941866
2023-01-30,333,49.67,48.122,50.223,48.07,25619569,1445902234.07,0.00366,1.0673623779500971,1.239925625357989,-0.17256324740789175,32.75761013715047,53.28770563326785,-8.302580855084273,30.25845897084136,51.45482052375783,49.1108,49.385,48.25965,51.29455398877,45.22474601123
2023-01-31,333,47.906,47.733,48.554,47.56,23259835,1290578245.2,0.00332,0.9024831810940483,1.1724371365052009,-0.2699539554111525,24.003884289706207,43.52643185208063,-15.041210835042634,25.087487155272257,47.658102825673964,48.785799999999995,49.1429,48.403200000000005,51.001651085186076,45.804748914813935
2023-02-01,333,47.81,47.992,48.416,47.084,26724709,1474820029.11,0.00382,0.7836805831962366,1.094685825843408,-0.31100524264717144,25.644726088008397,37.565863264056546,1.8024517359121006,34.08716137873651,50.32064741854025,48.5126,48.9613,48.47885,50.925064456751585,46.03263554324842
2023-02-02,333,47.949,46.66,48.079,46.366,36767804,1990832646.72,0.00525,0.5754143816476258,0.9908315370042515,-0.4154171553566257,19.637318904407266,31.589681810840116,-4.267406908458433,19.574466497334782,39.148121328724535,47.973,48.665499999999994,48.43775,50.98021278242168,45.89528721757832
2023-02-03,333,46.436,46.098,46.652,45.709,20830020,1109569943.18,0.00298,0.3608535185479127,0.8648359333129839,-0.5039824147650712,15.964090612094846,26.381151411258358,-4.87003098623218,16.103234226339197,35.518355113248404,47.321,48.3395,48.40745,51.04940840239762,45.76549159760238
2023-02-06,333,45.666,44.317,45.666,44.17,42185653,2172641978.93,0.00603,0.04656391338067323,0.7011815293265218,-0.6546176159458486,11.452243017237738,21.404848613251485,-8.452968174789753,9.617449720105995,26.89681656487403,46.56,47.8354,48.2838,51.42820472820155,45.13939527179845
2023-02-07,333,44.412,44.533,44.706,44.187,20900869,1075310677.24,0.00299,-0.18297425492612263,0.5243503724759929,-0.7073246274021155,9.633837434147257,17.48117822021674,-6.060844137991712,14.622015271735322,29.17148681290729,45.92,47.3529,48.1973,51.655313065026526,44.73928693497347
2023-02-08,333,44.438,44.109,44.533,43.98,19101762,976761616.35,0.00273,-0.3945500362989236,0.3405702907210096,-0.7351203270199331,7.111329713426404,14.024562051286626,-6.715134962294041,12.93492247087265,27.349157833797676,45.1434,46.827999999999996,48.0464,51.93736245163063,44.15543754836937
2023-02-09,333,43.928,44.559,44.732,43.66,22738253,1167989708.86,0.00325,-0.5199208047737898,0.1684720716220497,-0.6883928763958395,9.306887796151912,12.45200396624172,3.0166554559722947,24.089687390332486,32.24938987093371,44.723200000000006,46.3481,47.9063,52.09180562121981,43.72079437878019
2023-02-10,333,44.403,44.637,44.749,44.352,13988866,720948239.08,0.002,-0.6059985201919034,0.01357795325925904,-0.6195764734511624,12.858998620673967,12.587668851052468,13.401658159916966,26.060106394006155,33.102599764430394,44.431,45.876,47.719100000000005,52.1433103737931,43.29488962620691
2023-02-13,333,44.533,45.346,45.467,44.127,30639111,1588991528.56,0.00438,-0.6099739551279413,-0.11113242841818106,-0.49884152670976023,20.389318396401087,15.188218699502006,30.79151779019925,42.37550880073278,40.52914830012294,44.63680000000001,45.5984,47.4917,51.912749558645494,43.07065044135451
2023-02-14,333,45.355,45.147,45.528,44.801,21437513,1116499049.93,0.00306,-0.6220119858570996,-0.21330833990596484,-0.40870364595113473,24.80959462830149,18.395344009101834,37.63809586670081,39.44402008350385,39.196782120632655,44.7596,45.3398,47.24135,51.594165194306896,42.8885348056931
2023-02-15,333,45.138,44.403,45.147,44.256,17948800,924114015.39,0.00257,-0.6837054630762154,-0.307387764540015,-0.3763176985362004,24.817358985712588,20.536015667972084,33.380045621193595,30.101524560928624,34.56262022301749,44.8184,44.9809,46.9711,51.324104716647746,42.618095283352254
2023-02-16,333,44.187,44.343,44.749,43.928,21698675,1115558778.34,0.0031,-0.7290356180124746,-0.39171733523450697,-0.33731828277796766,27.894191467377794,22.988740934440653,37.70509253325208,29.42701592826026,34.20682474384067,44.7752,44.7492,46.70735,51.02416258020675,42.39053741979325
2023-02-17,333,44.144,44.429,44.533,44.118,15806609,811189152.47,0.00226,-0.7493821995955088,-0.4632503081067075,-0.2861318914888013,32.31846882978656,26.098650232889288,44.758106023581114,32.046055953287166,35.24908325318246,44.7336,44.5823,46.4609,50.70269251583198,42.21910748416803
2023-02-20,333,44.533,46.09,46.427,44.196,38313606,2019572888.96,0.00548,-0.6242818609698944,-0.4954566186793449,-0.12882524229054948,50.81922738272969,34.33884261616942,83.77999691585022,63.467863065724934,51.452908791198695,44.8824,44.7596,46.2975,50.31525546136997,42.27974453863003
2023-02-21,333,46.09,46.297,46.522,45.597,25649338,1369820913.57,0.00367,-0.5026416314391753,-0.49689362123131103,-0.005748010207864251,64.59227318177784,44.423319471372224,104.93018060258908,65.83070396978385,53.05023754739107,45.1124,44.93599999999999,46.14445,49.895690046199434,42.393209953800564
2023-02-22,333,45.83,45.64,45.986,45.32,22911545,1208465937.51,0.00327,-0.4540216039503733,-0.48831921777512355,0.03429761382475027,65.0610014478365,51.30254679686031,92.57791074978888,52.819200136585785,47.62465332990928,45.3598,45.089099999999995,45.958549999999995,49.39450383064378,42.52259616935621
2023-02-23,333,45.649,46.15,46.591,45.649,24010720,1283774546.62,0.00343,-0.37007119376836783,-0.46466961297377246,0.09459841920540463,71.18724417463724,57.93077925611929,97.70017401167316,60.155162681213845,51.799177613382085,45.7212,45.248200000000004,45.79815,48.84319009307283,42.75310990692717
2023-02-24,333,45.986,45.813,46.168,45.675,16927779,898514540.18,0.00242,-0.32696393571723803,-0.4371284775224656,0.11016454180522756,71.05310582978072,62.30488811400643,88.5495412613293,53.55258910732624,48.98475502785341,45.998000000000005,45.3658,45.6209,48.16493805830519,43.07686194169481
2023-02-27,333,45.484,45.311,45.813,44.844,16947143,888727920.68,0.00242,-0.3295099422469576,-0.415604770467364,0.08609482822040637,64.68004026153613,63.096605496516325,67.84690979157575,44.768986671908486,45.010609943563985,45.8422,45.362300000000005,45.48035,47.736945784991654,43.22375421500835
2023-02-28,333,44.983,45.363,45.951,44.983,19404536,1019960547.49,0.00277,-0.3236014295027232,-0.39720410227443587,0.07360267277171267,61.082224863304724,62.42514528544579,58.39638401902259,45.87253350888347,45.51016853160195,45.6554,45.383900000000004,45.361850000000004,47.35375786882697,43.36994213117304
2023-03-01,333,45.407,47.231,47.551,45.407,43297470,2350199969.15,0.00619,-0.16627024226892928,-0.3510173302733346,0.1847470880044053,70.94771879905332,65.26600312331496,82.31115015053004,70.91978716796064,59.81623507070825,45.9736,45.666700000000006,45.3238,47.12401268918865,43.523587310811344
2023-03-02,333,47.214,47.43,48.148,46.825,25548979,1408679946.1,0.00365,-0.02523560563649596,-0.2858609853459669,0.2606253797094709,74.57580713459153,68.36927112707382,86.98887914962697,72.54397949768702,61.006016391059205,46.2296,45.9754,45.3623,47.30974854401316,43.414851455986835
2023-03-03,333,47.776,47.733,48.286,47.266,19741500,1090871927.34,0.00282,0.10972014221517412,-0.20674475983373866,0.31646490204891276,77.6951245704559,71.4778889415345,90.1295958282987,75.08639882028763,62.83387226918977,46.613600000000005,46.3058,45.444050000000004,47.64261139327517,43.24548860672484
2023-03-06,333,47.421,46.548,47.56,46.531,25935684,1403695330.05,0.00371,0.11967441598194029,-0.14146092467060287,0.2611353406525432,68.29878341497371,70.41818709934756,64.05997604622601,52.340451732723686,52.361989596648606,46.861000000000004,46.3516,45.555600000000005,47.739731227983484,43.37146877201653
2023-03-07,333,46.557,45.709,47.015,45.571,19473791,1041648711.51,0.00278,0.05918076248656945,-0.1013325872391684,0.16051334972573783,53.90943492433461,64.91526970767657,31.897765357650684,41.626739043686584,46.3903844228882,46.9302,46.2928,45.6144,47.74528619074195,43.483513809258056
2023-03-08,333,45.528,45.216,45.657,45.026,14494798,759112018.2,0.00207,-0.028216610050506574,-0.08670939180143604,0.058492781750929465,39.5421799359984,56.45757311711718,5.71139357376083,36.37638836581189,43.230042125890336,46.52720000000001,46.2504,45.66975,47.6906633813048,43.6488366186952
2023-03-09,333,45.216,45.571,46.046,45.199,13013102,688042449.66,0.00186,-0.06804968984512527,-0.08297745141017389,0.014927761565048617,33.401933631552644,48.77235995526233,2.661080984133264,42.62912419438704,46.11376793286172,46.1554,46.1925,45.72035,47.673712043678584,43.76698795632142
2023-03-10,333,45.173,44.231,45.398,44.118,19213389,991798893.83,0.00275,-0.2053770350947346,-0.10745736814708606,-0.09791966694764853,23.171666566908414,40.23879549247769,-10.962591284230143,29.49799757624804,38.13669668514319,45.455,46.0343,45.70005,47.708478815084845,43.69162118491515
2023-03-13,333,44.109,45.017,45.173,44.101,19483658,1009855801.36,0.00278,-0.24792835077583675,-0.13555156467283622,-0.11237678610300053,22.743675759858522,34.40708891493797,-0.583150550300374,42.060337330302886,44.3020552574523,45.1488,46.004900000000006,45.6836,47.70955156589894,43.657648434101056
2023-03-14,333,44.723,44.231,44.888,43.841,16501073,844706514.89,0.00236,-0.3411417365548388,-0.17666959904923676,-0.16447213750560205,18.087084927269764,28.967087585715234,-3.6729203896211757,34.65118645983743,39.9577997484772,44.8532,45.8917,45.637800000000006,47.75422365672302,43.52137634327699
2023-03-15,333,44.533,43.634,44.646,43.582,20945617,1067097770.98,0.00299,-0.4579084435133822,-0.2329173679420659,-0.2249910755713163,12.426537343803423,23.453570838411295,-9.627529645412324,29.85738078788762,36.95513640780565,44.53680000000001,45.532,45.59935,47.83482232969726,43.36387767030274
2023-03-16,333,43.305,43.271,43.573,42.933,12181953,610120756.06,0.00174,-0.5731312658473442,-0.3009601475231216,-0.2721711183242226,10.719341299586265,19.208827658802953,-6.259631418847107,27.119826374968085,35.200547617753955,44.0768,45.1161,45.545750000000005,47.95287485189938,43.13862514810063
2023-03-17,333,43.668,43.521,44.256,43.288,20123077,1018389815.29,0.00288,-0.6369311264701949,-0.3681543433125363,-0.26877678315765857,11.947795391950216,16.78848356985204,2.2664190361465657,32.25332739312192,37.43243232896265,43.9348,44.694900000000004,45.50035,48.02742222107449,42.97327777892551
2023-03-20,333,43.392,43.617,44.213,43.323,16301524,826038622.5,0.00233,-0.6720001782236338,-0.42892351029475595,-0.24307666792887783,15.289321566579055,16.288762902094376,13.290438895548412,34.38309618221294,38.32234635263252,43.6548,44.4018,45.37670000000001,48.02155519253395,42.73184480746606
2023-03-21,333,43.712,45.052,45.087,43.712,23146646,1191368462.37,0.00331,-0.5773448748624901,-0.45860778320830276,-0.11873709165418733,32.88267652570095,21.820067443296566,55.007894690509715,58.042925307161205,49.93436525642541,43.819,44.3361,45.31445,47.92650532906663,42.70239467093337
2023-03-22,333,45.138,44.706,45.199,44.36,13554248,700825341.29,0.00194,-0.5242064477286377,-0.4717275161123698,-0.052478931616267877,45.897443579676235,29.845859488756453,78.0006117615158,52.55949306523437,47.57822631744873,44.0334,44.2851,45.26775,47.88868064025982,42.64681935974018
2023-03-23,333,44.516,44.81,44.966,44.438,12379007,641022828.95,0.00177,-0.468303617948969,-0.4710427364796897,0.0027391185307206745,58.2093577968657,39.30035892479287,96.02735554101137,54.12278024560595,48.37693960937698,44.3412,44.208999999999996,45.200750000000006,47.795094365000665,42.60640563499935
2023-03-24,333,44.81,45.043,45.113,44.654,13277563,689957504.0,0.0019,-0.4005814166353403,-0.4569504725108198,0.05636905587547952,69.84477927852242,49.48183237603605,110.57067308349517,57.85635908175179,50.2302814408007,44.6456,44.2902,45.16225,47.74114604084264,42.583353959157364
2023-03-27,333,45.043,44.836,45.363,44.706,12768345,663222019.69,0.00182,-0.35947050202596387,-0.43745447841384866,0.07798397638788479,72.6674385862303,57.21036777943414,103.58158019982264,53.23743300031038,48.541295144863504,44.8894,44.2721,45.1385,47.720375246690644,42.55662475330936
2023-03-28,333,44.706,44.179,45.035,44.153,12867893,660858734.15,0.00184,-0.37557482246475615,-0.4250785472240302,0.04950372475927406,65.53686577902326,59.9858671126305,76.63886311180877,40.8242228380464,43.47924864961076,44.714800000000004,44.2669,45.0793,47.693593753880606,42.4650062461194
2023-03-29,333,44.429,44.447,44.594,44.187,12803042,656903324.57,0.00183,-0.3625331952024169,-0.41256947681970757,0.05003628161729068,62.30971774826457,60.76048399117519,65.40818526244331,46.88633468512022,45.98582260027253,44.663,44.3482,44.9401,47.36134299526204,42.51885700473796
2023-03-30,333,44.403,47.101,47.387,44.36,57157412,3061435505.47,0.00817,-0.13646886392909607,-0.3573493542415853,0.22088049031248924,72.52734464057531,64.68277087430856,88.2164921731088,76.04669208299659,63.48175736639572,45.1212,44.7312,44.92365,47.27718971039821,42.57011028960179
2023-03-31,333,46.79,46.531,47.231,46.142,27788750,1500198904.14,0.00397,-0.003267819609796163,-0.2865330473152275,0.28326522770543133,73.92072409144927,67.76208861335546,86.2379950476369,66.6202460515371,59.003877529017174,45.4188,45.0322,44.86355,46.962664848541806,42.76443515145819
2023-04-03,333,47.56,47.292,47.906,46.868,37391478,2056019794.59,0.00534,0.161835765763378,-0.1968592846995064,0.3586950504628844,77.160401015225,70.89485941397864,89.69148421771774,72.15082970615973,62.82326007948986,45.910000000000004,45.3997,44.90075,47.146783497899015,42.65471650210099
2023-04-04,333,47.127,47.24,47.318,46.479,17989125,975597257.04,0.00257,0.2851979962892486,-0.10044782850175539,0.38564582479100395,78.85833289104531,73.54935057300085,89.47629752713422,71.18373602536042,62.389976284971894,46.5222,45.6185,44.9773,47.433818297788285,42.520781702211714
2023-04-05,333,47.24,47.24,47.24,47.24,0,0.0,0.0,0.3785991968859719,-0.0046384234242099155,0.38323762031018177,79.99028747492551,75.69632954030907,88.5782033441584,71.18373602536042,62.389976284971894,47.080799999999996,45.871900000000004,45.078500000000005,47.73504286620793,42.421957133792084
2023-04-06,333,47.058,46.712,47.56,46.479,15243479,827518348.18,0.00218,0.4053425968195583,0.07735778062454375,0.3279848161950146,76.05534219618005,75.81600042559938,76.53402573734138,59.518977595906954,57.590329881306225,47.003,46.0621,45.13555,47.88404114395903,42.38705885604097
2023-04-07,333,46.617,47.283,47.793,46.617,15864067,869954355.79,0.00227,0.46722597173213387,0.15533141884606183,0.31189455288607204,78.50354370055312,76.7118481839173,82.08693473382479,66.61789498312496,61.119085932809,47.1534,46.286100000000005,45.28815,48.16125807498194,42.415041925018066
2023-04-10,333,47.041,47.352,47.612,46.704,15649255,853817627.03,0.00224,0.5158898583817404,0.2274431067531976,0.28844675162854283,80.70353661779276,78.04241099520911,86.02578786296007,67.44572822722576,61.54093491690323,47.1654,46.5377,45.404900000000005,48.41797347194995,42.39182652805006
2023-04-11,333,47.05,48.286,48.744,47.041,32436552,1815026842.84,0.00464,0.6226448709028674,0.3064834595831316,0.31616141131973574,83.65333098120492,79.91271765720771,91.13455762919932,76.7936491396018,66.85181654052249,47.3746,46.9484,45.60765,48.82680158976627,42.38849841023373
2023-04-12,333,48.286,47.992,49.073,47.906,22302460,1251325789.31,0.00319,0.6757361784805056,0.3803340033626065,0.2954021751178991,76.80835053017432,78.87792861486324,72.6691943607965,69.27928648351818,63.82525524354003,47.525,47.30290000000001,45.82555000000001,49.07205980041805,42.57904019958196
2023-04-13,333,47.603,46.816,47.81,46.816,18259494,994810155.19,0.00261,0.615819269278596,0.42743105654580443,0.18838821273279155,55.53607331669811,71.09731018214151,24.413599585811312,47.1388191968567,53.29636895223543,47.5458,47.2744,46.0028,49.042574479169524,42.96302552083048
2023-04-14,333,46.851,46.643,47.257,46.548,14212447,771635251.9,0.00203,0.5480573686871182,0.45155631897406723,0.09650104971305096,39.13147627435491,60.44203221287931,-3.4896356026938946,44.621449072763504,51.921798682486155,47.4178,47.2856,46.1589,48.97443090440932,43.34336909559069
2023-04-17,333,46.617,47.923,48.061,46.6,26228048,1444699532.06,0.00373,0.59083015461988,0.47941108610322974,0.11141906851665023,44.643292072905865,55.17578549955482,23.578305219607955,62.43350815740586,60.20582164582369,47.532,47.3487,46.374199999999995,49.025038167348825,43.723361832651165
2023-04-18,333,47.733,49.099,49.635,47.707,38706349,2197663192.06,0.00551,0.7114204552263104,0.5258129599278459,0.18560749529846443,57.434353566136636,55.92864152174876,60.445777654912405,72.26767243801235,66.06603701621256,47.6946,47.5346,46.576550000000005,49.41372394416931,43.7393760558307
2023-04-19,333,49.099,48.494,49.505,48.468,19188658,1084909580.88,0.00273,0.7495305715965088,0.5705564822615785,0.1789740893349303,59.302418628369246,57.05323389062225,63.800788103863226,62.213411856517425,61.022656259244066,47.795,47.66,46.765950000000004,49.58302578695944,43.94887421304057
2023-04-20,333,48.58,49.324,50.188,48.58,36794925,2114956905.28,0.00524,0.8370580921529722,0.6238568042398573,0.21320128791311488,64.95619117349153,59.68755298491201,75.49346755065058,69.25518351662757,65.0191995558509,48.2966,47.9212,46.99165,49.87151368646694,44.11178631353306
2023-04-21,333,49.635,49.159,50.673,49.073,39892402,2311553652.07,0.00568,0.8829322681769938,0.6756718970272847,0.20726037114970908,64.40311734798422,61.25940777260274,70.69053649874718,66.30741449756542,63.60484945778912,48.7998,48.108799999999995,47.197449999999996,50.079253782720905,44.31564621727909
2023-04-24,333,48.597,49.315,50.802,48.433,33992120,1960933653.82,0.00484,0.9212561124330563,0.7247887401084391,0.1964673723246172,64.61696618058684,62.37859390859744,69.09371072456565,67.85950017807619,64.40349105887157,49.078199999999995,48.305099999999996,47.421400000000006,50.2256173802665,44.61718261973351
2023-04-25,333,49.289,49.851,50.188,48.122,42962096,2450369690.61,0.00612,0.9835411059391248,0.7765392132745763,0.2070018926645485,68.95950072593894,64.57222951437794,77.73404314906094,72.98967932141413,67.10880006645617,49.22859999999999,48.4616,47.705,50.265159781197696,45.1448402188023
2023-04-26,333,49.306,49.03,49.592,48.398,23934184,1357589706.8,0.00341,0.9556385668806726,0.8123590839957957,0.1432794828848769,65.42136280961358,64.85527394612315,66.55354053659445,56.43301712918406,59.546828577404405,49.3358,48.5654,47.93415,50.04798176893703,45.82031823106298
2023-04-27,333,48.571,49.514,49.938,48.571,15777059,898336282.72,0.00225,0.9614968218418127,0.8421866315649992,0.11931019027681355,66.73021839219362,65.48025542814663,69.2301443202876,62.45747846457114,62.280300114998056,49.3738,48.8352,48.0548,50.24256556042173,45.86703443957827
2023-04-28,333,49.505,49.099,49.592,48.606,15690551,891005834.71,0.00223,0.9220239808930302,0.8581541014306054,0.06386987946242473,59.47873471703588,63.47974852444304,51.47670710222155,54.6778924950208,58.57787013332213,49.3618,49.080799999999996,48.1832,50.29450626564868,46.07189373435132
2023-05-01,333,49.099,49.099,49.099,49.099,0,0.0,0.0,0.8805905701110106,0.8626413951666865,0.01794917494432413,51.804231104889546,59.58790938459187,36.23687454548491,54.6778924950208,58.57787013332213,49.3186,49.1984,48.27355,50.37892442350685,46.16817557649315
2023-05-02,333,49.099,49.099,49.099,49.099,0,0.0,0.0,0.8380932759642903,0.8577317713262071,-0.019638495361916863,46.68789536345866,55.287904710880795,29.487876668614376,54.6778924950208,58.57787013332213,49.1682,49.1984,48.366499999999995,50.44370485268036,46.28929514731963
2023-05-03,333,49.099,49.099,49.099,49.099,0,0.0,0.0,0.7952467546132596,0.8452347679836176,-0.049988013370358075,43.2770048691714,51.284271430310994,27.262471746892203,54.6778924950208,58.57787013332213,49.182,49.2589,48.45945,50.49026342012684,46.42863657987316
2023-05-04,333,49.479,48.926,50.543,48.295,26856562,1525949937.48,0.00382,0.7388143318498024,0.8239506807568545,-0.08513634890705213,38.851336579447626,47.13995981335653,22.274090111629803,49.36297691487115,56.59159086306081,49.0644,49.2191,48.57015,50.43443835300677,46.70586164699323
2023-05-05,333,48.77,47.845,48.77,46.764,34212287,1879206731.19,0.00487,0.5999477404330094,0.7791500926920856,-0.17920235225907621,35.436041445485124,43.238653690732725,19.830816954989913,28.55229079460605,45.966824522298225,48.813599999999994,49.0877,48.59824999999999,50.396626914418825,46.79987308558116
2023-05-08,333,47.845,47.568,48.416,47.101,20872170,1151128787.42,0.00297,0.4622152515403073,0.71576312446173,-0.25354787292142267,30.715850863983075,39.064386081816174,14.018780428316873,25.2756908986578,43.67469075204641,48.507400000000004,48.913,48.60905,50.3782723061051,46.839827693894904
2023-05-09,333,47.387,47.387,48.044,46.704,18139372,995439011.13,0.00258,0.3345990251823423,0.6395303046058525,-0.30493127942351017,26.40759771934202,34.84545662765812,9.531879902709818,23.18905992476226,42.1755461054634,48.165,48.6666,48.564099999999996,50.411820404914025,46.71637959508597
2023-05-10,333,47.127,47.906,48.424,46.591,17462598,965082241.01,0.00249,0.2722034173498855,0.5660649271546591,-0.29386150980477355,28.696495645553235,32.795802966956494,20.497881002746723,40.181268868418755,47.78226839431093,47.9264,48.554199999999994,48.559799999999996,50.41351678981469,46.7060832101853
2023-05-11,333,48.035,47.949,49.047,47.854,12622453,706491977.76,0.0018,0.2236461358019639,0.49758116888412,-0.2739350330821561,30.585113156414685,32.05890636344256,27.637526742358943,41.468622458521644,48.23591297036879,47.731,48.3977,48.61645,50.307934365252464,46.92496563474754
2023-05-12,333,47.845,48.269,49.713,47.828,16559010,935578508.15,0.00236,0.20858107321249975,0.439781149749796,-0.23120007653729624,34.543246827623264,32.88701985150279,37.85570077986421,50.90418676567674,51.64625487583406,47.8158,48.314699999999995,48.69775,50.12561847028003,47.26988152971997
2023-05-15,333,48.303,48.935,49.064,47.568,14066647,786956984.75,0.002,0.24752917433792732,0.4013307546674223,-0.15380158032949498,42.79941151531161,36.19115040610573,56.01593373372337,64.9968195898854,57.93801225480677,48.0892,48.2983,48.74835,50.13164755142856,47.36505244857145
2023-05-16,333,48.935,47.862,49.497,47.655,13612588,760273937.11,0.00194,0.18962778149511905,0.3589901600329617,-0.16936237853784264,39.25325140157077,37.211850737927406,43.33605272885751,41.79992256182659,47.15411983476865,48.1842,48.1746,48.6865,50.11370448134727,47.259295518652735
2023-05-17,333,47.75,47.577,48.77,47.395,9076272,501402349.7,0.00129,0.11936739927931939,0.31106560788223325,-0.19169820860291387,36.69627394313555,37.03999180633012,36.00883821674641,37.53068198421623,44.741145232276736,48.118399999999994,48.0224,48.64065,50.15042339184913,47.13087660815087
2023-05-18,333,47.689,47.56,47.923,47.171,11069523,609452710.03,0.00158,0.061603653676861825,0.261173217041159,-0.19956956336429715,34.81011472356806,36.29669944540943,31.836945279885327,37.25829681533457,44.592658007601806,48.0406,47.8858,48.55245,50.099772097587646,47.005127902412355
2023-05-19,333,47.266,48.251,49.168,47.266,20384343,1140023138.6,0.0029,0.07076762901760958,0.2230920994364491,-0.1523244704188395,40.93042454985678,37.84127448022521,47.108724689119924,53.662076870371706,51.70056492241462,48.037,47.9264,48.50705,50.032567889628886,46.98153211037111
2023-05-22,333,48.251,49.038,49.246,48.251,15199783,860397294.04,0.00216,0.13992153985127942,0.2064579875194152,-0.06653644766813577,53.41336439134159,43.031971117264,74.17615093949676,65.86089374881354,58.34063030422151,48.0576,48.0734,48.493199999999995,49.992639277652565,46.993760722347425
2023-05-23,333,49.021,48.381,49.246,48.321,15585136,878179041.78,0.00222,0.14009715044920057,0.19318582010537227,-0.053088669656171705,51.47568116516924,45.84654113323241,62.733961229042905,52.116432780358565,51.849051697945406,48.1614,48.1728,48.41969999999999,49.776199690573186,47.0632003094268
2023-05-24,333,48.269,46.349,48.329,46.263,26674242,1447402650.34,0.0038,-0.023458677719844445,0.14985692054032895,-0.1733155982601734,35.14803865117561,42.28037363921347,20.883368675099888,29.36910503601041,37.69668059262857,47.915800000000004,48.0171,48.28565,49.89459725633972,46.67670274366027
2023-05-25,333,46.176,46.704,47.119,45.554,17143391,923732852.68,0.00244,-0.12301428465890751,0.09528267950048165,-0.21829696415938915,33.15389574800666,39.23821434214453,20.985258559730923,35.290320284670685,40.77751413349985,47.744600000000005,47.8926,48.145149999999994,49.79275410101552,46.49754589898447
2023-05-26,333,46.704,46.92,47.084,46.245,11166052,602101037.87,0.00159,-0.18238105038430064,0.03974993352352518,-0.22213098390782582,33.650487942241995,37.37563887551035,26.20018607570529,39.02274173757608,42.65956765754223,47.4784,47.7577,48.0362,49.70625245426574,46.366147545734265
2023-05-29,333,46.928,46.219,47.292,45.899,17433449,936727537.58,0.00248,-0.2827352850650371,-0.02474711019418729,-0.2579881748708498,28.437631181429648,34.396302977483444,16.520287589322052,31.86493488796441,38.34527125111079,46.91459999999999,47.4861,47.892199999999995,49.66960551307061,46.114794486929384
2023-05-30,333,46.219,45.251,46.401,44.784,32084604,1678415610.05,0.00457,-0.4353577163953162,-0.10686923143441311,-0.32848848496090305,22.447140345366652,30.413248766777848,6.514923502544264,24.437254701580855,33.275746609905255,46.2886,47.225,47.6998,49.740711829241036,45.65888817075897
2023-05-31,333,45.476,44.386,45.571,44.187,28064959,1445385156.22,0.004,-0.6189752028632114,-0.2092904257201728,-0.4096847771430386,16.275954800976496,25.700817444844063,-2.573770486758633,19.55050462471891,29.4767854337332,45.896,46.9059,47.464150000000004,49.87893631723264,45.049363682767364
2023-06-01,333,44.513,44.395,45.222,44.068,34893493,1711949689.19,0.00497,-0.7550632597498748,-0.31844499252611325,-0.4366182672237615,12.955696402659527,21.45244376411588,-4.037798320253181,19.750866787661238,29.56805409847844,45.434200000000004,46.5894,47.2376,49.911227333004504,44.5639726669955
2023-06-02,333,45.403,47.038,47.31,45.394,49939227,2566107482.17,0.00711,-0.6422426403904993,-0.3832045220989905,-0.2590381182915088,27.75648203591745,23.553789854716403,36.16186639831954,57.2611856824856,50.2108165647119,45.4578,46.46810000000001,47.197250000000004,49.856600445028455,44.53789955497155
2023-06-05,333,47.682,48.981,49.172,46.847,39939970,2119331989.14,0.00569,-0.3915342617996984,-0.3848704700391321,-0.006663791760566307,50.5902670208102,32.565948910081005,86.63890324226861,69.73924506532303,59.68654042008189,46.010200000000005,46.4624,47.2679,50.04135187921389,44.4944481207861
2023-06-06,333,48.981,49.226,50.225,48.173,34261827,1866611024.4,0.00488,-0.17110423000578123,-0.342117222032462,0.17101299202668074,61.65169985892787,42.26119922636329,100.43270112405702,71.01952406481035,60.71499715322042,46.8052,46.5469,47.35985,50.26856802291687,44.451131977083136
2023-06-07,333,50.398,50.171,50.643,49.48,36908674,2035955381.23,0.00526,0.07893188299518528,-0.25790740102693255,0.3368392840221178,72.04156416450704,52.18798753907787,111.74871741536538,75.76532057644614,64.52331567399196,47.9622,46.9291,47.4731,50.63656964082482,44.30963035917519
2023-06-08,333,50.579,51.66,51.86,50.125,47553147,2680031435.61,0.00677,0.39271024066834315,-0.12778387268787736,0.5204941133562205,80.50546440535922,61.627146494504984,118.26210022706769,81.49506548314004,69.59050502839759,49.4152,47.424699999999994,47.65865,51.33362627776077,43.98367372223923
2023-06-09,333,52.214,50.951,52.45,50.643,41065187,2319633365.17,0.00585,0.5775142503476829,0.01327575191923474,0.5642384984284482,81.04245626705806,68.09891641868934,106.92953596379547,71.79597739599868,64.78397355459371,50.1978,47.8278,47.79275,51.74664949423672,43.838850505763276
2023-06-12,333,50.961,52.077,52.504,50.579,39621001,2256003426.76,0.00564,0.8055457194656839,0.17172974542852462,0.6338159740371593,85.67442398205324,73.95741893981064,109.10843406653848,77.01038219933471,68.54767583010272,50.81699999999999,48.413599999999995,47.949850000000005,52.32236536785228,43.57733463214773
2023-06-13,333,51.996,51.406,52.459,51.088,24850143,1409611781.98,0.00354,0.9214957796639567,0.3216829522756111,0.5998128273883456,86.11106691264432,78.00863493075519,102.31593087642256,68.01785067120886,64.09451417500108,51.253,49.0291,48.12705,52.763836295201386,43.49026370479861
2023-06-14,333,51.969,51.832,52.65,51.415,36000680,2057761143.13,0.00513,1.0358213734983224,0.4645106365201535,0.5713107369781689,86.98290164628328,81.00005716926455,98.94859060032076,70.630590855299,65.64047511293478,51.5852,49.7737,48.3398,53.25257255196771,43.427027448032284
2023-06-15,333,51.996,52.668,53.194,51.769,31276544,1814552067.08,0.00445,1.1802779342118654,0.607664096058496,0.5726138381533694,88.5594744760212,83.51986293818342,98.63869755169674,75.3691463049604,68.54033516703021,51.78679999999999,50.601,48.5952,53.856048064513324,43.33435193548667
2023-06-16,333,53.031,52.986,53.567,52.123,30006082,1745695208.17,0.00427,1.3053732118738992,0.7472059192215768,0.5581672926523225,88.7825738874871,85.27409992128464,95.79952181989202,77.05869591213902,69.60483073906929,52.193799999999996,51.1958,48.83195,54.44214975158018,43.221750248419816
2023-06-19,333,52.668,51.587,52.795,51.487,28911037,1651975820.25,0.00412,1.2769051449496018,0.8531457643671819,0.4237593805824199,76.37295155014436,82.30705046423788,64.50475372195734,56.57224466084913,59.88060363673512,52.0958,51.456399999999995,48.9594,54.7035245918168,43.2152754081832
2023-06-20,333,51.687,52.286,53.503,51.578,24381022,1413907765.99,0.00347,1.2958101620892535,0.9416786439115963,0.3541315181776572,71.84305621452584,78.81905238100053,57.89106388157646,62.54287551837578,62.71947523719461,52.2718,51.7624,49.154650000000004,55.078648730409505,43.2306512695905
2023-06-21,333,52.668,52.922,54.121,52.123,45130347,2649838248.05,0.00643,1.3465897605651662,1.0226608672423105,0.3239288933228557,69.94506025067764,75.86105500422623,58.113070743580465,67.43174569879835,65.16607154783458,52.4898,52.0375,49.4833,55.48078021123947,43.48581978876053
2023-06-22,333,52.922,52.922,52.922,52.922,0,0.0,0.0,1.3710285940085,1.0923344125955485,0.27869418141295155,68.67972960811217,73.46727987218821,59.10462907996009,67.43174569879835,65.16607154783458,52.5406,52.163700000000006,49.794200000000004,55.82959341934842,43.75880658065159
2023-06-23,333,52.922,52.922,52.922,52.922,0,0.0,0.0,1.3745515707061813,1.148777844217675,0.22577372648850624,65.94254751102406,70.95903575180016,55.90957102947186,67.43174569879835,65.16607154783459,52.5278,52.3608,50.0943,56.12482380024002,44.06377619975997
2023-06-26,333,54.329,52.795,54.438,52.486,33558138,1957482191.73,0.00478,1.3515162781393428,1.1893255310020088,0.16219074713733406,59.1783705206364,67.03214734141224,43.47081687908471,64.52573393954543,64.07591861205951,52.7694,52.4326,50.4231,56.27851447676721,44.56768552323279
2023-06-27,333,52.867,54.202,54.62,52.559,48123655,2851634264.51,0.00685,1.4303061055796675,1.2375216459175407,0.19278445966212687,68.33829872138607,67.46753113473684,70.0798338946845,77.44707259093117,70.11762871263122,53.15259999999999,52.712199999999996,50.87065,56.421967919386645,45.31933208061335
2023-06-28,333,53.984,54.211,54.956,53.766,32790073,1964640593.03,0.00467,1.4764541914023752,1.2853081550145076,0.19114603638786765,71.73355592668166,68.88953939871845,77.42158898260806,77.50995281991149,70.15265683536754,53.410399999999996,52.9501,51.361900000000006,56.188625855505826,46.535174144494185
2023-06-29,333,54.23,53.703,54.293,52.867,27678349,1635162204.39,0.00394,1.4552601937831184,1.3192985627682299,0.13596163101488856,69.11573085608892,68.96493655117527,69.4173194659162,65.19749987945414,65.42997870229516,53.566599999999994,53.053599999999996,51.8273,55.47704987463061,48.17755012536939
2023-06-30,333,53.785,53.503,54.32,53.176,26487591,1563113126.59,0.00377,1.4061166321864462,1.3366621766518734,0.06945445553457286,65.07261472900497,67.66749594378517,59.88285229944458,60.646172873406094,63.59133733435422,53.6828,53.1053,52.150549999999996,55.09043782277894,49.21066217722105
2023-07-03,333,53.467,53.63,54.829,52.967,31876184,1892919808.14,0.00454,1.3617207747282407,1.341673896267147,0.020046878461093653,61.11324097594333,65.48274428783789,52.37423435215422,62.63382645539146,64.28654476303359,53.8498,53.3096,52.383,54.98324419905793,49.78275580094208
2023-07-04,333,53.83,53.485,54.121,52.777,21944569,1290009361.97,0.00313,1.2998525584891567,1.3333096287115491,-0.033457070222392415,54.223942027147096,61.72981020094095,39.212205679559375,58.580144356967864,62.79314944553782,53.70640000000001,53.429500000000004,52.595949999999995,54.770289970027825,50.421610029972165
2023-07-05,333,53.658,53.685,53.875,53.049,18701574,1103273063.53,0.00266,1.2525215906837204,1.3171520211059835,-0.06463043042226313,52.33013139191725,58.59658393126638,39.797226313219,62.587856941130916,64.04977774280857,53.60119999999999,53.5058,52.77165,54.671515399663754,50.87178460033625
2023-07-06,333,53.694,53.004,54.257,52.94,16957694,995554522.94,0.00241,1.146840386953734,1.2830896942755337,-0.13624930732179963,41.87730756762094,53.02349181005123,19.584939082760357,44.85445862902977,56.91009501548838,53.461400000000005,53.513999999999996,52.83885,54.66687594418924,51.01082405581076
2023-07-07,333,52.704,52.441,53.203,51.941,29379608,1698410265.17,0.00418,1.0060606360319184,1.2276838826268106,-0.2216232465948922,33.44612102075779,46.49770154695342,7.342959968366529,35.01274759025169,51.711366438773105,53.249,53.4659,52.91335,54.52621123982962,51.30048876017038
2023-07-10,333,52.504,51.424,52.604,50.888,32085974,1818167155.99,0.00457,0.8031698267794027,1.142781071457329,-0.33961124467792625,26.68941663592965,39.8949399099455,0.2783700878979545,23.727505549619593,43.82263087115427,52.8078,53.3288,52.880700000000004,54.5884925548859,51.172907445114106
2023-07-11,333,51.578,51.451,51.832,51.215,15802795,896629010.33,0.00225,0.6372107046951925,1.0416669981049016,-0.4044562934097091,22.554849185857876,34.11490966858295,-0.5652717795922797,24.50275213635419,44.06974612123016,52.400999999999996,53.053700000000006,52.88295000000001,54.582661365589225,51.18323863441079
2023-07-12,333,51.669,51.841,52.74,51.215,18781502,1079865899.4,0.00267,0.5310352021540581,0.9395406389147328,-0.40850543676067474,23.097126049474078,30.442315128879994,8.406747890662253,35.811427104767546,47.69525242965424,52.0322,52.816700000000004,52.88340000000001,54.58194419399225,51.18485580600777
2023-07-13,333,51.941,52.486,52.958,51.941,16930674,978559177.16,0.00241,0.49325057535225625,0.8502826262022376,-0.35703205084998135,28.914112113842044,29.93291412386734,26.876508093791458,50.52042056031388,53.1718693551484,51.9286,52.69500000000001,52.874300000000005,54.57963973772091,51.1689602622791
2023-07-14,333,52.441,52.177,52.913,51.778,10500005,603243715.63,0.0015,0.43337657343800373,0.7669014156493908,-0.3335248422113871,32.029611895029966,30.63181338092155,34.82520892324679,44.639748222095236,50.413180762217486,51.875800000000005,52.562400000000004,52.83385,54.56619848505767,51.10150151494233
2023-07-17,333,51.941,51.878,51.941,51.124,9042488,512387286.53,0.00129,0.35767612665689086,0.6850563578508909,-0.32738023119400006,31.14826604815594,30.80396426999968,31.83686960446847,39.3245685904307,47.79554372788701,51.96659999999999,52.38720000000001,52.848400000000005,54.541088848205575,51.155711151794435
2023-07-18,333,52.123,51.524,52.123,50.552,23988228,1351665336.24,0.00342,0.2660512623508211,0.601255338750877,-0.3352040764000559,29.510449970025704,30.372792836675018,27.785764236727076,33.634757687888424,44.79165999352288,51.9812,52.191100000000006,52.8103,54.588435522630235,51.03216447736976
2023-07-19,333,51.66,52.786,52.986,51.46,27804425,1601948633.66,0.00396,0.29190584145744225,0.5393854392921901,-0.24747959783474782,47.76366223325489,36.16974930220164,70.95148809536141,59.007795973936396,55.63535666929262,52.1702,52.10119999999999,52.80350000000001,54.58087695554508,51.026123044454934
2023-07-20,333,52.577,52.241,53.258,52.159,14051590,815686031.1,0.002,0.26535993230784527,0.4845803378953211,-0.21922040558747585,52.64805863591713,41.6625190801068,74.6191377475378,49.24991213539968,50.9232561563562,52.1212,52.0249,52.769450000000006,54.563284642968306,50.97561535703171
2023-07-21,333,52.259,51.878,52.74,51.751,12070921,693513021.31,0.00172,0.2125805455688834,0.4301803794300336,-0.21759983386115023,51.43277818891148,44.91927211637502,64.4597903339844,43.50040146547653,47.971082685571965,52.061400000000006,51.9686,52.71725,54.55267152049392,50.88182847950608
2023-07-24,333,51.878,51.551,52.087,50.97,11588757,657937835.19,0.00165,0.14272113378687834,0.3726885303014026,-0.22996739651452425,46.59450548883826,45.47768324052943,48.82814998545592,38.62593782751386,45.3854206379276,51.996,51.9813,52.65505,54.562287459340936,50.74781254065907
2023-07-25,333,52.541,53.558,53.83,52.486,37648119,2216891658.75,0.00536,0.24646408884328252,0.3474436420097786,-0.1009795531664961,61.6304228172487,50.86192976610252,83.16740891954106,66.37599483140542,59.868620159343095,52.4028,52.19199999999999,52.62285000000001,54.43972485013419,50.80597514986582
2023-07-26,333,53.403,53.194,54.066,53.104,18752582,1105031413.54,0.00267,0.2958984372339941,0.33713460105462173,-0.041236163820627614,66.14860667421968,55.957488735474904,86.53084255170923,60.429472289029455,56.88400292380387,52.48440000000001,52.3273,52.572,54.253615138395745,50.89038486160426
2023-07-27,333,53.167,53.104,53.685,52.986,15197044,893501893.19,0.00216,0.32407750292774296,0.33452318142924603,-0.010445678501503075,68.30700130017223,60.073992923707344,84.773018053102,58.864776556934515,56.129243971188565,52.657000000000004,52.3891,52.54205,54.15894194704488,50.925158052955126
2023-07-28,333,53.303,54.248,54.32,52.768,24004126,1424164599.22,0.00342,0.43372118684246885,0.35436278251189063,0.07935840433057822,78.23439152495556,66.12745912412342,102.44825632661983,70.51139957054134,62.946630342821706,53.13099999999999,52.596199999999996,52.5793,54.31906418244653,50.839535817553475
2023-07-31,333,55.347,53.866,55.664,53.712,32518268,1952524582.78,0.00463,0.4842087319398587,0.3803319723974843,0.10387675954237441,72.72152163302674,68.32547996042453,81.51360497823117,63.326952779038756,59.57431817671456,53.59400000000001,52.795,52.591100000000004,54.363760432943614,50.818439567056394
2023-08-01,333,53.866,52.895,54.202,52.786,20418627,1197877268.87,0.00291,0.4407877632048738,0.3924231305589622,0.048364632645911565,62.150947670136006,66.26730253032835,53.9182379497513,48.31194311687398,51.86873724946055,53.461400000000005,52.932100000000005,52.5616,54.29072736129426,50.83247263870574
2023-08-02,333,52.759,52.94,53.412,52.459,23543608,1370719586.02,0.00335,0.4053350069229964,0.39500550583176913,0.010329501091227267,55.42345524266699,62.65268676777456,40.964992192451845,48.98462944444991,52.18143495148526,53.4106,52.947500000000005,52.524350000000005,54.1822081330956,50.86649186690441
2023-08-03,333,52.65,52.65,52.849,51.751,23362911,1344124458.18,0.00333,0.34980552542667454,0.3859655097507503,-0.036159984324075745,48.879093723772016,58.061489086440375,30.514302998435284,44.50541382909993,49.90218958433608,53.3198,52.9884,52.50665,54.15044551487841,50.86285448512159
2023-08-04,333,52.94,52.595,53.567,52.495,19663692,1147020984.84,0.0028,0.29792566926372643,0.36835754165334555,-0.07043187238961912,39.77577199780559,51.96625005689544,15.394815879625895,43.59810386412315,49.45525826485185,52.989200000000004,53.0601,52.51435,54.158293432884435,50.870406567115566
2023-08-07,333,52.477,52.559,52.84,52.068,15370696,887391728.93,0.00219,0.251012099115961,0.3448884531458687,-0.09387635402990768,33.40022077304936,45.77757362894674,8.6455150612546,42.910984211584726,49.14099508071132,52.7278,53.16089999999999,52.5711,54.132869023962265,51.00933097603774
2023-08-08,333,52.214,51.76,52.259,51.723,13635468,779253638.45,0.00194,0.1476580245088428,0.30544236741846353,-0.15778434290962073,22.579763184739488,38.04497014754432,-8.35065074087018,30.22433262205496,42.58850637652616,52.500800000000005,52.981100000000005,52.58655,54.10723661431108,51.06586338568893
2023-08-09,333,51.932,52.268,52.395,51.796,15143409,868904097.46,0.00216,0.1055241139248082,0.2654587167197325,-0.15993460279492427,19.662834595459422,31.917591630182685,-4.846679473987102,43.06665136530404,47.448676654525734,52.3664,52.8885,52.607899999999994,54.096157886537,51.11964211346299
2023-08-10,333,51.95,51.169,52.032,50.398,38530464,2159087492.33,0.00549,-0.016358854355274843,0.209095202504731,-0.22545405686000583,17.988921000087227,27.274701420150862,-0.582639840040045,29.142223568077867,39.54746294867886,52.0702,52.69499999999999,52.542049999999996,54.16359435484644,50.920505645153554
2023-08-11,333,51.115,50.107,51.26,50.071,25533312,1419423214.76,0.00364,-0.19638273144815344,0.12799961571415408,-0.3243823471623075,12.28310056505453,22.27750113511875,-7.705700575073912,21.1955015542065,33.64185024087443,51.5726,52.280899999999995,52.43855,54.389077105546406,50.48802289445359
2023-08-14,333,49.489,50.343,50.461,49.29,19516687,1073370152.49,0.00278,-0.316362888926065,0.03912711478611023,-0.35549000371217526,16.39542064012757,20.316807636788354,8.552646646805997,26.537454296410075,35.96016595742546,51.1294,51.9286,52.3618,54.515423296972045,50.20817670302796
2023-08-15,333,50.225,50.089,50.452,49.58,16370434,901353362.11,0.00233,-0.4270212699822409,-0.054102562167560014,-0.37291870781468084,17.157386653857934,19.26366730914488,12.944825343284045,24.40115374129121,34.54322589897137,50.7952,51.648,52.290049999999994,54.64719782824669,49.9329021717533
2023-08-16,333,49.762,50.152,50.27,49.362,15358726,843256905.36,0.00219,-0.5038274514937058,-0.1440475400327892,-0.3597799114609166,18.156362359683648,18.894565659324467,16.67995576040201,26.17013506150012,35.23374228432287,50.372,51.3692,52.15835,54.68692715555143,49.62977284444857
2023-08-17,333,49.853,50.706,50.797,49.517,15216504,842880581.35,0.00217,-0.5140678791565989,-0.21805160785755118,-0.29601627129904773,25.400016221009775,21.063049179886235,34.07395030325685,40.79027648749254,41.18570325679866,50.279399999999995,51.1748,52.0816,54.69149069341546,49.47170930658454
2023-08-18,333,50.652,49.753,50.715,49.608,13463834,741138398.99,0.00192,-0.5922554748565219,-0.29289238125734535,-0.2993630935991765,21.903821871440766,21.343306743737745,23.024852126846802,28.954438166265362,35.12766215881189,50.208600000000004,50.8906,51.975350000000006,54.78547861852074,49.16522138147927
2023-08-21,333,49.589,49.381,50.27,49.353,13117158,718680500.61,0.00187,-0.6764394261899938,-0.3696017902438751,-0.3068376359461187,15.579466862227294,19.42202678323426,7.894347020213367,25.489924987928788,33.05709637379928,50.016200000000005,50.5728,51.86685,54.90433658389896,48.82936341610104
2023-08-22,333,49.308,49.371,49.653,48.5,23054276,1249497364.11,0.00328,-0.7354845228052298,-0.4427783367561461,-0.2927061860490837,18.606394291692517,19.150149286053676,17.5188843029702,25.391917135336342,33.000053676493266,49.8726,50.3339,51.657500000000006,54.780176753245684,48.53482324675433
2023-08-23,333,49.144,48.781,49.635,48.672,15798313,854634875.2,0.00225,-0.8204288631983019,-0.5183084420445774,-0.3021204211537245,15.797982667891617,18.032760413332987,11.328427177008876,19.958692501536547,29.70128979293348,49.5984,49.9852,51.43685000000001,54.72182262826024,48.15187737173977
2023-08-24,333,49.026,49.989,50.352,48.581,25583579,1398433374.77,0.00364,-0.7812664078003095,-0.5709000351957239,-0.21036637260458568,32.1398828002168,22.735134542294258,50.949379316061886,47.5388251197285,42.532373272082125,49.455,49.867200000000004,51.2811,54.52842063805127,48.03377936194873
2023-08-25,333,49.898,50.18,50.843,49.508,16472788,907722077.95,0.00235,-0.7264437842514369,-0.6020087850068665,-0.12443499924457035,45.327570180938345,30.265946421842287,75.45081769913045,50.75814589243701,44.28638426886767,49.5404,49.8745,51.0777,54.039622498008434,48.115777501991566
2023-08-28,333,52.032,50.997,52.65,50.652,28800377,1624044691.03,0.0041,-0.6100392354966075,-0.6036148751048147,-0.006424360391792838,50.27460502022396,36.935499287969506,76.95281648473286,62.553426126204975,51.23214689403455,49.8636,49.9399,50.934250000000006,53.589612627628966,48.278887372371045
2023-08-29,333,50.743,50.897,51.297,50.443,21787121,1221870560.32,0.0031,-0.519864284358249,-0.5868647569555016,0.0670004725972525,52.769415395008735,42.213471323649244,73.88130353772772,60.42740772256843,50.39327113046581,50.1688,50.0207,50.83435,53.324298743923556,48.344401256076445
2023-08-30,333,50.888,51.596,51.923,50.588,23366421,1323189377.16,0.00333,-0.3875293307956227,-0.5469976717235258,0.15946834092790307,60.047080142857205,48.15800759671856,83.8252252351345,69.20624485730761,55.899613644630016,50.7318,50.1651,50.76715,53.08437586183025,48.44992413816975
2023-08-31,333,52.032,51.315,52.486,51.287,28083765,1596998959.6,0.004,-0.3018477651178344,-0.4979676904023875,0.19611992528455308,62.641828528973065,52.98594790747006,81.95358977197907,62.51597145314262,53.30479724924498,50.997,50.226,50.7004,52.86086772713645,48.53993227286355
2023-09-01,333,51.76,52.604,53.122,51.751,26650564,1541478627.79,0.00379,-0.1284522619216446,-0.4240646047062389,0.2956123427845943,71.3587958258926,59.11023054694424,95.85592638378932,75.53486431871028,62.107009990196595,51.4818,50.5111,50.700849999999996,52.86298240502061,48.53871759497938
2023-09-04,333,53.122,52.867,53.394,52.323,20090011,1169057319.81,0.00286,0.02984281621693441,-0.33328312052160425,0.36312593673853866,77.25602663758168,65.15882924382339,101.45042142509828,77.45227279209725,63.63288795693312,51.8558,50.8597,50.71625,52.93768243260508,48.494817567394925
2023-09-05,333,52.904,52.468,53.113,52.314,15309015,887170819.82,0.00218,0.12169402767916893,-0.2422876908814496,0.36398171856061856,78.42416458296016,69.5806076902023,96.1112783684759,67.78119984330807,59.65705229046933,52.17,51.1694,50.75165,53.063826944148246,48.43947305585175
2023-09-06,333,52.223,51.923,52.668,51.651,20888335,1194824717.84,0.00297,0.14879461754068757,-0.16407122919702216,0.31286584673770973,72.99816496300964,70.71979344780473,77.55490799341948,56.2655618176015,54.575925114829445,52.235400000000006,51.4836,50.7344,53.0036944788143,48.4651055211857
2023-09-07,333,51.841,51.369,51.869,51.306,13639911,774015904.79,0.00194,0.12413787606421067,-0.10642940814477558,0.23056728420898626,59.12517447325009,66.85492045628652,43.66568250717722,46.60677991624146,49.86609286470382,52.2462,51.6216,50.7444,53.02349967450173,48.46530032549827
2023-09-08,333,51.524,50.924,51.605,50.679,8400181,471931158.26,0.0012,0.06790666406909196,-0.07156219370200206,0.13946885777109402,44.84996947262195,59.51993679506499,15.510034827735865,39.989792053106484,46.36027654717423,51.910199999999996,51.696000000000005,50.785250000000005,53.045455195621386,48.525044804378624
2023-09-11,333,51.133,51.242,51.651,50.861,14072130,793322668.24,0.002,0.04844452744535488,-0.04756084947253067,0.09600537691788555,37.66904593494346,52.23630650835781,8.534524788114766,46.50292084005883,49.14737836025638,51.5852,51.7205,50.8302,53.08912993763772,48.571270062362274
2023-09-12,333,51.233,51.95,52.413,51.124,16403440,937947088.74,0.00234,0.08912297279773895,-0.02022408501847674,0.10934705781621569,40.717362728881916,48.39665858186584,25.35877102291407,58.52840684396398,54.84585329067533,51.4816,51.8258,50.92325,53.20680861483048,48.63969138516953
2023-09-13,333,51.85,51.76,52.25,51.487,10743402,613122120.66,0.00153,0.10482120807043316,0.004784973599305247,0.10003623447112792,40.41685446504954,45.7367238762604,29.77711564262782,54.577576314354566,53.10372868389289,51.449,51.842200000000005,51.00365,53.2861039218265,48.7211960781735
2023-09-14,333,51.769,51.351,51.996,51.088,10289465,581688865.67,0.00147,0.08329907094139344,0.02048779306772289,0.06281127787367055,35.19503004852287,42.22282593368122,21.139438278206157,46.47390500489261,49.41756175057788,51.44540000000001,51.8458,51.0359,53.318872937110065,48.75292706288993
2023-09-15,333,51.433,50.661,51.478,50.216,16451182,917665598.7,0.00234,0.01044498548769468,0.01847923155171725,-0.00803424606402257,28.583592693722416,37.67641485369495,10.397948373777353,35.732939065491806,43.81956789924896,51.3928,51.6515,51.0813,53.29181697692218,48.87078302307782
2023-09-18,333,50.67,50.942,51.387,50.134,14427793,808841172.19,0.00205,-0.02433750295024595,0.009915884651324609,-0.034253387601570554,29.684510361981744,35.01244668979055,19.028637706364123,42.25502944750979,46.51145993651132,51.3328,51.459,51.15935,53.222402340075924,49.09629765992408
2023-09-19,333,50.843,50.897,50.988,50.352,12366126,689874974.41,0.00176,-0.05490113345918246,-0.003047518970776809,-0.05185361448840565,30.94953901271211,33.6581441307644,25.532328776607528,41.446723056169894,46.125353514579196,51.1222,51.3019,51.23565,53.12585057693637,49.34544942306363
2023-09-20,333,50.879,51.66,51.978,50.606,21380110,1210967114.2,0.00304,-0.01735524700937674,-0.005909064578496797,-0.011446182430879942,42.952756884589974,36.75634838203959,55.34557388969074,57.85157254579104,53.296621281723674,51.102199999999996,51.2756,51.3796,52.881277013418504,49.8779229865815
2023-09-21,333,51.651,51.142,51.651,50.87,16769142,946858135.17,0.00239,-0.029063110936071723,-0.010539873850011783,-0.018523237086059942,43.378479725019965,38.96372549636638,52.20798818232714,47.10087814582357,48.51393604575707,51.0604,51.2529,51.43724999999999,52.79585809189637,50.07864190810361
2023-09-22,333,51.387,51.805,51.86,51.006,22170248,1259327922.57,0.00316,0.014984153633470498,-0.005435068353315326,0.020419221986785824,53.3595305816354,43.76232719145605,72.55393736199409,58.84686031328737,54.24673301367946,51.28920000000001,51.340999999999994,51.5185,52.74883217594103,50.288167824058974
2023-09-25,333,51.66,51.424,51.66,51.06,16643159,941423312.53,0.00237,0.01893019677331864,-0.0005620153279885314,0.019492212101307173,55.894381446358054,47.806345276423386,72.07045378622738,51.03270316339961,50.70719588635867,51.3856,51.3592,51.53985,52.74667345545215,50.333026544547856
2023-09-26,333,51.542,50.852,51.941,50.852,18934941,1067479335.2,0.0027,-0.023823532353851817,-0.0052143187331611905,-0.018609213620690627,50.11648344186125,48.57639133156934,53.196667662445066,41.18106014934718,45.81157558931179,51.376599999999996,51.249399999999994,51.5376,52.74962647183093,50.325573528169066
2023-09-27,333,50.852,51.024,51.451,50.334,18810949,1054884218.41,0.00268,-0.04332775281126544,-0.012837005548782043,-0.030490747262483398,49.49920298871733,48.88399521728533,50.72961853158131,45.011475125043496,47.475082056531,51.2494,51.175799999999995,51.509,52.742036815943294,50.27596318405671
2023-09-28,333,51.206,50.379,51.306,50.316,17097578,953613283.55,0.00243,-0.10956806510341721,-0.03218321745970908,-0.07738484764370812,37.42824667794454,45.0654123708384,22.153915292156825,34.81032341908947,42.1781399950546,51.0968,51.078599999999994,51.462199999999996,52.79338571601569,50.1310142839843
2023-09-29,333,50.379,50.379,50.379,50.379,0,0.0,0.0,-0.16021710675563838,-0.05778999531889495,-0.10242711143674343,26.215702358100117,38.78217569992564,1.082755674449075,34.81032341908947,42.1781399950546,50.8116,51.050399999999996,51.35095,52.65190891354599,50.04999108645401
2023-10-02,333,50.379,50.379,50.379,50.379,0,0.0,0.0,-0.19807356837198142,-0.08584670992951225,-0.11222685844246917,18.740672811537166,32.10167473712948,-7.981331039647458,34.81032341908947,42.1781399950546,50.602599999999995,50.9941,51.226549999999996,52.38514433434524,50.06795566565475
2023-10-03,333,50.379,50.379,50.379,50.379,0,0.0,0.0,-0.22547594065405718,-0.11377255607442124,-0.11170338457963594,13.786089566665705,25.99647968030822,-10.634690660619327,34.81032341908947,42.1781399950546,50.507999999999996,50.942299999999996,51.1221,52.18189797478878,50.062302025211224
2023-10-04,333,50.379,50.379,50.379,50.379,0,0.0,0.0,-0.2443755093576243,-0.13989314673106187,-0.10448236262656244,10.48303407008473,20.825331143567055,-10.201560076879918,34.81032341908947,42.1781399950546,50.379,50.8142,51.0449,52.08378865722138,50.00601134277861
2023-10-05,333,50.379,50.379,50.379,50.379,0,0.0,0.0,-0.25639795766545603,-0.16319410891794073,-0.0932038487475153,8.280997072364082,16.643886453166065,-8.444781689239882,34.81032341908947,42.17813999505459,50.379,50.7379,50.9954,52.06320668465199,49.927593315348005
2023-10-06,333,50.379,50.379,50.379,50.379,0,0.0,0.0,-0.2628953407252723,-0.18313435527940708,-0.07976098544586524,6.812972407216983,13.366915104516371,-6.294912987381792,34.81032341908947,42.17813999505459,50.379,50.595299999999995,50.968149999999994,52.07087414358265,49.86542585641734
2023-10-09,333,50.361,50.634,50.951,49.853,28659545,1591907095.86,0.00408,-0.2446480443678496,-0.19543709309709562,-0.04921095127075398,20.833178934807133,15.855669714613292,30.788197375194812,50.653202887024676,46.51607611782413,50.42999999999999,50.5163,50.93775,52.042208119097374,49.83329188090263
2023-10-10,333,50.388,49.735,50.643,49.417,21499637,1179223499.87,0.00306,-0.2992788173713805,-0.21620543795195263,-0.08307337941942788,19.500220578030916,17.070520002419165,24.359621729254414,24.97508979065688,36.09995860574388,50.301199999999994,50.4046,50.827,51.94816743667066,49.70583256332934
2023-10-11,333,49.717,49.735,50.752,49.489,20418379,1123573120.53,0.00291,-0.33867012023886645,-0.24069837440933542,-0.09797174582953103,19.91018616544951,18.017075390095947,23.696407716156635,24.97508979065688,36.09995860574388,50.172399999999996,50.27569999999999,50.72575,51.85784370543819,49.593656294561804
2023-10-12,333,49.944,50.198,50.379,49.589,17604242,970427691.71,0.00251,-0.3287382906308949,-0.25830635765364734,-0.07043193297724754,30.244339668752502,22.09283014964813,46.54735870696125,45.474440914946435,43.81161653509714,50.1362,50.2576,50.668099999999995,51.783436512824785,49.552763487175206
2023-10-13,333,50.116,49.934,50.343,49.517,12996004,712981553.98,0.00185,-0.33827046640092817,-0.2742991794031035,-0.06397128699782467,31.39713909251028,25.194266463935513,43.802884349659806,38.31182515520119,40.75239287939158,50.047200000000004,50.2131,50.63175,51.79444285893076,49.469057141069236
2023-10-16,333,49.762,50.016,50.316,49.762,15020214,826944834.77,0.00214,-0.33534245064923596,-0.28650783365233,-0.048834616996905944,33.94750602690596,28.112012984925663,45.61849211086657,41.73257475504299,42.12180884612931,49.9236,50.1768,50.58545,51.769673391976085,49.40122660802392
2023-10-17,333,50.016,50.743,50.843,49.989,16830158,936368372.27,0.0024,-0.27123255283068914,-0.28345277748800185,0.012220224657312706,51.4452300066379,35.88975199216307,82.55618603558756,63.35285486835773,52.6964855740679,50.12519999999999,50.2132,50.577749999999995,51.7554285147945,49.40007148520549
2023-10-18,333,50.561,50.37,50.752,50.134,10637084,590623193.2,0.00151,-0.24766801690071105,-0.2762958253705437,0.02862780846983265,55.005207661965386,42.26157054876384,80.49248188836847,51.57137453617815,47.80757751902061,50.2522,50.2123,50.51325,51.57716449498052,49.44933550501948
2023-10-19,333,50.207,49.244,50.207,49.199,20196084,1103206369.95,0.00288,-0.31620670793105177,-0.28427800188264535,-0.03192870604840642,37.526302824871934,40.683147974133206,31.21261252634939,30.813425019374193,36.61939580469212,50.0614,50.0988,50.41835,51.580212438636295,49.2564875613637
2023-10-20,333,48.981,48.291,49.09,48.018,21089804,1123754128.36,0.003,-0.44232440936018236,-0.31588728337815275,-0.1264371259820296,28.238774154634335,36.53502336763358,11.646275728635842,21.872098513810784,30.11276112559328,49.7328,49.89,50.24265,51.57227602973372,48.91302397026627
2023-10-23,333,48.127,48.354,48.699,47.864,16864366,897561652.68,0.0024,-0.5310681992620943,-0.35892346655494106,-0.1721447327071532,24.308673650364938,32.45957346187736,8.00687402734009,23.630075699615716,30.99695944829851,49.400400000000005,49.662,50.089150000000004,51.547174369877276,48.63112563012273
2023-10-24,333,48.136,48.291,48.572,47.401,25019782,1323069265.75,0.00356,-0.5995703913588883,-0.4070528515157306,-0.19251753984315773,24.82480238321824,29.914649768990987,14.64510761167275,23.00880289251431,30.57496538709954,48.910000000000004,49.5176,49.9611,51.57819185365459,48.344008146345416
2023-10-25,333,48.845,47.601,49.045,47.346,25856546,1364767551.48,0.00368,-0.701450224011829,-0.46593232601495044,-0.23551789799687856,18.980523102490572,26.269940880157513,4.4016875471566905,17.099963325204058,26.29739575128353,48.3562,49.3042,49.78995,51.64101813830008,47.93888186169991
2023-10-26,333,47.419,47.682,47.873,47.247,15165512,794020501.0,0.00216,-0.766815332511861,-0.5261089273143326,-0.2407064051975284,16.685940132843193,23.07527396438607,3.9072724697574372,19.994282188347782,27.5946534002005,48.0438,49.0526,49.6551,51.70748940595648,47.602710594043515
2023-10-27,333,47.546,48.799,49.035,47.41,25318794,1352282942.98,0.00361,-0.7201832627325473,-0.5649237943979756,-0.15525946833457172,25.510315298054138,23.886954408942092,28.75703707627823,49.29130489099897,42.75302817530493,48.1454,48.9391,49.5761,51.6327959604381,47.51940403956189
2023-10-30,333,48.427,49.489,49.617,48.427,16488474,892765169.6,0.00235,-0.6203982136150614,-0.5760186782413927,-0.04437953537366868,38.32879793051441,28.700902249466196,57.58458929261084,60.117228446671554,49.83090140792525,48.37239999999999,48.886399999999995,49.5316,51.553367064514624,47.50983293548537
2023-10-31,333,49.308,48.055,49.308,47.855,23807212,1263696549.7,0.00339,-0.6495421413592979,-0.5907233708649738,-0.058818770494324046,34.651631052775365,30.684478517235917,42.58593612385425,39.22995859682518,38.920959839987624,48.325199999999995,48.617599999999996,49.4154,51.49831479978325,47.332485200216745
2023-11-01,333,47.955,48.136,48.545,47.855,18933823,1004719416.43,0.0027,-0.6585119748756156,-0.6042810916671022,-0.054230883208513436,35.60460354291921,32.32452019246368,42.16477024383026,40.628193390807596,39.73401566211576,48.4322,48.3942,49.303250000000006,51.40912267821214,47.19737732178787
2023-11-02,333,48.127,48.291,49.408,47.955,20085478,1072266180.2,0.00286,-0.6456705398826941,-0.6125589813102206,-0.0331115585724735,38.41994666574358,34.356329016890314,46.547181963450114,43.607660595970984,41.36343155147043,48.553999999999995,48.298899999999996,49.19885,51.287125468317626,47.110574531682374
2023-11-03,333,48.236,47.946,48.445,47.873,17740644,939971081.17,0.00253,-0.6557728852314568,-0.6212017620944679,-0.03457112313698896,35.44452140585435,34.71905981321166,36.89544459113975,38.4534485433036,38.815207763532975,48.383399999999995,48.264399999999995,49.0772,51.15946360634624,46.99493639365375
2023-11-06,333,48.127,48.255,48.4,47.855,24918224,1322403103.12,0.00355,-0.6315650602456557,-0.6232744217247055,-0.008290638520950244,37.80689612710971,35.748338584511,41.92401121230712,45.39069002991817,42.2890279845094,48.1366,48.25449999999999,48.95825,50.935199151436805,46.981300848563194
2023-11-07,333,48.218,48.218,48.382,47.746,18898188,999762781.82,0.00269,-0.608353059926344,-0.6202901493650332,0.011937089438689208,38.861418796413574,36.78603198847853,43.01219241228367,44.6672594106155,41.9777027508951,48.169200000000004,48.2472,48.882400000000004,50.850253374939676,46.91454662506033
2023-11-08,333,47.81,47.991,48.118,47.682,21385728,1128009345.2,0.00305,-0.6013424834946761,-0.6165006161909619,0.015158132696285742,34.68272203101794,36.084928669324995,31.878308754403832,39.97652812554614,40.00650616163408,48.1402,48.286199999999994,48.7952,50.75853299854003,46.83186700145997
2023-11-09,333,48.018,47.628,48.427,47.537,14146893,743811714.14,0.00201,-0.6179542257947119,-0.6167913381117119,-0.0011628876829999912,24.580148020678642,32.25000178644288,9.24044048915016,33.271692244500585,36.977384033552894,48.007600000000004,48.2808,48.6667,50.579205999990144,46.75419400000985
2023-11-10,333,47.492,47.855,48.0,47.446,13027077,685147777.45,0.00185,-0.6058186481005023,-0.61459680010947,0.008778152008967699,23.335457158196196,29.278486910360648,11.449397653867294,40.73119268577567,40.07279267603441,47.9894,48.1864,48.56275,50.410119210525686,46.71538078947432
2023-11-13,333,47.8,46.366,47.8,46.021,38291558,1957444236.36,0.00545,-0.7081874274215636,-0.6333149255718888,-0.07487250184967476,18.95230654360997,25.836426788110423,5.184066054609069,21.66629750981744,29.651428242196786,47.611599999999996,47.8741,48.380250000000004,50.34082573445267,46.419674265547336
2023-11-14,333,46.329,46.393,46.693,46.13,24802793,1266466646.11,0.00353,-0.7781665288563318,-0.6622852462287775,-0.11588128262755426,16.295928011653764,22.656260529291536,3.5752629763782195,22.45607614331543,30.01147544341191,47.2466,47.7079,48.16275,49.97955875510602,46.345941244893986
2023-11-15,333,46.711,46.802,47.001,46.266,19636284,1010107977.71,0.0028,-0.7914986849222458,-0.6881279339674712,-0.10337075095477466,21.6037759901674,22.30543234958349,20.20046327133521,34.46655948024559,35.46928916081349,47.008799999999994,47.5745,47.98435,49.57524041932941,46.39345958067059
2023-11-16,333,46.674,46.992,47.392,46.593,21605533,1121013154.61,0.00308,-0.7777674831514076,-0.7060558438042586,-0.07171163934714908,27.854997238111004,24.155287312425994,35.25441708948103,39.67515314972489,37.92255470942541,46.881600000000006,47.444599999999994,47.87175,49.40498831704025,46.33851168295975
2023-11-17,333,46.856,47.092,47.192,46.502,13513422,697252679.61,0.00192,-0.7501687640072916,-0.7148784278448652,-0.03529033616242638,33.407903395648376,27.23949267350012,45.74472483994489,42.55858874952,39.24863288148812,46.729,47.3592,47.8118,49.36958204001999,46.254017959980004
2023-11-20,333,46.802,47.61,48.037,46.802,18219075,955124720.21,0.00259,-0.6786749667974235,-0.7076377356353769,0.028962768837953456,44.28634402048489,32.92177645582838,67.01547914979793,55.71603332201625,45.79221118256851,46.9778,47.2947,47.7746,49.313281513503796,46.2359184864962
2023-11-21,333,47.782,47.628,48.3,47.628,15845902,836507593.72,0.00226,-0.6134912229230736,-0.6888084330929163,0.07531721016984272,51.7880143289794,39.210522413545384,76.94299815984745,56.13500868600662,46.01264721572742,47.2248,47.235699999999994,47.74145,49.26174518948007,46.221154810519934
2023-11-22,333,47.628,47.356,47.764,47.129,9786906,511071755.33,0.00139,-0.5771279908514373,-0.6664723446446206,0.08934435379318328,54.051450828066166,44.15749855171897,73.83935538076057,47.914695740996606,43.121939756951576,47.3356,47.172200000000004,47.729200000000006,49.25818364591386,46.20021635408615
2023-11-23,333,47.356,47.909,48.064,47.083,10103351,529662622.99,0.00144,-0.4979473618397492,-0.6327673480836463,0.13481998624389713,63.64875133455107,50.65458281266301,89.6370883783272,61.62484477260838,50.078004957260646,47.51899999999999,47.2003,47.74055,49.27142735078817,46.209672649211825
2023-11-24,333,47.946,47.655,47.991,47.283,15724530,822539515.14,0.00224,-0.4504987509406675,-0.5963136286550506,0.14581487771438306,65.8580001216516,55.72238858232587,86.12922320030306,53.81691968264983,47.18643828403737,47.631600000000006,47.1803,47.683350000000004,49.13093212565804,46.23576787434197
2023-11-27,333,47.61,47.192,47.61,46.992,15922506,827425455.6,0.00227,-0.4451244973765398,-0.5660758023993484,0.1209513050228086,59.08068575792837,56.84182097419337,63.558415325398386,42.13843022558537,42.32646355431363,47.547999999999995,47.2629,47.5685,48.75356841907675,46.38343158092325
2023-11-28,333,47.401,47.701,47.946,46.793,21787637,1138681640.65,0.0031,-0.3952372674060527,-0.5319080954006893,0.1366708279946366,61.61552576668716,58.43305590502463,67.98046549001222,55.0162312810191,48.66716644672723,47.562599999999996,47.3937,47.550799999999995,48.71567606749813,46.38592393250186
2023-11-29,333,47.701,47.228,47.746,46.965,12426538,646048742.16,0.00177,-0.389379896148192,-0.5034024555501898,0.11402255940199779,54.53641651038323,57.13417610681083,49.34089731752806,44.07697321397413,43.786966664273166,47.537,47.4363,47.505399999999995,48.644740972944405,46.366059027055584
2023-11-30,333,47.047,46.92,47.219,46.684,12861862,664815260.93,0.00183,-0.4049232104487501,-0.4837066065299019,0.07878339608115176,41.22559780560211,51.83131667307458,20.01416007065717,38.14965235329502,40.87530641016776,47.339200000000005,47.4291,47.43685000000001,48.541625142636654,46.33207485736336
2023-12-01,333,47.492,45.903,47.546,45.703,31604983,1604750726.7,0.0045,-0.4936147164056095,-0.48568822850504345,-0.007926487900566048,30.05079643207508,44.57114325940808,1.0101027774090738,24.888188945106734,32.97653339089088,46.9888,47.310199999999995,47.3347,48.60643964564849,46.0629603543515
2023-12-04,333,45.839,45.485,46.121,45.258,22058672,1107559873.5,0.00314,-0.5908218539341377,-0.5067149535908623,-0.08410690034327539,22.730466806462942,37.290917775093035,-6.390435130797243,21.24562665704873,30.3471137922035,46.647400000000005,47.0977,47.1962,48.63791471008016,45.754485289919835
2023-12-05,333,45.485,44.695,45.576,44.695,22510318,1120255577.3,0.0032,-0.7232682226082474,-0.5500256073943394,-0.17324261521390805,15.153644537641961,29.911826695942676,-14.362719778959466,15.95101537247389,26.062511372210295,46.0462,46.8044,47.02005,48.76508330989124,45.27501669010876
2023-12-06,333,44.55,44.659,45.085,44.268,19114114,942351431.42,0.00272,-0.8216661670382877,-0.6043537193231291,-0.21731244771515856,13.6031907267689,24.47561470621808,-8.141657232129461,15.736562892556492,25.880861193489466,45.5324,46.5347,46.853449999999995,48.829150965546546,44.877749034453444
2023-12-07,333,44.822,45.603,45.848,44.695,25021860,1251685066.74,0.00356,-0.8140900133348907,-0.6463009781254815,-0.16778903520940924,21.167760647644755,23.37299668669364,16.757288569546986,40.786806877800394,38.20202819298005,45.269,46.3041,46.7522,48.76791662586483,44.736483374135176
2023-12-08,333,45.567,45.712,46.384,45.485,21811340,1102240031.34,0.0031,-0.7901817446118926,-0.6750771314227638,-0.11510461318912879,27.1986629802497,24.64821878454566,32.29955137165778,43.129397338006804,39.46950142176235,45.2308,46.1098,46.645050000000005,48.64167952576494,44.64842047423507
2023-12-11,333,45.267,46.329,46.674,44.695,25201467,1272635678.21,0.00359,-0.7132259016566991,-0.6827068854695509,-0.03051901618714814,37.88517344169223,29.060537003594515,55.534446317887664,55.175209125847125,46.27400250625083,45.3996,46.0235,46.6432,48.640986417117574,44.645413582882426
2023-12-12,333,46.765,46.311,46.811,46.057,17204815,879672020.1,0.00245,-0.6462408292370299,-0.6754136742230468,0.02917284498601691,46.03164501563293,34.717573007607314,68.65978903168417,54.7690910097964,46.109040464587444,45.7228,45.884499999999996,46.6391,48.639383443072504,44.638816556927495
2023-12-13,333,46.22,46.03,46.302,45.866,12858695,652164458.2,0.00183,-0.6088110337032475,-0.662093146119087,0.05328211241583947,48.60519267058059,39.34677956193174,67.12201888787828,48.1322743669473,43.469925960748874,45.997,45.7647,46.6005,48.61727454836821,44.583725451631786
2023-12-14,333,46.23,46.211,46.738,45.93,16563410,847402712.77,0.00236,-0.5581089314052292,-0.6412963031763155,0.08318737177108626,57.87206841297322,45.52187584561223,82.5724535476952,52.57439798162291,45.65561146173927,46.1186,45.6938,46.56145,48.5765505172783,44.5463494827217
2023-12-15,333,45.866,45.703,46.402,45.676,20470155,1034871741.97,0.00291,-0.5525490628651255,-0.6235468551140775,0.07099779224895197,57.39118363460244,49.47831177527563,73.21692735325607,40.804601372899924,40.82295171659431,46.1168,45.6738,46.492000000000004,48.525766534238365,44.458233465761644
2023-12-18,333,45.43,46.393,46.475,45.176,22307469,1133044739.96,0.00318,-0.48685345004464864,-0.5962081741001918,0.10935472405554314,66.11502948821445,55.02388434625523,88.29731977213288,56.629894222727,48.84609881292404,46.129599999999996,45.7646,46.43115,48.39572053295264,44.46657946704737
2023-12-19,333,46.384,46.084,46.384,45.821,16954533,859776399.62,0.00241,-0.4544839135038714,-0.5678633219809277,0.1133794084770563,65.9575936978771,58.668454130129184,80.53587283337295,49.51610610640352,45.811744864533125,46.084199999999996,45.9035,46.35395,48.24028138518535,44.46761861481465
2023-12-20,333,46.084,46.339,46.674,45.875,25417029,1298397555.67,0.00362,-0.4036019813023728,-0.5350110538452167,0.13140907254284395,69.86964973683297,62.40218599903044,84.80457721243802,55.10145594573359,48.68172359615914,46.146,46.0715,46.3031,48.129576262326054,44.47662373767395
2023-12-21,333,46.511,47.237,47.474,46.193,27421212,1422425462.34,0.0039,-0.28750243919233753,-0.4855093309146409,0.19800689172230335,77.07035063419912,67.29157421075334,96.62790348109067,69.40548784490365,57.358040094566235,46.351200000000006,46.234899999999996,46.2695,47.99343362920188,44.54556637079812
2023-12-22,333,47.138,47.919,48.118,46.947,22728114,1194539707.6,0.00324,-0.13886031999851411,-0.41617952873141556,0.27731920873290145,82.45886507269738,72.34733783140135,102.68191955528943,76.28967910469468,62.59722523148978,46.7944,46.455600000000004,46.2827,48.054675062197845,44.51072493780215
2023-12-25,333,47.782,47.828,48.354,47.61,11314960,598032181.63,0.00161,-0.028079624675740433,-0.3385595479202806,0.31047992324454016,82.78881334194094,75.82782966824787,96.71078068932707,73.63665196334645,61.49738695649036,47.0814,46.6055,46.314499999999995,48.17576188094854,44.45323811905145
2023-12-26,333,47.782,47.946,48.336,47.701,16152328,855413702.78,0.0023,0.06844746852215877,-0.2571581446317927,0.3256056131539515,84.24645454178481,78.63403795942685,95.47128770650073,74.99000579532756,62.43113771158816,47.4538,46.769000000000005,46.32675,48.229203471316644,44.42429652868335
2023-12-27,333,47.928,48.672,48.763,47.873,20306883,1081963246.61,0.00289,0.20120861027525194,-0.16548479365038374,0.36669340392563565,88.65199004579166,81.97335532154844,102.00925949427813,81.86375895878565,67.6903030062644,47.9204,47.0332,46.39895,48.540051681500614,44.257848318499384
2023-12-28,333,48.527,49.081,49.181,48.354,24728048,1331261037.56,0.00352,0.3355575548364982,-0.06527632395300734,0.4008338787895055,91.60236706340339,85.18302590216675,104.44104938587668,84.70549480812272,70.24979615558408,48.28920000000001,47.3202,46.507,48.95493816571341,44.05906183428659
2023-12-29,333,49.099,49.608,49.925,48.781,25937253,1410074986.81,0.00369,0.4790325677567253,0.04358545438893923,0.4354471133677861,91.82685419561525,87.39763533331625,100.68529192021325,87.68828957427758,73.23061354934657,48.626999999999995,47.7107,46.69225,49.484304129696696,43.90019587030331
2024-01-01,333,49.608,49.608,49.608,49.608,0,0.0,0.0,0.5859827053123823,0.15206490457362787,0.4339178007387544,91.94218263246778,88.91248443303343,98.00157903133646,87.68828957427758,73.23061354934657,48.983,48.0322,46.8984,49.91495533069698,43.88184466930302
2024-01-02,333,49.608,49.544,49.989,49.217,23905697,1305162003.76,0.0034,0.6579922694336133,0.253250377545625,0.4047418918879883,90.72049969667151,89.51515618757945,93.13118671485566,84.79630018230579,72.1853140158631,49.3026,48.3782,47.14085,50.191017089469476,44.090682910530525
2024-01-03,333,49.571,49.444,49.762,49.126,20689673,1126649739.09,0.00294,0.698934323723094,0.34238716678111886,0.3565471569419752,87.84171818480712,88.95734351998867,85.61046751444403,79.85802878045811,70.47070429118223,49.457,48.6887,47.3801,50.36045059046813,44.399749409531864
2024-01-04,333,49.635,50.171,50.234,49.444,26702502,1467886384.85,0.0038,0.7810406702607366,0.43011786747704245,0.3509228027836942,91.0941739118226,89.66962031726663,93.94328110093448,86.64377314622018,75.1516804367495,49.675,48.9821,47.60850000000001,50.712980056475025,44.50401994352499
2024-01-05,333,50.125,50.488,50.924,49.807,30042877,1669357551.21,0.00428,0.8617560053513671,0.5164454950519074,0.3453105102994597,89.55352622149223,89.63092228534182,89.39873409379305,88.64536215718915,76.89397652488343,49.851,49.239000000000004,47.8473,51.070042611013264,44.62455738898673
2024-01-08,333,50.488,49.944,50.488,49.598,27809739,1531117698.75,0.00396,0.8717779230964382,0.5875119806608136,0.28426594243562464,82.32881208385731,87.19688555151365,72.59266514854465,67.74001833876162,67.97159849869652,49.9182,49.450599999999994,48.02805,51.297408119843716,44.758691880156285
2024-01-09,333,49.68,50.098,50.243,49.135,21607041,1184711711.55,0.00308,0.8819799620921884,0.6464055769470886,0.23557438514509987,77.50584878223431,83.96653996175385,64.58446642319524,70.13277858484392,69.07960846183349,50.029,49.6658,48.2174,51.50663925935188,44.92816074064812
2024-01-10,333,50.098,50.143,50.643,49.798,17820813,984854746.1,0.00254,0.883511702478117,0.6938268020532943,0.18968490042482267,72.8558201712018,80.2629666982365,58.041527117132404,70.88987667858773,69.41687297232764,50.1688,49.8129,48.42305,51.65017448017193,45.19592551982808
2024-01-11,333,50.143,49.944,50.388,49.698,21236920,1168392664.94,0.00302,0.8587686306724791,0.7268151677771313,0.13195346289534782,63.73554492688952,74.7538261077875,41.69898256509353,62.48459795184489,65.94672483781397,50.123400000000004,49.89919999999999,48.6097,51.728115191288964,45.49128480871103
2024-01-12,333,49.853,49.944,50.588,49.562,24361080,1343879865.49,0.00347,0.8295964960022744,0.74737143342216,0.08222506258011442,57.65536143068133,69.05433788208543,34.85740852787313,62.48459795184489,65.94672483781396,50.0146,49.9328,48.82175,51.67329014710033,45.97020985289967
2024-01-15,333,49.798,50.743,50.833,49.635,19124097,1063527118.83,0.00272,0.8610246355512245,0.7701020738479729,0.09092256170325164,68.41466067940866,68.84111214785983,67.5617577425063,77.74261783673303,72.5125369605501,50.174400000000006,50.0463,49.039249999999996,51.77189228213353,46.30660771786646
2024-01-16,333,50.497,51.687,51.714,50.034,33730399,1903147107.0,0.0048,0.9511404185533863,0.8063097427890557,0.14483067576433062,78.59413464965616,72.0921196484586,91.59816465205125,85.88291265722683,77.98378089695714,50.492200000000004,50.2606,49.3194,51.92212055236112,46.71667944763888
2024-01-17,333,51.424,51.188,52.023,51.188,26914126,1530395102.15,0.00383,0.9710984773892264,0.8392674897090898,0.13183098768013657,76.09184230568029,73.42536053419917,81.4248058486425,69.71052320712764,69.95437499533008,50.70120000000001,50.435,49.56185,51.883848891608345,47.239851108391655
2024-01-18,333,51.569,51.215,51.751,50.016,39023100,2175726535.61,0.00555,0.9778223300111648,0.8669784577695049,0.11084387224165992,74.73528175872686,73.86200094237506,76.48184339143046,70.07639239967862,70.1358766861598,50.9554,50.5394,49.76075,51.92004948435986,47.601450515640146
2024-01-19,333,50.852,50.979,51.396,50.724,29937004,1681993909.22,0.00426,0.9531208204698132,0.8842069303095665,0.06891389016024663,71.106993009973,72.9436649649077,67.4336491001036,62.19635161455062,66.31595665385353,51.162400000000005,50.588499999999996,49.91375000000001,51.95393253827264,47.873567461727376
2024-01-22,333,50.743,50.252,51.451,50.016,35980322,2017295148.71,0.00512,0.8649117082027331,0.8803478858881998,-0.015436177685466679,56.75045639917207,67.54592877632915,35.15951164485793,43.933868446725086,56.055968275773786,51.06420000000001,50.6193,50.03495,51.82623938859222,48.24366061140778
2024-01-23,333,50.416,51.197,51.478,49.762,28848518,1612570165.77,0.00411,0.8613300765609608,0.8765443240227521,-0.01521424746179123,59.97910692086212,65.0236548245068,49.89001111357274,61.54608799040455,63.962252553925715,50.9662,50.729200000000006,50.197500000000005,51.766918732491,48.62808126750901
2024-01-24,333,50.988,51.932,52.159,50.87,26463721,1503303922.9,0.00377,0.9073407061685685,0.8827036004519154,0.024637105716653118,70.40578633640844,66.81769866180734,77.58196168561065,70.26431577103976,68.73506289557231,51.115,50.908100000000005,50.3605,51.939944739207256,48.78105526079275
2024-01-25,333,52.032,51.169,52.205,51.07,24963629,1412367267.65,0.00355,0.8721827583549384,0.8805994320325201,-0.008416673677581699,66.8334295420414,66.82294228855203,66.85440404902013,54.790111861413905,59.77049874933469,51.1058,51.03060000000001,50.4649,51.96213477046644,48.96766522953356
2024-01-26,333,51.169,52.223,52.441,51.169,32745737,1874299632.73,0.00466,0.9187777250724096,0.888235090640498,0.03054263443191163,75.17649813192205,69.6074609030087,86.31457258974874,66.88079248178585,66.37853112123008,51.354600000000005,51.258500000000005,50.59565,52.228397671225935,48.962902328774064
2024-01-29,333,52.577,53.294,54.012,52.386,37498736,2204469369.87,0.00534,1.0302492491379809,0.9166379223399946,0.11361132679798625,77.81962620559506,72.34484933720415,88.76917994237687,75.02505781755806,71.55739306481306,51.963,51.5136,50.77995,52.74218121927406,48.81771878072594
2024-01-30,333,53.303,52.867,53.757,52.668,27373299,1604993046.2,0.0039,1.0717810785439141,0.9476665535807786,0.12411452496313558,76.2326919802006,73.64079688486963,81.41648217086254,67.1275115945602,67.06439116774847,52.297000000000004,51.631600000000006,50.9461,53.02685177709735,48.865348222902654
2024-01-31,333,52.586,52.895,53.521,52.141,25544153,1486711039.1,0.00364,1.0943398499754053,0.977001212859704,0.11733863711570136,75.39434367307493,74.22531248093806,77.73240605734867,67.39756353193812,67.21166317184569,52.489599999999996,51.8023,51.11865,53.24674252618374,48.99055747381627
2024-02-01,333,52.877,53.403,53.993,52.668,30340175,1785789270.81,0.00432,1.1400672082197403,1.0096144119317114,0.13045279628802886,78.81975852714797,75.75679449634136,84.94568658876119,72.34398622821006,69.8775349199944,52.936400000000006,52.021100000000004,51.28025,53.588569860622975,48.97193013937703
2024-02-02,333,53.122,52.895,53.467,52.041,28950504,1687829336.99,0.00412,1.1223770506251824,1.0321669396704056,0.09021011095477682,77.11905470437317,76.21088123235197,78.93540164841556,61.20144844008038,64.18456333488928,53.0708,52.2127,51.4006,53.784744679466975,49.01645532053302
2024-02-05,333,52.668,53.984,54.121,52.504,46160268,2724269122.18,0.00657,1.1825984137562173,1.062253234487568,0.1203451792686494,83.34134047860498,78.58770098110297,92.84861947360898,72.21155167155825,69.91629100406632,53.2088,52.5859,51.602599999999995,54.14635953845343,49.05884046154656
2024-02-06,333,53.812,54.438,55.201,53.594,37946385,2279549237.76,0.0054,1.2525200126337452,1.1003065901168034,0.1522134225169418,82.73752562206363,79.97097586142318,88.27062514334452,75.6661386148342,71.95732951846834,53.523,52.910000000000004,51.8196,54.55608936836178,49.08311063163822
2024-02-07,333,53.839,55.492,55.546,53.603,46195919,2791586567.03,0.00664,1.3771079318382675,1.1556668584610963,0.22144107337717123,88.08044317230559,82.67413163171732,98.89306625348215,81.92586506065831,76.06928831552567,54.0424,53.266,52.08705,55.15864211073607,49.01545788926393
2024-02-08,333,55.655,54.747,56.627,54.466,34723180,2112587867.05,0.00499,1.3995958123336791,1.204452649235613,0.19514316309806623,78.38885192443574,81.24570506262346,72.6751456480603,67.25194685647611,68.34209310323145,54.3112,53.623799999999996,52.327200000000005,55.44401183938084,49.21038816061917
2024-02-09,333,54.747,54.747,54.747,54.747,0,0.0,0.0,1.401264712296367,1.243815061847764,0.15744965044860315,71.9277910925225,78.13973373925647,59.503905799054536,67.25194685647611,68.34209310323145,54.6816,53.8762,52.56735,55.65096717024518,49.483732829754814
2024-02-12,333,54.747,54.747,54.747,54.747,0,0.0,0.0,1.3866034263720195,1.272372734752615,0.11423069161940447,67.62041720458033,74.63329489436443,53.59466182501214,67.25194685647611,68.34209310323145,54.834199999999996,54.0215,52.76755000000001,55.872294110143876,49.66280588985614
2024-02-13,333,54.747,54.747,54.747,54.747,0,0.0,0.0,1.3593149154470012,1.2897611708914924,0.06955374455550878,64.7488346126189,71.33847480044925,51.56955423695817,67.25194685647611,68.34209310323146,54.896,54.209500000000006,52.920550000000006,56.10173729738632,49.73936270261369
2024-02-14,333,54.747,54.747,54.747,54.747,0,0.0,0.0,1.3224442597029267,1.2962977886537794,0.026146471049147246,62.83444621797794,68.50379860629214,51.495741441349566,67.25194685647611,68.34209310323146,54.747,54.3947,53.0985,56.26977372716879,49.92722627283121
2024-02-15,333,54.747,54.747,54.747,54.747,0,0.0,0.0,1.2784864039524138,1.2927355117135064,-0.014249107761092672,60.02367560137812,65.67709093798746,48.716844928159446,67.25194685647611,68.34209310323146,54.747,54.52909999999999,53.275099999999995,56.39774630688366,50.15245369311633
2024-02-16,333,54.747,54.747,54.747,54.747,0,0.0,0.0,1.2294768428492802,1.2800837779406613,-0.050606935091381144,52.687505901523195,61.347229259166035,35.36805918623752,67.25194685647611,68.34209310323145,54.747,54.7143,53.463499999999996,56.45476422841748,50.47223577158251
2024-02-19,333,56.028,55.029,56.028,54.311,35695854,2157379733.25,0.00513,1.1995636329496762,1.2639797489424645,-0.06441611599278829,50.84369881971037,57.84605244601414,36.83899156710282,73.65260104044823,70.43254076816723,54.803399999999996,54.818799999999996,53.70235,56.35792861868173,51.04677138131827
2024-02-20,333,54.756,56.028,56.109,54.184,29630917,1807531882.32,0.00426,1.2421494242482822,1.259613684003628,-0.017464259755345823,59.05612122159975,58.249408704542674,60.6695462557139,85.60940718405156,76.44382005317694,55.0596,54.9778,53.9439,56.517548068199496,51.3702519318005
2024-02-21,333,55.392,56.037,56.799,55.101,27797182,1719403865.94,0.00399,1.2620767601745513,1.2601062992378127,0.001970460936738583,62.99088769776504,59.82990170228346,69.31285968872821,85.67966407276855,76.49079393425743,55.31759999999999,55.0323,54.14915,56.70188560384885,51.59641439615115
2024-02-22,333,55.583,55.71,56.109,55.419,19259055,1180530929.52,0.00277,1.2372212340749087,1.255529286205232,-0.018308052130323382,61.445805310301,60.3685362382893,63.600343454324374,70.64259022050152,70.88783908773286,55.5102,55.12859999999999,54.376200000000004,56.59938430705995,52.15301569294006
2024-02-23,333,56.009,54.139,56.391,53.866,43093597,2580957128.97,0.00619,1.0783262066854533,1.2200886703012763,-0.141762463615823,44.06649550519672,54.93452266059177,22.33044119440663,35.11409816674917,51.223014380417354,55.3886,55.0678,54.471999999999994,56.4568662158283,52.48713378417169
2024-02-26,333,54.348,54.756,55.846,54.348,34097731,2070387072.2,0.0049,0.9907665560904704,1.1742242474591151,-0.18345769136864476,39.492449441241504,49.787164920808344,18.903018482107825,47.54695863994926,56.40453462875492,55.334,55.0687,54.545100000000005,56.453510515255196,52.636689484744814
2024-02-27,333,55.02,56.227,56.291,54.575,28014795,1720508594.65,0.00402,1.0282196326204271,1.1450233244913777,-0.11680369187095052,53.16089424051851,50.91174136071173,57.659200000132074,66.11971949504127,65.84192124607591,55.3738,55.2167,54.71310000000001,56.59083288835229,52.835367111647734
2024-02-28,333,56.3,56.137,56.581,55.347,25367364,1568616988.79,0.00364,1.0386661212678732,1.123751883846677,-0.08508576257880374,61.25034726842614,54.35794332994986,75.0351551453787,64.44438339231687,64.90414067492333,55.3938,55.3557,54.87520000000001,56.64895066188181,53.1014493381182
2024-02-29,333,56.3,56.872,57.644,56.073,48920998,3071855395.62,0.00703,1.0936465198233734,1.1177308110420163,-0.024084291218642973,67.3555341415412,58.6904736004803,84.68565522366299,71.51703436356338,68.85604070207324,55.6262,55.568200000000004,55.04865000000001,56.89327511096426,53.20402488903576
2024-03-01,333,57.662,58.543,58.579,57.099,32844906,2102800960.25,0.00472,1.2575582677534811,1.1456963023843094,0.1118619653691717,77.98240786605609,65.12111835567222,103.70498688682383,81.53670697133123,75.65493976973079,56.50699999999999,55.94780000000001,55.331050000000005,57.48998867444167,53.17211132555834
2024-03-04,333,59.024,58.661,59.932,57.662,37384392,2415284580.13,0.00537,1.3810611099465362,1.1927692638967549,0.18829184604978133,78.33732125678604,69.52651932271016,95.95892512493782,82.07115734446184,76.05758890665874,57.288,56.311,55.5649,58.09139679658572,53.03840320341428
2024-03-05,333,58.706,59.06,59.387,57.617,35525326,2288367736.34,0.0051,1.4939130676767576,1.2529980246527554,0.24091504302400213,80.76647881565711,73.2731724870258,95.75309147291972,83.95564236891656,77.4343040831901,57.854600000000005,56.614200000000004,55.79600000000001,58.7050714742174,52.886928525782615
2024-03-06,333,58.933,58.579,59.505,58.389,21923001,1422222516.43,0.00315,1.5269348229619553,1.3077853843145955,0.2191494386473598,79.74276958960061,75.42970485455074,88.36889905970037,72.87483409557403,71.9903874129173,58.343,56.868399999999994,55.95034999999999,59.108430847936816,52.79226915206317
2024-03-07,333,58.525,59.751,60.522,58.298,30634033,2020641414.39,0.0044,1.6288984794052013,1.3720080033327167,0.2568904760724846,82.33256229847686,77.73065733585943,91.53637222371171,80.42789353574642,76.40051959554171,58.9188,57.2725,56.20055,59.728450611740065,52.672649388259934
2024-03-08,333,59.814,60.023,60.377,58.915,26125410,1714883400.95,0.00375,1.711919595086897,1.439990321683553,0.27192927340334405,85.42477977568993,80.29536481580293,95.68360969546396,81.83644852649478,77.30521108634534,59.214800000000004,57.8609,56.46435,60.30938509120942,52.619314908790585
2024-03-11,333,60.014,59.406,60.023,58.625,28027002,1826293591.58,0.00402,1.708236200306601,1.4936394974081628,0.21459670289843813,83.09478072002517,81.22850345054367,86.82733525898817,68.43086370757757,70.60711530165463,59.36379999999999,58.325900000000004,56.6973,60.666765036208844,52.72783496379115
2024-03-12,333,59.342,58.234,59.342,57.253,50739915,3241294650.71,0.00728,1.5923903929965917,1.5133896765258488,0.07900071647074292,71.58742480308564,78.01481056805765,58.73265327314161,49.826242818363276,59.859614051117816,59.1986,58.526599999999995,56.87165,60.78637035836672,52.95692964163329
2024-03-13,333,57.807,58.18,58.416,57.208,32723164,2084900581.88,0.00469,1.4791734169788313,1.5065464246164455,-0.02737300763761419,58.251778186963136,71.42713310769281,31.901068345503802,49.08834774305521,59.405110217367294,59.1188,58.730900000000005,57.0433,60.8657347765597,53.220865223440306
2024-03-14,333,57.989,58.57,58.797,57.753,31531677,2026233407.14,0.00452,1.4047250919850853,1.4861821580901737,-0.0814570661050884,52.533975641037195,65.12941395214094,27.34309901882972,54.87947028247539,61.6965126150152,58.882600000000004,58.90069999999999,57.234449999999995,60.95436338184391,53.51453661815608
2024-03-15,333,58.47,58.134,58.57,57.48,25463904,1624685427.44,0.00365,1.2956077422950116,1.4480672749311414,-0.15245953263612977,44.33667175103548,58.198499885105775,16.613015482894895,47.61371510039033,57.72287384048318,58.5048,58.85979999999999,57.403800000000004,60.951298249693636,53.85630175030637
2024-03-18,333,58.007,56.627,58.016,56.618,42501113,2667915013.67,0.0061,1.075135656443308,1.3734809512335748,-0.2983452947902667,29.634625429652072,48.67720839995454,-8.450540510952862,30.735685045211085,46.443854355216835,57.949,58.656400000000005,57.4837,60.87451099443783,54.09288900556217
2024-03-19,333,56.482,56.845,57.317,56.454,29794618,1867932283.73,0.00427,0.9075391714433252,1.280292595275525,-0.3727534238321999,22.960284537499923,40.104900445803,-11.328947279106217,34.75072494185335,48.045900516332125,57.6712,58.43489999999999,57.52455,60.8607658503311,54.1883341496689
2024-03-20,333,56.482,56.191,56.754,55.755,37790890,2337851554.39,0.00542,0.7137181171391447,1.166977699648249,-0.45325958250910436,18.451238299772772,32.88701306379292,-10.420311228267522,28.7509492891825,43.7617006949164,57.273399999999995,58.1961,57.53225,60.854692403762066,54.20980759623793
2024-03-21,333,56.218,54.983,56.336,54.602,39189153,2377326996.2,0.00562,0.45736580260294346,1.0250553202391879,-0.5676895176362444,14.6435667248439,26.805864284143244,-9.681028393754787,20.793562395367772,37.09635905816573,56.556,57.7193,57.49589999999999,60.916737564413964,54.07506243558602
2024-03-22,333,54.992,56.863,56.89,54.938,43156777,2671677604.67,0.00619,0.4012793361987761,0.9003001234311054,-0.49902078723232934,25.662518463538703,26.424749010608394,24.13805736939932,47.78334941137121,50.02045082791913,56.3018,57.4033,57.6321,60.68758314036474,54.576616859635266
2024-03-25,333,56.473,57.117,57.807,56.1,26903326,1694247611.48,0.00386,0.3730260723641834,0.794845313217721,-0.4218192408535376,37.09245370751607,29.980650576244287,51.31605997005964,50.51705433376448,51.489460917089566,56.399800000000006,57.17439999999999,57.75015,60.505453118294746,54.99484688170525
2024-03-26,333,56.581,56.954,57.435,56.581,25353749,1591428438.39,0.00364,0.33363646597111085,0.7026035437683991,-0.3689670777972882,43.41721784712437,34.45950633320432,61.33264087496448,48.55933474577304,50.45134080379742,56.4216,57.046400000000006,57.786500000000004,60.47558104044966,55.097418959550346
2024-03-27,333,56.781,57.816,58.915,56.763,34842794,2227887825.25,0.005,0.36773707103667874,0.635630249222055,-0.2678931781853763,53.784444018030385,40.90115222814634,79.55102759779847,58.713072445044965,55.61410686114656,56.7466,57.00999999999999,57.87044999999999,60.445106357243674,55.29579364275631
2024-03-28,333,58.325,58.643,59.378,57.371,45185411,2915943394.08,0.00648,0.4562348434266781,0.5997511680629797,-0.1435163246363016,64.05981359995995,48.62070601875087,94.9380287623781,66.35810450276803,59.978561992493844,57.47859999999999,57.0173,57.95899999999999,60.51078665994931,55.40721334005067
2024-03-29,333,58.643,58.316,59.687,57.807,25468858,1638381689.95,0.00365,0.4942859774253563,0.5786581299354551,-0.08437215251009877,67.05265842750529,54.76469015500234,91.6285949725112,60.99876491508914,57.53810354619073,57.7692,57.0355,57.947649999999996,60.49050328963983,55.40479671036016
2024-04-01,333,58.57,60.132,60.186,58.207,32771225,2146737286.06,0.0047,0.6633313276815898,0.5955927694846821,0.06773855819690766,77.71275604813627,62.41404545271365,108.31017723898151,74.64535560686733,65.93533529529911,58.3722,57.386,58.0212,60.73057216265873,55.31182783734127
2024-04-02,333,59.932,60.159,60.413,59.705,22653632,1497277780.33,0.00325,0.7903687807007884,0.6345479717279034,0.15582080897288497,83.68483053928985,69.50430714823904,112.04587732139146,74.80265597424295,66.0442500105394,59.0132,57.7174,58.07615,60.91568319180618,55.236616808193816
2024-04-03,333,60.114,60.595,60.749,59.914,20626495,1370613982.65,0.00296,0.9156731238844742,0.6907730021592177,0.22490012172525653,88.23983826809075,75.7494841881896,113.22054642789305,77.50678671680015,67.8547973941034,59.568999999999996,58.157799999999995,58.17695,61.226972983520064,55.12692701647993
2024-04-04,333,60.595,60.595,60.595,60.595,0,0.0,0.0,1.0034110209784401,0.7533006059230622,0.2501104150553779,91.05571206830913,80.85156014822944,111.4640159084685,77.50678671680015,67.8547973941034,59.959399999999995,58.71900000000001,58.21915,61.38213515063832,55.05616484936168
2024-04-05,333,60.595,60.595,60.595,60.595,0,0.0,0.0,1.0607166552146907,0.814783815781388,0.24593283943330269,92.80553549275628,84.83621859640505,108.74416928545872,77.50678671680015,67.8547973941034,60.41519999999999,59.092200000000005,58.247749999999996,61.48879225438939,55.006707745610605
2024-04-08,333,60.586,59.315,60.704,58.724,32434492,2125546168.65,0.00465,0.9914180306964795,0.8501106587644065,0.141307371932073,83.21171842684836,84.29471853988615,81.0457182007728,50.1847975401702,56.39391674852096,60.25179999999999,59.312,58.2432,61.47764459398822,55.00875540601179
2024-04-09,333,59.024,59.06,59.569,58.861,19478279,1270147986.31,0.0028,0.9054841450403686,0.8611853560195989,0.04429878902076967,72.1411456178989,80.24352756589039,55.93638172191592,46.28431879386235,54.39712776309529,60.032,59.5226,58.2845,61.53947885836786,55.029521141632145
2024-04-10,333,58.906,59.179,60.114,58.625,18081970,1184377719.41,0.00259,0.8373309965059192,0.856414484116863,-0.019083487610943806,63.63907781732575,74.7087109830355,41.499811485906235,48.52475305381426,55.20460196389148,59.748799999999996,59.6589,58.334450000000004,61.613250324573265,55.05564967542674
2024-04-11,333,58.979,59.088,59.887,58.67,19004769,1239842457.97,0.00273,0.7671331622238853,0.8385582197382674,-0.0714250575143821,53.97863514598532,67.79868570401877,26.338534029918435,46.735968479194945,54.40102672430134,59.447399999999995,59.7034,58.360350000000004,61.65512936486779,55.06557063513222
2024-04-12,333,59.015,58.924,59.569,58.643,21734388,1414407755.38,0.00312,0.6903099796698768,0.8089085717245893,-0.11859859205471246,40.67816103266565,58.758510813567725,4.517461470861491,43.285185170295456,52.88748229780045,59.11319999999999,59.764199999999995,58.39985,61.70213707190393,55.097562928096075
2024-04-15,333,58.924,60.695,60.84,58.761,31783741,2102897320.7,0.00456,0.7635304494105242,0.7998329472617763,-0.03630249785125217,58.27001555676576,58.5956790613004,57.61868854769648,71.01659035227635,64.51720123697058,59.3892,59.8205,58.60324999999999,61.94663340292405,55.25986659707593
2024-04-16,333,60.641,62.03,62.448,60.45,39191380,2659237097.09,0.00562,0.9186914391000869,0.8236046456294385,0.09508679347064841,68.53540316915434,61.90892043058504,81.78836864629292,79.90476241869348,70.50460318286895,59.9832,60.007600000000004,58.8625,62.428523024396654,55.29647697560334
2024-04-17,333,61.748,62.275,62.475,60.822,24549649,1664966380.0,0.00352,1.0493310584967546,0.8687499282029019,0.1805811302938527,77.2920003811678,67.03661374744595,97.80277364861149,81.17603902946745,71.46847420278856,60.6024,60.175599999999996,59.166700000000006,62.81032347699459,55.52307652300542
2024-04-18,333,62.275,63.564,64.772,62.093,39542136,2777734456.54,0.00567,1.2425520587819392,0.9435103543187093,0.29904170446322986,78.3107126883616,70.79464672775117,93.34284460958247,86.54860994777137,75.97466455511442,61.4976,60.472500000000004,59.59575000000001,63.1855655868191,56.00593441318092
2024-04-19,333,63.047,63.564,64.091,63.047,28812335,2017233099.5,0.00413,1.3797758959423376,1.030763462643435,0.34901243329890264,78.98985422649082,73.52638256066439,89.91679755814368,86.54860994777137,75.97466455511442,62.425599999999996,60.7694,59.9308,63.69338872810238,56.16821127189762
2024-04-22,333,63.746,63.546,64.645,63.11,28943754,2032072605.39,0.00415,1.470127610003118,1.1186362921153716,0.35149131788774635,79.34500666235441,75.4659239278944,87.10317213127442,86.05472256457143,75.77577515705018,62.995799999999996,61.19250000000001,60.252250000000004,64.10019407854116,56.40430592145884
2024-04-23,333,63.41,62.102,63.564,61.376,38217940,2605557574.87,0.00548,1.4089715157771963,1.1767033368477366,0.2322681789294596,71.70887538299557,74.21357441292811,66.69947732313048,55.54271090139289,61.65140555764836,63.0102,61.4967,60.50965,64.10934959419146,56.909950405808544
2024-04-24,333,62.057,61.658,62.33,60.613,30783047,2079963045.53,0.00442,1.3095817380699728,1.2032790170921839,0.10630272097778892,64.20337164544296,70.87684015709972,50.85643462212943,49.11695019791278,58.023570972270136,62.886799999999994,61.744600000000005,60.701750000000004,64.1006549552375,57.30284504476251
2024-04-25,333,60.958,61.966,62.257,60.958,22033298,1500859467.9,0.00316,1.2413580462700793,1.210894822927763,0.030463223342316326,60.57521953759856,67.442966617266,46.839725378263665,53.58675353143753,59.81312588062486,62.5672,62.03240000000001,60.867900000000006,64.16646095577278,57.569339044227235
2024-04-26,333,61.975,62.084,62.339,61.222,24225747,1650078937.5,0.00348,1.1831730108568195,1.2053504605135743,-0.022177449656754833,52.98567003570892,62.62386775674696,33.70927459363284,55.388424095144295,60.51664107517143,62.2712,62.348400000000005,61.0563,64.16618949541386,57.94641050458614
2024-04-29,333,62.021,61.93,62.547,61.049,33226398,2264197665.48,0.00477,1.1118180912497806,1.1866439866608156,-0.07482589541103501,45.87920200024257,57.04231250457883,23.552980991570053,52.21416940941537,59.04500742019228,61.948,62.471900000000005,61.1462,64.2475270911526,58.044872908847395
2024-04-30,333,60.695,63.365,64.609,60.659,57131843,3988190597.55,0.0082,1.1577158825405505,1.1808583658367626,-0.023142483296212157,52.64271878159955,55.57578126358574,46.77659381762717,70.87683718402747,67.16239244141755,62.20060000000001,62.60540000000001,61.30650000000001,64.5222893031271,58.09071069687292
2024-05-01,333,63.365,63.365,63.365,63.365,0,0.0,0.0,1.1804823471411225,1.1807831620976346,-0.00030081495651201884,57.84646860572249,56.33267704429799,60.8740517285715,70.87683718402747,67.16239244141755,62.541999999999994,62.7144,61.44500000000001,64.76855941091718,58.12144058908284
2024-05-02,333,63.365,63.365,63.365,63.365,0,0.0,0.0,1.1848665305502166,1.181599835788151,0.0032666947620656472,61.315635155137784,57.993663081244584,67.95957930292418,70.87683718402747,67.16239244141755,62.821799999999996,62.69449999999999,61.5835,64.98780003625467,58.17919996374533
2024-05-03,333,63.365,63.365,63.365,63.365,0,0.0,0.0,1.1747986795966625,1.1802396045498533,-0.005440924953190818,63.83337972638152,59.940235296290226,71.61966858656413,70.87683718402747,67.16239244141755,63.077999999999996,62.6746,61.722,65.181903984065,58.26209601593501
2024-05-06,333,64.019,64.482,64.89,63.247,46179914,3263609833.49,0.00663,1.2426281561476102,1.1927173148694048,0.04991084127820544,72.7091208931079,64.19653049522944,89.7343016888648,82.13716809595519,73.05094271681752,63.5884,62.7682,61.98035,65.45510104901533,58.50559895098468
2024-05-07,333,64.3,64.563,65.68,64.127,30431457,2176139138.45,0.00437,1.2880714422641901,1.211788140348362,0.07628330191582822,74.39055911893973,67.5945400364662,87.9825972838868,82.71860747507515,73.42789231906225,63.827999999999996,63.014300000000006,62.255500000000005,65.62653722910348,58.88446277089653
2024-05-08,333,64.019,64.246,64.781,63.919,17661960,1252248295.46,0.00253,1.2837085303354243,1.2261722183457744,0.057536311989649924,73.40702347954536,69.53203451749258,81.15700140365092,71.75043747206686,69.29005491055611,64.0042,63.2731,62.508849999999995,65.66085856764825,59.356841432351736
2024-05-09,333,64.473,65.244,65.689,64.127,28571831,2046734809.61,0.0041,1.3452736730654848,1.2499925092897166,0.09528116377576823,79.32237615667506,72.7954817305534,92.37616500891838,81.17872074078836,74.26987924974694,64.38,63.6009,62.81665,65.75732713469672,59.87597286530328
2024-05-10,333,65.562,65.272,65.68,64.781,22487905,1616063316.04,0.00323,1.3804113356253183,1.276076274556837,0.10433506106848123,83.45149795468205,76.34748713859628,97.6595195868536,81.38785541741231,74.39694916872008,64.7614,63.9197,63.13405,65.64454078657454,60.62355921342547
2024-05-13,333,65.272,66.025,66.28,64.2,27167410,1965130432.85,0.0039,1.4522780360852963,1.311316626862529,0.14096140922276734,86.1651595332566,79.62004460348305,99.25538939280369,86.30037072285418,77.6370304611796,65.07000000000001,64.32919999999999,63.400549999999996,65.95213819272726,60.84896180727274
2024-05-14,333,65.998,64.327,66.189,63.746,39923610,2827063811.33,0.00573,1.3565806870316024,1.3203694388963438,0.036211248135258556,69.31287589061812,76.18432169919474,55.56998427346488,50.34383946280587,59.20562578143909,65.0228,64.4254,63.5154,66.01346041813116,61.01733958186884
2024-05-15,333,64.934,66.128,66.451,64.564,30189455,2090761785.82,0.00433,1.4098140382056883,1.3382583587582129,0.07155567944747543,76.18153440564726,76.18339260134557,76.17781801425062,67.55137560747892,67.99680993369566,65.39920000000001,64.7017,63.70805,66.39079246758247,61.02530753241752
2024-05-16,333,66.128,65.73,66.166,65.218,24600403,1703048548.24,0.00353,1.4037055351289283,1.3513477940323562,0.0523577410965721,76.61998257088935,76.3289225911935,77.20210253028102,61.86613146465479,64.63867996171724,65.49640000000001,64.93820000000001,63.81635,66.64549205146552,60.987207948534476
2024-05-17,333,65.199,64.488,65.882,63.057,41848256,2828611122.66,0.006,1.2838461035430981,1.3378474559345046,-0.054001352391406465,65.13420169821224,72.59734896019975,50.20790717423722,47.04067076981764,55.33534478909563,65.3396,65.0505,63.86255,66.70448992121432,61.02061007878568
2024-05-20,333,63.522,63.104,64.346,62.763,42643037,2846862348.52,0.00612,1.064903858243163,1.2832587363962364,-0.21835487815307353,46.50486910032661,63.89985567357537,11.7148959538291,35.62491209502876,47.09534457798566,64.7554,64.9127,63.84045,66.69957695360738,60.98132304639261
2024-05-21,333,62.82,63.085,63.796,62.754,24358794,1626841822.28,0.0035,0.8797165850509785,1.202550306127185,-0.32283372107620645,33.98764783408306,53.92911972707793,-5.895295951906675,35.48305500887216,46.99054942472696,64.50699999999999,64.7649,63.889599999999994,66.65516132305561,61.12403867694438
2024-05-22,333,62.886,62.005,63.076,61.91,26105215,1715205331.79,0.00375,0.6384477347146458,1.089729791844677,-0.45128205713003133,23.35578195912376,43.73800713775987,-17.408668398148464,27.903999476502023,41.29288161732199,63.68240000000001,64.5408,63.90695000000001,66.61736744502909,61.19653255497093
2024-05-23,333,61.995,62.318,62.744,61.616,24096149,1582459055.38,0.00346,0.46711233647719297,0.9652063007711803,-0.49809396429398733,20.41023175075675,35.96208200875883,-10.693468765247403,32.889260870440594,43.460331204467906,63.0,64.2482,63.924549999999996,66.58602972099456,61.263070279005426
2024-05-24,333,61.995,63.152,63.493,61.711,25926968,1724580966.82,0.00372,0.39408189812616,0.8509814202421763,-0.45689952211601625,24.196273080304593,32.04014569927408,8.508527842365623,45.04054413346905,48.9399432126075,62.7328,64.03620000000001,63.97795000000001,66.52430677617673,61.43159322382328
2024-05-27,333,63.038,64.071,64.725,62.128,30546219,2062139516.42,0.00438,0.4056838977300359,0.7619219157397482,-0.35623801800971233,33.05604692771772,32.37877944208862,34.410581898975934,55.65712510135515,54.26784529037709,62.926199999999994,63.8408,64.08500000000001,66.44180631363764,61.728193686362374
2024-05-28,333,64.081,63.54,64.251,63.038,19173667,1284865352.19,0.00275,0.3677916307788962,0.6830958587475778,-0.3153042279686816,36.13260271371658,33.630053865964605,41.13770040922053,49.08305816442608,50.918802526695046,63.0172,63.76210000000001,64.09375,66.44057942891538,61.74692057108462
2024-05-29,333,63.133,62.422,63.702,62.09,24132098,1590410760.91,0.00346,0.24472741444077428,0.5954221698862172,-0.35069475544544293,30.386260849619433,32.548789527182876,26.061203494492545,37.801863562914946,44.5972718396606,63.1006,63.39149999999999,64.0466,66.49094250335062,61.602257496649365
2024-05-30,333,62.289,61.787,62.744,61.749,19358623,1269509292.14,0.00278,0.09486539406827177,0.4953108147226281,-0.40044542065435634,22.09089417421825,29.062824409527998,8.147033703598751,32.682133694771565,41.41169858943754,62.9944,62.9972,63.9677,66.59937180004653,61.33602819995348
2024-05-31,333,61.796,61.389,62.156,61.19,26129419,1696172930.47,0.00375,-0.05537824461750773,0.38517300285460093,-0.44055124747210866,16.60373614443409,24.90979498783003,-0.008381542357788874,29.660745727479053,39.483326037057154,62.6418,62.68730000000001,63.8689,66.73387086602291,61.00392913397709
2024-06-03,333,61.502,61.635,62.848,60.924,35755629,2337233616.39,0.00513,-0.15283547441842416,0.2775713073999959,-0.43040678181842007,17.304358692448297,22.37464955603612,7.163776965272653,34.174360217022794,41.325612074748484,62.1546,62.5404,63.726549999999996,66.742208187737,60.71089181226298
2024-06-04,333,61.607,61.313,61.607,60.099,30621198,1969401516.25,0.00439,-0.2531357487705037,0.17142989616589596,-0.4245656449363997,20.283897292299486,21.677732134790574,17.49622760731731,31.045230267150757,39.604018663925174,61.709199999999996,62.36319999999999,63.564049999999995,66.73612794919853,60.39197205080146
2024-06-05,333,61.19,60.592,61.806,60.479,28331925,1825603149.54,0.00407,-0.3863495164392674,0.059874013644863264,-0.4462235300841307,17.074983264761137,20.143482511447427,10.937984771388557,24.915363069087718,35.94612305053053,61.3432,62.22189999999999,63.38135,66.79942309675187,59.96327690324813
2024-06-06,333,60.479,62.337,62.593,60.479,43603719,2848032776.87,0.00626,-0.3471141547388541,-0.02152362003188023,-0.32559053470697386,27.50956515099948,22.59884339129811,37.33100867040223,52.28033388383775,48.50395470526949,61.4532,62.2238,63.23599999999999,66.5666860997006,59.90531390029938
2024-06-07,333,61.806,61.768,62.043,60.393,40064590,2591739293.28,0.00575,-0.3578087955178688,-0.08878065512907797,-0.26902814038879086,31.738875161681097,25.645520648092436,43.92558418885842,45.755291830518324,45.34186619177213,61.528999999999996,62.08540000000001,63.06079999999999,66.30814091057215,59.81345908942783
2024-06-10,333,61.768,61.768,61.768,61.768,0,0.0,0.0,-0.3621101944698708,-0.14344656299723657,-0.21866363147263423,36.60008644787439,29.297042581353082,51.206174180917,45.755291830518324,45.34186619177213,61.555600000000005,61.85510000000001,62.847950000000004,65.82394366687248,59.871956333127535
2024-06-11,333,61.142,61.616,63.038,60.839,33689664,2188026771.58,0.00483,-0.37347898060641427,-0.18945304651907213,-0.18402593408734214,41.605456293592596,33.39984715209958,58.01667457657862,43.65918045317829,44.421213692286706,61.616200000000006,61.662699999999994,62.7124,65.65147227754498,59.77332772245502
2024-06-12,333,61.464,61.768,62.318,61.171,25707199,1675974671.31,0.00369,-0.3660046223873792,-0.2247633616927336,-0.1412412606946456,46.66631190810226,37.82200207076714,64.35493158277248,46.595043786498,45.62563683017945,61.8514,61.597300000000004,62.4944,64.97829680267067,60.01050319732932
2024-06-13,333,61.91,60.592,62.043,60.346,27485047,1763239543.63,0.00394,-0.4497896166899906,-0.269768612692185,-0.18002100399780563,36.70234562729106,37.448783256275114,35.20947036932294,31.402703169231245,38.57088240589034,61.5024,61.4778,62.2375,64.34694477603934,60.128055223960665
2024-06-14,333,60.204,62.194,62.337,60.194,37924447,2468107111.36,0.00543,-0.3825124513522624,-0.29231738042420047,-0.09019507092806195,48.22914682967193,41.04223778074072,62.602964927534344,55.252696800439324,50.0487900228849,61.587599999999995,61.558299999999996,62.122800000000005,63.94721726529225,60.29838273470776
2024-06-17,333,62.337,61.171,62.337,60.839,25335808,1639603938.51,0.00363,-0.4070501428813742,-0.31526393291563526,-0.09178620996573894,43.60377252310992,41.896082694863786,47.01915217960219,43.62886011056347,44.284546356464695,61.4682,61.511900000000004,62.02615000000001,63.83645457164174,60.21584542835828
2024-06-18,333,60.953,61.464,61.796,60.355,21867469,1409611739.3,0.00313,-0.3982628625365834,-0.3318637188398249,-0.06639914369675848,43.95431998493308,42.582161791553546,46.698636371692146,47.42994593728248,46.219859424711665,61.4378,61.527,61.945100000000004,63.700103661715055,60.19009633828495
2024-06-19,333,61.398,60.668,61.692,59.531,34699957,2206055297.91,0.00497,-0.45033820856233575,-0.3555586167843271,-0.09477959177800865,40.10983750349973,41.75805369553561,36.81340511942798,38.88257469284839,41.90582180069074,61.2178,61.5346,61.878249999999994,63.723197453253015,60.033302546746974
2024-06-20,333,60.573,61.114,61.379,60.232,28085788,1806800937.96,0.00402,-0.4504275741544532,-0.3745324082583524,-0.07589516589610085,41.78598994863103,41.76736577990074,41.823238286091595,45.48765143665404,45.041288565185766,61.322199999999995,61.4123,61.81804999999999,63.68106481475634,59.955035185243645
2024-06-21,333,61.133,60.621,61.379,60.194,24153669,1544527731.0,0.00346,-0.4846921474912449,-0.39656435610493096,-0.08812779138631394,38.217558549538865,40.584096703113445,33.4844822423897,39.78444113749985,42.28897822021765,61.007600000000004,61.2976,61.6915,63.51645121780556,59.866548782194435
2024-06-24,333,60.393,61.502,62.138,60.299,30799053,1993977958.31,0.00441,-0.4357348514161714,-0.40439845516717904,-0.03133639624899237,48.89248498218248,43.35355946280312,59.970336020941204,52.54380495591241,48.43203006928847,61.073800000000006,61.271,61.56305,63.00406754618832,60.12203245381168
2024-06-25,333,61.474,61.891,62.365,61.161,25309206,1652171355.94,0.00363,-0.36138101715317816,-0.39579496756437893,0.03441395041120077,60.353164535286986,49.0200944869644,83.01930463193214,57.33403937346113,50.94711263712601,61.1592,61.298500000000004,61.4806,62.597624694634185,60.36357530536582
2024-06-26,333,61.626,60.905,61.986,60.583,23831407,1531598024.31,0.00341,-0.3776635570650484,-0.3921686854645129,0.014505128399464495,56.39634634039128,51.478845104773356,66.23134881162713,43.86609326670578,44.89280077873398,61.2066,61.212199999999996,61.40475,62.4567457724557,60.3527542275443
2024-06-27,333,60.716,60.763,61.123,60.166,27409461,1750926675.09,0.00393,-0.3974443099069447,-0.3932238103529993,-0.004220499553945378,52.08827229561721,51.6819875017213,52.90084188340903,42.15478448744192,44.07001197993166,61.1364,61.2293,61.35355,62.42667636721007,60.280423632789926
2024-06-28,333,60.194,61.142,61.417,60.175,25195612,1624767678.92,0.00361,-0.3781791526188911,-0.3902148788061777,0.0120357261872866,53.67399757369543,52.34599085904601,56.33001100299427,48.579683132015845,46.903472807044906,61.24060000000001,61.1241,61.3412,62.418286440357264,60.26411355964274
2024-07-01,333,60.943,60.754,61.976,60.289,19528313,1255074545.11,0.0028,-0.3897272014374309,-0.3901173433324284,0.00039014189499753105,50.16751567251299,51.619832463535,47.26288209046898,42.746883513431236,44.391836921855216,61.090999999999994,61.08239999999999,61.29715,62.39549560278601,60.19880439721399
2024-07-02,333,60.384,59.72,60.858,59.531,29181345,1843585721.5,0.00418,-0.4768178128885694,-0.4074574372436567,-0.06936037564491271,35.6680167997887,46.30256057561956,14.39892924812699,30.887241852577787,38.41192096505742,60.6568,60.908,61.217499999999994,62.522590680455565,59.91240931954442
2024-07-03,333,59.768,59.749,60.365,59.474,18120842,1145370115.46,0.0026,-0.5373039863857443,-0.4334267470720743,-0.10387723931366999,26.949437695881333,39.85151961570682,1.1452738562303608,31.526605110311493,38.664715898351645,60.42560000000001,60.816100000000006,61.17535,62.613199457752565,59.73750054224744
2024-07-04,333,59.91,61.237,61.806,59.91,27753098,1794060145.67,0.00398,-0.45986946150306096,-0.4387152899582716,-0.02115417154478938,38.29374481235859,39.332261347924074,36.21671174122761,56.375464007950015,50.12398563670774,60.52040000000001,60.8284,61.12035000000001,62.451283392299665,59.78941660770035
2024-07-05,333,61.142,60.668,61.758,59.72,26479582,1686503681.35,0.00379,-0.43935102221886524,-0.4388424364103903,-0.0005085858084749595,39.29602588551336,39.32018286045383,39.24771193563241,48.327762512809706,46.4999152919564,60.42560000000001,60.8331,61.06535,62.37432650254385,59.75637349745615
2024-07-08,333,60.289,60.886,61.351,59.881,19443576,1247645531.39,0.00279,-0.40087815927861925,-0.4312495809840361,0.030371421705416846,44.9340809512765,41.19148222406139,52.419278405706734,51.51018428242473,48.069224834133934,60.452,60.77149999999999,61.021249999999995,62.28934394886943,59.75315605113056
2024-07-09,333,60.488,60.763,61.303,60.308,21664464,1392889371.6,0.0031,-0.3759791565843784,-0.4201954961041046,0.0442163395197262,47.128982291525126,43.17064891321597,55.045649048143446,49.44822064893354,47.216738724266634,60.6606,60.658699999999996,60.97860000000001,62.21955725360085,59.73764274639917
2024-07-10,333,61.18,60.488,61.673,60.488,15846909,1016718370.02,0.00227,-0.374124050124955,-0.4109812069082747,0.036857156783319744,44.92851417356673,43.756603999999555,47.272334520701094,44.65261339652016,45.25905807847407,60.808400000000006,60.617000000000004,60.91459999999999,62.11552041894246,59.71367958105753
2024-07-11,333,60.526,60.573,61.095,59.265,27182655,1727208383.05,0.00389,-0.3616264704188552,-0.4011102596103908,0.03948378919153561,46.034969119522785,44.51605903984063,49.072789278887115,46.57441992343278,46.013808465354316,60.675599999999996,60.598,60.91365,62.11567448087921,59.71162551912079
2024-07-12,333,60.469,61.616,61.806,60.327,24574092,1588658353.04,0.00352,-0.26451154078679906,-0.3737905158456725,0.10927897505887346,61.53085570843697,50.18765792937274,84.21725126656541,64.64879789572699,54.425231790694795,60.8652,60.64540000000001,60.88475,61.980232950455274,59.78926704954472
2024-07-15,333,61.408,61.559,61.768,61.009,17045913,1104204268.83,0.00244,-0.18995697721994986,-0.337023808120528,0.14706683090057815,71.11370965633958,57.16300850502835,99.01511195896204,63.24560853648309,53.924332193026935,60.99980000000001,60.7259,60.904149999999994,62.03417473657195,59.77412526342804
2024-07-16,333,61.265,60.924,61.578,60.431,20406778,1313240364.46,0.00292,-0.18003580089584403,-0.30562620667559126,0.12559040577974723,69.1722251703421,61.1660807267996,85.18451405742711,49.021563897139664,48.499626064506906,61.032,60.8463,60.87714999999999,61.97623311548226,59.77806688451773
2024-07-17,333,60.706,59.559,61.028,58.45,46462849,2909157024.47,0.00665,-0.2790999983525069,-0.3003209650109744,0.02122096665846751,57.12991411832894,59.82069185730938,51.74835864036807,31.02355491610102,39.24216511896453,60.846199999999996,60.827299999999994,60.82170000000001,62.06734117499522,59.57605882500479
2024-07-18,333,58.782,60.573,61.104,58.782,34532462,2193053870.99,0.00495,-0.27264488241852547,-0.2947857484924846,0.022140866073959153,59.17322045711401,59.60486805724425,58.30992525685353,48.03185963471524,47.38144983223206,60.846199999999996,60.76090000000001,60.794650000000004,62.037057048308064,59.552242951691944
2024-07-19,333,60.062,60.289,60.46,59.616,21796963,1381064607.73,0.00312,-0.2871356618728811,-0.2932557311685639,0.006120069295682817,57.71460624832632,58.974780787604935,55.194257169769074,44.35588035640845,45.51833647715136,60.580799999999996,60.723,60.77804999999999,62.038960193388405,59.51713980661158
2024-07-22,333,60.147,60.317,61.275,60.024,19930345,1273643438.97,0.00285,-0.2929830171505401,-0.2932011883649592,0.00021817121441908283,57.02030563555485,58.3232890702549,54.41433876615474,44.85518918099619,45.747780472191685,60.33240000000001,60.66610000000001,60.7188,61.94742792106576,59.49017207893424
2024-07-23,333,60.317,59.133,60.469,59.133,18537845,1165932039.58,0.00265,-0.3886755830558215,-0.31229606730313164,-0.07637951575268986,44.79740677650419,53.81466163900466,26.76289705150323,30.821349005517604,38.30602126327357,59.974199999999996,60.503099999999996,60.5809,61.87303261499667,59.28876738500333
2024-07-24,333,58.782,56.952,59.455,56.535,45547336,2757887293.78,0.00652,-0.6332019457103115,-0.37647724298456764,-0.2567247027257439,32.502008615563604,46.7104439645243,4.085137917642214,18.220336608834216,28.869083254321836,59.4528,60.14949999999999,60.38325,62.446114423945545,58.32038557605445
2024-07-25,333,56.421,56.308,56.962,55.834,30109151,1787253321.67,0.00431,-0.8689396720554541,-0.474969728798745,-0.3939699432567091,24.330627920992498,39.25050528334703,-5.509126803716569,15.914825938816037,26.746567717001838,58.5998,59.723,60.1605,62.90139101916668,57.41960898083332
2024-07-26,333,59.559,59.569,59.711,58.204,57740171,3598947643.17,0.00827,-0.7835952733565676,-0.5366948377103097,-0.24690043564625797,37.895209700345966,38.79874008901334,36.08814892301122,52.46409445073005,47.904443362017,58.455799999999996,59.518299999999996,60.081849999999996,62.79428182984939,57.3694181701506
2024-07-29,333,59.057,59.607,59.919,58.924,20712828,1297587354.92,0.00297,-0.7047688040243187,-0.5703096309731115,-0.13445917305120725,48.37809667090392,41.99185894964353,61.150572113424715,52.75128050637537,48.09502210190929,58.3138,59.3231,60.0245,62.72557296419329,57.323427035806716
2024-07-30,333,59.256,57.881,59.502,57.445,22575846,1381015833.58,0.00323,-0.7726652305699915,-0.6107807508924875,-0.16188447967750397,44.792651349186805,42.92545641615796,48.52704121524451,39.68376809740795,40.714765503511536,58.0634,59.0188,59.932550000000006,62.79750349277971,57.0675965072203
2024-07-31,333,57.568,60.441,60.536,57.568,40174739,2530147580.33,0.00575,-0.6128386105636849,-0.6111923228267271,-0.0016462877369578521,58.085746001461196,47.9788862779257,78.29946544853219,58.13989737403725,52.506838269449936,58.761199999999995,59.10699999999999,59.967150000000004,62.839474954128,57.09482504587201
2024-08-01,333,60.479,60.27,61.303,60.109,24406833,1561027258.87,0.00349,-0.49427543408507546,-0.5878089450783968,0.0935335109933213,65.76107086999347,53.90628114194829,89.47065032608383,56.74804017551906,51.75667689534409,59.5536,59.076699999999995,59.9188,62.733091916179774,57.10450808382022
2024-08-02,333,60.005,59.711,60.934,59.313,20261524,1280021474.21,0.0029,-0.4403438806151101,-0.5583159321857395,0.1179720515706294,67.47087177277922,58.42781135222526,85.55699261388713,51.87627705330257,49.247522000197044,59.581999999999994,59.018899999999995,59.87095000000001,62.66407023032554,57.07782976967447
2024-08-05,333,59.284,58.441,60.953,58.355,35476754,2214817314.94,0.00508,-0.4943821919350455,-0.5455291841356007,0.051146992200555186,60.87014051628325,59.24192107357793,64.1265794016939,42.03742260334127,43.964920460171264,59.348800000000004,58.8313,59.74870000000001,62.568657155329824,56.92874284467019
2024-08-06,333,58.403,56.801,59.019,56.421,38493182,2316733894.54,0.00551,-0.6619121259670706,-0.5688057725018947,-0.09310635346517593,46.47391948358055,54.9859205435788,29.449917363584063,32.48896907435574,38.19351267194142,59.132799999999996,58.59810000000001,59.550599999999996,62.61647364727473,56.48472635272526
2024-08-07,333,56.801,57.54,58.185,56.156,25298592,1535238304.11,0.00362,-0.7266730472062051,-0.6003792274427568,-0.12629381976344822,39.94576304410195,49.97253471041984,19.89221971146617,39.873830211320985,41.940140878082595,58.552600000000005,58.65690000000001,59.40319999999999,62.56138966131597,56.24501033868401
2024-08-08,333,57.275,57.786,58.279,57.076,14231910,867672449.72,0.00204,-0.7495065547616022,-0.6302046929065259,-0.1193018618550763,37.18681981581412,45.71062974555126,20.139199956339837,42.39109626445844,43.19070274878895,58.0558,58.80469999999999,59.263850000000005,62.450526359634544,56.077173640365466
2024-08-09,333,57.682,57.35,58.488,57.189,13802375,839905714.13,0.00198,-0.7936352965242435,-0.6628908136300695,-0.13074448289417395,32.523873012369066,41.31504416782386,14.941530701459484,38.92510106200859,41.46391310998278,57.583600000000004,58.5828,59.05055,62.14404330556572,55.957056694434286
2024-08-12,333,57.35,58.185,58.905,57.17,16949235,1042597208.29,0.00243,-0.7525551335573653,-0.6808236776155288,-0.0717314559418365,34.82292265975828,39.15100366513533,26.166760649004175,48.585969959755424,45.97645062017181,57.532399999999996,58.4406,58.88185000000001,61.75985151969547,56.00384848030455
2024-08-13,333,58.185,58.166,58.877,57.749,9835074,602892300.35,0.00141,-0.7133093633291026,-0.6873208147582436,-0.02598854857085897,36.23257339936219,38.178193576544274,32.34133304499801,48.37702065928255,45.88863778678437,57.8054,58.469100000000005,58.743950000000005,61.47025372289564,56.01764627710437
2024-08-14,333,58.166,57.73,58.289,57.445,11227780,685993302.42,0.00161,-0.7092129978986534,-0.6916992513863256,-0.017513746512327844,35.0924403581044,37.149609170397646,30.9781027335179,43.25458693978854,43.794691807293496,57.843399999999995,58.198,58.65250000000001,61.38638110471867,55.91861889528135
2024-08-15,333,57.54,57.824,58.156,57.151,19163262,1166672167.23,0.00274,-0.6904228198787976,-0.6914439650848201,0.001021145206022478,34.98553768297223,36.4282520079225,32.10010903307169,44.76763756432847,44.39149542761392,57.851,57.9534,58.515049999999995,61.115545699710225,55.914554300289765
2024-08-16,333,57.644,58.526,58.678,57.512,18066988,1112521867.42,0.00259,-0.6118331041096354,-0.6755217928897832,0.06368868878014777,50.91712525005233,41.257876421965776,70.23562290622544,55.42014515049243,48.81901579718496,58.0862,57.834900000000005,58.4269,60.890105348620885,55.96369465137912
2024-08-19,333,58.478,59.114,59.862,58.46,17275349,1075574307.68,0.00247,-0.4963815250413859,-0.6396937393201038,0.14331221427871788,60.55025475385747,47.688669199263,86.27342586304641,62.65894092111713,52.29003655126133,58.272000000000006,57.90219999999999,58.36675,60.69041886625458,56.043081133745424
2024-08-20,333,60.175,59.739,60.185,58.545,25780974,1623775566.71,0.00369,-0.3504136893036929,-0.5818377293168217,0.23142404001312877,68.91835360346148,54.76523066732916,97.22459947572614,69.06586512227477,55.7683815870819,58.5866,58.19599999999999,58.39705,60.77788996455934,56.01621003544066
2024-08-21,333,59.445,59.872,60.384,59.085,21187130,1337959064.9,0.00303,-0.22144841983052288,-0.5097598674195619,0.28831144758903904,74.00000767089203,61.17682300185012,99.64637700897585,70.36433105286673,56.50453401448591,59.015,58.4292,58.54305000000001,60.90885387806652,56.17724612193349
2024-08-22,333,59.844,60.754,61.133,59.455,24978743,1597113182.76,0.00358,-0.04752465121386962,-0.4173128241784234,0.3697881729645538,79.49406170190721,67.28256923520249,103.91704663531667,77.78492359702577,61.178761162163646,59.601,58.726,58.76535,61.08189863740751,56.448801362592484
2024-08-23,333,60.668,62.052,62.526,60.554,29047135,1895805009.03,0.00416,0.19282616067911107,-0.29528502720691646,0.48811118788602753,83.38983958421719,72.65165935154072,104.86620004957012,84.59631495979256,66.89100224153007,60.306200000000004,59.1962,58.8895,61.617072238418345,56.16192776158165
2024-08-26,333,62.507,62.867,63.18,61.521,33958151,2241141518.03,0.00486,0.4439519972257031,-0.1474376223203925,0.5913896195460956,87.1960350365727,77.4997845798847,106.58853594994866,87.48706950742702,69.92245624060979,61.056799999999996,59.6644,59.05250000000001,62.30058150662592,55.8044184933741
2024-08-27,333,62.564,62.555,63.019,62.081,24113793,1590912374.36,0.00345,0.6107548378564971,0.004200869714985457,0.6065539681415116,88.00850281810104,81.00269065929015,102.02012713572282,80.54331557441304,67.34725945310852,61.61999999999999,60.103300000000004,59.286199999999994,62.83778790876493,55.73461209123506
2024-08-28,333,62.545,61.55,62.706,61.209,26542959,1726057217.45,0.0038,0.6543097148423769,0.13422263874046378,0.5200870761019131,82.41968877593466,81.47502336483831,84.30901959812735,61.63440945186945,59.63007107318996,61.955600000000004,60.485299999999995,59.341649999999994,63.002112224192174,55.681187775807814
2024-08-29,333,61.066,60.621,61.91,60.621,23285563,1500197087.68,0.00333,0.6068691231379404,0.22875193561995913,0.3781171875179813,70.2077586189847,77.71926844955377,55.18473895784655,48.90005001741458,53.45342234752915,61.928999999999995,60.76500000000001,59.3592,63.0417024443485,55.6766975556515
2024-08-30,333,60.175,61.379,62.384,60.081,33386334,2160911497.6,0.00478,0.6232519174078348,0.3076519319775343,0.3155999854303005,67.18633026954245,74.20828905621666,53.14241269619404,57.498050305924274,57.382723543884616,61.794399999999996,61.05029999999999,59.44259999999999,63.232632156508636,55.65256784349135
2024-09-02,333,61.142,61.834,63.057,61.085,26075882,1706301995.39,0.00373,0.6652811503268907,0.3791777756474056,0.2861033746794851,67.16776922324402,71.86144911189244,57.780409445947186,62.09242508592561,59.615148202547076,61.5878,61.3223,59.612249999999996,63.51557117022106,55.708928829778934
2024-09-03,333,61.626,62.536,63.019,61.616,24237888,1599193263.61,0.00347,0.7466284849463563,0.4526679175071958,0.29396056743916044,72.34898261415375,72.02396027931287,72.99902728383552,68.41392565228048,62.88726194516312,61.584,61.602,59.899,63.775278138953354,56.02272186104665
2024-09-04,333,62.431,62.071,63.228,61.957,27499633,1814975103.89,0.00394,0.7647595478539486,0.5150862435765464,0.2496733042774022,69.31093068250009,71.11961708037528,65.69355788674969,60.406792637276844,59.4089677915897,61.68820000000001,61.82189999999999,60.12555,63.95060542993911,56.300494570060884
2024-09-05,333,61.569,60.28,61.995,60.175,43212322,2763225151.25,0.00619,0.6273777931763931,0.5375445534965158,0.08983323967987733,48.315114682306465,63.518116281019005,17.90911148488138,39.20103022083452,48.20594090368789,61.620000000000005,61.7745,60.250249999999994,63.913347387960854,56.587152612039134
2024-09-06,333,60.289,59.739,61.19,59.625,23320164,1480652836.88,0.00334,0.4694362156577583,0.5239228859287642,-0.054486670271005955,33.26475311321122,53.43366189174974,-7.0730644438658175,34.7758696055255,45.385660609619116,61.29200000000001,61.5432,60.3697,63.78179619781732,56.95760380218268
2024-09-09,333,58.156,57.91,58.962,57.521,54840638,3359451099.87,0.00785,0.19443998010148533,0.45802630476330847,-0.26358632466182313,24.448565623164093,43.77196313555452,-14.198229401616757,23.85238752010872,37.33070880601852,60.5072,61.0475,60.35594999999999,63.807107881974865,56.90479211802512
2024-09-10,333,57.331,57.587,58.431,57.331,40111034,2451075854.19,0.00574,-0.04899513299932323,0.3566220172107821,-0.40561715021010536,17.746107227381003,35.09667783283002,-16.955033983517026,22.363721613215006,36.096505177795564,59.517399999999995,60.55069999999999,60.327,63.864149372618016,56.78985062738198
2024-09-11,333,57.369,58.45,58.848,56.592,41921762,2572399327.67,0.006,-0.17031899502418213,0.25123381476378925,-0.4215528097879714,21.16366963641757,30.4523417673592,2.5863253745343115,35.3086864430005,41.71328024154748,58.7932,60.240700000000004,60.363,63.80215754678096,56.92384245321904
2024-09-12,333,58.583,59.123,59.578,58.45,27616861,1719561913.22,0.00395,-0.20974573598355306,0.15903790461432077,-0.36878364059787383,26.82259510822452,29.242426214314307,21.982932896044943,44.040344380388625,45.768434615356455,58.561800000000005,60.09090000000001,60.42795000000001,63.71072100376488,57.14517899623514
2024-09-13,333,58.82,60.204,60.46,58.384,32148994,2037679478.15,0.0046,-0.1520117497154274,0.09682797374837113,-0.24883972346379854,36.02518998776149,31.503347472130034,45.06887501902441,55.59325811145648,51.66136547637709,58.6548,59.973400000000005,60.51185,63.673486370116535,57.35021362988347
2024-09-16,333,60.204,60.204,60.204,60.204,0,0.0,0.0,-0.10504624195874612,0.05645313060694768,-0.1614993725656938,42.16025324078614,35.0556493950154,56.36946093232761,55.59325811145648,51.66136547637711,59.1136,59.810399999999994,60.56635,63.66344944268767,57.46925055731233
2024-09-17,333,60.204,60.204,60.204,60.204,0,0.0,0.0,-0.06705279580226886,0.031751945325104364,-0.09880474112737322,50.390751836629974,40.16735020888692,70.83755509211606,55.593258111456485,51.66136547637711,59.637,59.577200000000005,60.5896,63.66746996750085,57.511730032499145
2024-09-18,333,60.308,61.853,62.289,60.099,29502596,1915513518.34,0.0039,0.0950224431613762,0.044406044892358734,0.05061639826901747,64.3761176307157,48.23693934949651,96.65447419315407,71.24280387360842,60.22162428313224,60.317600000000006,59.5554,60.688649999999996,63.796639993549135,57.580660006450856
2024-09-19,333,59.057,61.882,62.308,59.057,47611503,3085181571.34,0.0063,0.22323498145868825,0.08017183220562465,0.1430631492530636,73.76649036356086,56.74678968751795,107.80589171564667,71.45509896664763,60.35631338420545,60.8694,59.71560000000001,60.745050000000006,63.89863786313747,57.59146213686254
2024-09-20,333,61.531,62.621,62.848,61.389,39801250,2608979308.88,0.00526,0.3800939789114679,0.14015626154679334,0.23993771736467456,81.30148803436028,64.9316891364654,114.04108583015005,76.71223201985447,63.766877172029325,61.3528,60.0038,60.7735,63.98644044697238,57.560559553027616
2024-09-23,333,63.0,64.081,64.356,62.754,39162141,2643088027.57,0.00518,0.615124885988017,0.2351499864350381,0.37997489955297886,86.35366246769479,72.07234691354185,114.91629357600067,83.78996351430717,69.43427634871223,62.12819999999999,60.620900000000006,60.83420000000001,64.25295043962305,57.41544956037698
2024-09-24,333,64.081,64.498,64.697,62.754,50090152,3378454556.7,0.00662,0.8255208971051005,0.35322416856905064,0.4722967285360498,89.85169978969927,77.99879787226098,113.55750362457582,85.31921828483547,70.85470134571754,62.987,61.312,60.931349999999995,64.65300284588243,57.20969715411756
2024-09-25,333,64.659,66.46,67.778,64.659,62766129,4428074584.01,0.0083,1.1374662517170009,0.5100725851986407,0.6273936665183601,88.55772250545982,81.51843941666058,102.6362886830583,90.42129392379726,76.46774770457873,63.90840000000001,62.113,61.17685,65.64353751749539,56.71016248250462
2024-09-26,333,66.356,69.731,69.844,66.157,50134212,3592524657.67,0.00663,1.6298397773905222,0.7340260236370171,0.8958137537535051,92.02262925536263,85.01983602956126,106.02821570696537,94.34978340686267,82.5721592389202,65.47819999999999,63.17379999999999,61.632349999999995,67.49900098672161,55.76569901327838
2024-09-27,333,70.859,69.2,72.423,67.446,85744787,6253333702.45,0.01134,1.9546698641445346,0.9781547917385207,0.9765150724060139,86.64394546496968,85.56120584136406,88.80942471218094,87.36948860971171,78.94547225804396,66.79400000000001,64.0734,62.0234,68.79221873858292,55.25458126141708
2024-09-30,333,69.351,72.1,72.897,68.28,125166492,9344041944.34,0.01636,2.4182299621524237,1.2661698258213017,1.152060136331122,89.17640680323602,86.7662728286547,93.99667475239863,91.49381101306287,83.31229117447681,68.39779999999999,65.263,62.536699999999996,70.66543740697661,54.407962593023385
2024-10-01,333,72.1,72.1,72.1,72.1,0,0.0,0.0,2.753859896920403,1.5637078400411222,1.190152056879281,90.86471436208025,88.1324200064632,96.32930307331435,91.49381101306287,83.31229117447681,69.9182,66.45259999999999,63.0149,72.200082206599,53.82971779340099
2024-10-02,333,72.1,72.1,72.1,72.1,0,0.0,0.0,2.985434804252364,1.848053232883371,1.137381571368993,91.60127058734902,89.28870353342515,96.22640469519678,91.49381101306287,83.3122911744768,71.04619999999998,67.4773,63.51635,73.54121404212844,53.49148595787156
2024-10-03,333,72.1,72.1,72.1,72.1,0,0.0,0.0,3.132846087156281,2.1050118037379533,1.0278342834183278,91.78163512225052,90.11968072970026,95.10554390735103,91.49381101306287,83.3122911744768,71.52000000000001,68.4991,64.10735000000001,74.70610351707887,53.50859648292115
2024-10-04,333,72.1,72.1,72.1,72.1,0,0.0,0.0,3.21263730781142,2.3265369045526465,0.8861004032587734,91.90187814551818,90.7137465349729,94.27814136660874,91.49381101306287,83.3122911744768,72.1,69.44699999999999,64.72540000000001,75.6870051725054,53.76379482749462
2024-10-07,333,72.1,72.1,72.1,72.1,0,0.0,0.0,3.238540545557626,2.508937632753643,0.7296029128039834,91.37635932368522,90.93461746454366,92.25984304196834,91.49381101306287,83.3122911744768,72.1,70.24889999999999,65.4349,76.37600535934156,54.493794640658436
2024-10-08,333,79.314,76.015,79.314,74.631,135239267,11050056032.18,0.01768,3.534236352389456,2.7139973766808057,0.8202389757086506,85.89287120274261,89.25403537727664,79.17054285367453,96.32767307863602,88.66276263345473,72.883,71.4006,66.3563,77.61387203139769,55.09872796860232
2024-10-09,333,74.319,71.105,75.191,70.167,89550113,6896386875.18,0.01171,3.3339497468885924,2.8379878507223633,0.4959618961662291,67.5388493109847,82.015640021846,38.58526788926213,51.92182619883878,61.6284699807062,72.684,71.8651,66.98904999999999,77.78880174129878,56.18929825870119
2024-10-10,333,71.996,74.224,75.248,71.92,67303399,5259062088.47,0.0088,3.387845429223944,2.9479593664226798,0.4398860628012642,62.98251847606825,75.6712661732534,37.60502308169794,64.42348452517676,68.32198389220747,73.1088,72.3144,67.74409999999999,78.33786457912373,57.15033542087624
2024-10-11,333,73.939,72.773,74.157,71.949,38060178,2930030641.54,0.00498,3.2757141782989407,3.013510328797932,0.2622038495010086,51.485084107765466,67.60920548475742,19.236841353781557,56.25709242181606,62.76542259493096,73.2434,72.67169999999999,68.37255,78.5666661249234,58.17843387507661
2024-10-14,333,73.02,74.887,75.162,72.612,46282832,3620244781.88,0.00605,3.3191701591605636,3.0746422948704586,0.24452786429010498,51.52392874412236,62.24744657121239,30.076893089942274,64.19264353894448,67.02752013166614,73.80080000000001,72.9504,69.1067,78.93205219350014,59.281347806499866
2024-10-15,333,74.887,72.044,74.887,72.044,37583316,2905639305.57,0.00491,3.088599544061722,3.0774337447087117,0.011165799353010541,41.18941556229635,55.228102901573706,13.112040883741628,49.65521906629061,57.389841931893685,73.0066,72.9448,69.6987,78.65371889504029,60.74368110495972
2024-10-16,333,70.811,71.323,71.57,69.892,34282949,2559503194.01,0.00448,2.8152396656331433,3.0249949288935984,-0.20975526326045513,32.5222297762652,47.65947852647086,2.2477322758538776,46.45365806937195,55.19420893657157,73.05019999999999,72.8671,70.1722,78.34806980017882,61.996330199821195
2024-10-17,333,71.323,69.276,71.598,69.105,39437630,2920853670.08,0.00516,2.4056928701049713,2.9011345171358736,-0.4954416470309022,22.23981740202377,39.18625815165517,-11.653064097239024,38.087229853562384,49.346903681623196,72.0606,72.5847,70.5419,77.75088883047387,63.332911169526135
2024-10-18,333,69.276,71.105,72.233,68.868,42785106,3180240269.81,0.00559,2.203310704148663,2.761569754538432,-0.5582590503897689,21.964843485962138,33.445786596424156,-0.9970427349618944,48.107934014981,54.08794172200586,71.727,72.4852,70.96610000000001,77.13619309492185,64.79600690507817
2024-10-21,333,71.427,70.223,72.025,69.465,34322896,2547898012.75,0.00449,1.9492812498620964,2.599112053603165,-0.6498308037410685,21.722643828676965,29.538072340508425,6.091786805014046,43.98801659813184,51.54967746168537,70.7942,72.2975,71.2732,76.54665126578732,65.99974873421269
2024-10-22,333,70.479,72.517,72.954,70.28,40405973,3073890030.71,0.00528,1.9110384437987022,2.4614973316422724,-0.5504588878435701,33.546548341375,30.874231007463948,38.89118300919711,55.80165956274069,57.24289827241119,70.88879999999999,71.9477,71.67415,75.8924710566343,67.45582894336569
2024-10-23,333,72.612,72.404,73.731,72.044,26831280,2053544727.99,0.00351,1.8502836704578698,2.339254599405392,-0.48897092894752214,41.09119534589704,34.27988578694164,54.71381446380785,55.114535250195985,56.883709415050745,71.10499999999999,72.07759999999999,71.97135,75.40803654834583,68.53466345165417
2024-10-24,333,72.148,71.702,72.48,71.38,17108673,1296926991.93,0.00224,1.7255979230203877,2.216523264128391,-0.49092534110800345,42.403133514148486,36.98763502934392,53.23413048375761,50.48057398425738,54.56337953621613,71.5902,71.82539999999999,72.06989999999999,75.34534316969427,68.7944568303057
2024-10-25,333,71.494,71.352,71.911,70.878,21057289,1583775153.44,0.00275,1.5803244978426392,2.089283510871241,-0.5089590130286017,42.02519362260176,38.666821227096534,48.74193841361222,48.06284348616793,53.37910443239391,71.6396,71.6833,72.1775,75.18653925915899,69.168460740841
2024-10-28,333,71.56,70.972,71.645,70.157,28059096,2091524793.84,0.00367,1.4181835009330968,1.9550635088836121,-0.5368800079505154,42.43862041081806,39.924087621670374,47.467685989113434,45.23990088592442,52.04126709290543,71.7894,71.2918,72.1211,75.17815781499348,69.06404218500651
2024-10-29,333,70.726,70.214,71.57,69.958,29727177,2214621305.67,0.00389,1.214521084540337,1.8069550240149574,-0.5924339394746205,37.518542882693595,39.122239375344776,34.31114989739123,39.66353952507017,49.34978517571262,71.3288,71.1088,72.0268,75.20071828900262,68.85288171099737
2024-10-30,333,69.863,68.963,70.479,68.366,40413734,2939634795.63,0.00528,0.9413209453774556,1.633828208287457,-0.6925072629100013,28.721588389642854,35.65535571344413,14.854053742040307,31.880867269548304,45.14600857142604,70.64059999999999,70.87280000000001,71.86994999999999,75.32613654924181,68.41376345075817
2024-10-31,333,69.171,67.702,69.854,67.399,50046867,3595551676.88,0.00654,0.6159553554877135,1.4302536377275084,-0.8142982822397948,20.74279823996825,30.6845032222855,0.8593882753337425,25.765587314322673,41.279368520508996,69.8406,70.7154,71.65005,75.57276616290791,67.72733383709208
2024-11-01,333,67.721,68.489,69.2,66.716,41651482,3009423819.46,0.00544,0.4168004875628384,1.2275630076945745,-0.8107625201317361,22.253336151425778,27.87411419866559,11.011780056946158,35.09032348758669,44.51485308563435,69.268,70.45379999999999,71.4695,75.63020340713051,67.30879659286948
2024-11-04,333,68.384,69.048,69.55,67.967,23231578,1680407655.69,0.00303,0.3006102008688458,1.0421724463294288,-0.741562245460583,25.91657430289876,27.221600900076645,23.30652110854298,41.36780902722983,46.786777162590646,68.8832,70.3363,71.3169,75.60224338856257,67.03155661143744
2024-11-05,333,68.726,69.323,69.655,67.503,41696728,3027068197.26,0.00545,0.2280894896314436,0.8793558549898317,-0.6512663653583881,32.35405207979507,28.932417959982786,39.19732031941963,44.534470039801995,47.93098748646356,68.705,70.01689999999999,70.9823,74.73502948244649,67.2295705175535
2024-11-06,333,69.332,67.465,69.332,67.275,52593143,3768679119.04,0.00687,0.02045543393683147,0.7075757707792316,-0.6871203368424001,26.375271165163397,28.080035695042987,22.965742105404217,30.972213435481038,41.373856231470434,68.40540000000001,69.523,70.8003,74.86783545450882,66.73276454549116
2024-11-07,333,66.688,68.347,68.347,66.252,54774602,3895318880.85,0.00715,-0.0720949565240403,0.5516416253185773,-0.6237365818426176,30.532398466373213,28.89748995215306,33.802215494813524,41.17666028968423,45.25244441593546,68.5344,69.1875,70.50645,74.37693249270266,66.63596750729734
2024-11-08,333,68.877,68.802,69.92,67.399,59337382,4283549293.36,0.00775,-0.107488054958921,0.4198156892630776,-0.5273037442219985,36.338384736639505,31.37778821364854,46.25957778262143,46.1085093301741,47.21762577237683,68.59700000000001,68.93249999999999,70.30789999999999,74.09534390404897,66.520456095951
2024-11-11,333,67.522,67.873,68.1,67.133,44207913,3153791633.71,0.00577,-0.20810101749383136,0.2942323479116958,-0.5023333654055271,37.00849338092825,33.25468993607511,44.516100270634524,38.25094674428889,43.72195626748343,68.362,68.6226,69.9572,73.2222701676996,66.6921298323004
2024-11-12,333,68.166,68.621,70.991,68.053,57547722,4231304808.85,0.00752,-0.22488779990730734,0.19040831834789512,-0.41529611825520246,41.33547867091775,35.94828618102265,52.10986365070795,46.98080213758916,47.15815770689984,68.2216,68.4633,69.78605,72.9477648894401,66.62433511055991
2024-11-13,333,68.707,69.579,70.432,68.688,45841657,3373337470.71,0.00599,-0.15905536105852036,0.12051558246661202,-0.2795709435251324,50.95854729147907,40.951706551174794,70.97222877208762,56.44457233679853,51.31168298296931,68.64439999999999,68.5249,69.69885,72.77718422315958,66.6205157768404
2024-11-14,333,69.655,69.806,70.991,68.565,40843466,3020822981.14,0.00534,-0.08755638063786364,0.07890118984571688,-0.1664575704835805,58.970606402802176,46.95800650171725,82.99580620497204,58.548417356196715,52.28124790322753,68.9362,68.73530000000001,69.72534999999999,72.79747618127675,66.65322381872323
2024-11-15,333,69.342,68.489,70.252,68.11,34282515,2496870646.85,0.00448,-0.13560069648335116,0.036000812579903264,-0.17160150906325441,55.0484214310867,49.654811478173734,65.83564133691264,43.814188833993406,46.42939220465858,68.8736,68.73530000000001,69.59455,72.64200833527958,66.54709166472041
2024-11-18,333,68.413,67.351,69.181,67.143,31938599,2292938836.9,0.00417,-0.2624775741801386,-0.023694864772105133,-0.23878270940803348,44.429129796992335,47.912917584446596,37.46155422208382,34.747088941697356,41.9981741549107,68.7692,68.5656,69.45095,72.64104681258831,66.2608531874117
2024-11-19,333,67.351,67.598,68.015,67.019,22665163,1614053712.02,0.00296,-0.3391876342083293,-0.08679341865934999,-0.25239421554897934,39.08695872658743,44.97093129849354,27.319013582775227,38.08434867096002,43.279943929529814,68.5646,68.3931,69.20500000000001,72.14876565142815,66.26123434857188
2024-11-20,333,67.664,67.711,67.92,67.057,22637119,1610809493.06,0.00296,-0.38640847743032225,-0.14671643041354449,-0.23969204701677777,31.86529037630161,40.602384324429565,14.391102480045703,39.775286331472955,43.898688535871365,68.191,68.4177,68.97035000000001,71.56830727650171,66.37239272349831
2024-11-21,333,67.655,67.152,67.674,66.877,21652845,1534662636.12,0.00283,-0.4635939417503607,-0.21009193268090776,-0.25350200906945297,23.471690910404323,34.89215318642115,0.6307663583706784,34.22643128356083,41.45803881864095,67.6602,68.2982,68.74285,71.1212140795174,66.36448592048261
2024-11-22,333,67.143,66.726,69.029,66.564,38845820,2781161792.35,0.00507,-0.5527666680210501,-0.27862687974893624,-0.2741397882721139,16.867581606860963,28.883962659901087,-7.165180499219289,30.353989622080178,39.62646030567781,67.30760000000001,68.0906,68.51155,70.71484661858666,66.30825338141334
2024-11-25,333,66.46,66.726,68.612,66.46,38586774,2737579008.59,0.00504,-0.6163320043525289,-0.3461679046696548,-0.2701640996828741,13.201943980090821,23.656623099964328,-7.70741425965619,30.353989622080178,39.62646030567781,67.18260000000001,67.9759,68.29925,70.31455458714039,66.28394541285961
2024-11-26,333,66.46,66.925,67.493,65.74,27418796,1932586725.12,0.00358,-0.6432355356167534,-0.40558143085907455,-0.23765410475767884,16.32367267688148,21.212306292270043,6.546405446104352,35.27970931484205,41.07371981449696,67.048,67.8063,68.13480000000001,70.02512546348413,66.2444745365159
2024-11-27,333,66.659,67.607,67.778,66.109,26482499,1875798199.28,0.00346,-0.6025789229535121,-0.44498092927796207,-0.15759799367555005,24.675297151017944,22.36663657851934,29.29261829601515,49.86270882151887,45.92048950613725,67.02720000000001,67.6091,68.06700000000001,69.92931548008659,66.20468451991343
2024-11-28,333,68.252,66.536,68.252,66.128,32328951,2275593420.15,0.00422,-0.6492943526566108,-0.4858436139536918,-0.16345073870291904,24.16113484387349,22.964802666970723,26.55379919767902,35.00089314081255,40.24905750694949,66.90400000000001,67.2821,68.0087,69.98842875335077,66.02897124664923
2024-11-29,333,66.053,66.479,67.086,65.929,27750141,1951115163.8,0.00362,-0.6830424032484359,-0.5252833718126407,-0.15775903143579517,23.597035066686956,23.175546800209467,24.440011599641934,34.3470817578813,39.9624993283983,66.85459999999999,67.08109999999999,67.9082,69.98686795404161,65.82953204595837
2024-12-02,333,66.498,66.432,66.858,65.626,35790565,2500096040.21,0.00467,-0.7054485123645406,-0.5613163999230207,-0.1441321124415199,23.62635132372136,23.32581497471343,24.227424021737207,33.723758164928284,39.70819788016669,66.79580000000001,66.9892,67.7774,69.88312836754801,65.67167163245199
2024-12-03,333,66.356,66.214,66.356,65.787,31317422,2181594388.43,0.00409,-0.7323541703630383,-0.5955239540110243,-0.13683021635201398,21.510524743779712,22.720718231068858,19.09013776920142,30.629843176196204,38.46951509999498,66.65360000000001,66.8508,67.62195,69.70617561411379,65.53772438588621
2024-12-04,333,66.242,67.768,68.242,65.977,53195506,3779094533.98,0.00695,-0.621122373406152,-0.6006436378900499,-0.02047873551610202,35.32183675248945,26.92109107154239,52.12332811438359,61.13238649525297,50.48184964065876,66.6858,66.8565,67.6371,69.72092693492971,65.5532730650703
2024-12-05,333,67.873,67.986,69.086,67.702,36764463,2647263413.02,0.0048,-0.5095063231019736,-0.5824161749324347,0.07290985183046106,46.283921996842714,33.37536804664249,72.10102989724317,63.81109550182454,51.91836523933776,66.9758,66.93990000000001,67.61905,69.68314643542605,65.55495356457395
2024-12-06,333,68.043,69.058,69.323,67.787,45677846,3318584661.91,0.00597,-0.33073584126135813,-0.5320801081982194,0.20134426693686125,61.79995665356201,42.85023091561567,99.6994081294547,74.27360959653245,58.39330850396755,67.4916,67.1731,67.63185,69.72973246873681,65.53396753126319
2024-12-09,333,68.261,69.323,70.034,67.598,41321923,3017126124.02,0.0054,-0.16576482738325637,-0.45881705203522677,0.2930522246519704,69.15671641392933,51.619059415053556,104.23203041168088,76.30567333413029,59.85134175248166,68.0698,67.43280000000001,67.70435,69.93343933730479,65.47526066269522
2024-12-10,333,72.527,69.996,72.669,69.949,55513289,4164810150.88,0.00725,0.019061634514201842,-0.36324131472534105,0.3823029492395429,66.78695193367449,56.67502358792719,87.01080862516908,80.90273287914869,63.40431454785078,68.8262,67.7399,67.7731,70.19748783591838,65.34871216408162
2024-12-11,333,69.863,71.19,71.408,69.768,33543390,2512587262.97,0.00438,0.2588993282000871,-0.2388131861402554,0.49771251434034247,70.85810994073258,61.402719038862315,89.76889174447311,86.48510644508481,68.75573403486061,69.5106,68.09819999999999,67.85365,70.61439103514972,65.09290896485028
2024-12-12,333,71.285,71.626,71.807,70.498,28639814,2153602253.55,0.00374,0.4786365602537046,-0.09532323686146336,0.573959797115168,75.63572987955699,66.14705598576055,94.61307766714987,88.01965428415194,70.47558619680417,70.2386,68.6072,67.94465,71.07199515120068,64.81730484879931
2024-12-13,333,71.285,70.148,71.314,69.513,37063334,2744782532.14,0.00484,0.5274376786973818,0.0292289462503057,0.4982087324470761,71.54655555856931,67.9468891766968,78.74588832231433,60.20956063262564,58.55582851788396,70.4566,68.97409999999999,68.02759999999999,71.30036438118273,64.75483561881725
2024-12-16,333,70.242,69.408,70.574,68.868,28047059,2054964896.14,0.00366,0.5006301483760751,0.12350918667545963,0.3771209617006155,64.78776148614722,66.89384661318027,60.57559123208111,50.603564004067316,53.6039355137945,70.4736,69.2717,68.13045,71.44273466072676,64.81816533927324
2024-12-17,333,69.389,69.835,70.792,69.02,27887305,2058385954.76,0.00364,0.507984588741138,0.20040426708859535,0.3075803216525427,57.89637001199662,63.894687746119054,45.89973454375176,55.51764331366837,55.94893243095684,70.4414,69.6338,68.2423,71.62912028177672,64.85547971822328
2024-12-18,333,69.825,70.242,70.697,69.749,22578549,1675256402.93,0.00295,0.5404248529731319,0.2684083842655027,0.27201646870762924,55.97745248548415,61.255609325907415,45.42113880463762,60.06207729364466,58.14845163351073,70.2518,69.8812,68.36885,71.85963011338461,64.87806988661538
2024-12-19,333,70.015,70.565,71.314,69.427,25355278,1893593091.94,0.00331,0.5854487083916524,0.33181644909073266,0.25363225930091976,56.82135825332152,59.77752563504545,50.90902348987365,63.6032267180645,59.882655583007875,70.0396,70.13910000000001,68.5395,72.11253541897707,64.96646458102293
2024-12-20,333,70.555,70.148,70.897,69.825,20939651,1552494957.15,0.00274,0.5807870713732086,0.3816105735472279,0.19917649782598074,49.10602169970624,56.22035765659904,34.87734978592063,55.92160079331273,56.58064379645501,70.0396,70.2481,68.7106,72.24551608774095,65.17568391225905
2024-12-23,333,70.148,70.726,71.333,70.1,22602881,1689849270.18,0.00295,0.6166243976821448,0.4286133383742113,0.18801105930793355,53.81027509933914,55.41699680417907,50.596831689659254,63.29506383989224,59.92229243805478,70.30319999999999,70.3884,68.9106,72.42530447361418,65.39589552638583
2024-12-24,333,70.527,72.281,72.404,70.527,34414101,2606513925.53,0.0045,0.7617206003722572,0.4952347907738205,0.2664858095984367,68.04734780378274,59.62711380404696,84.88781580325431,76.16631356479976,67.30686119403549,70.7924,70.6169,69.1784,72.86793292722182,65.48886707277818
2024-12-25,333,72.328,71.607,72.612,71.133,22733866,1719267175.72,0.00297,0.8129530030454646,0.5587784332281495,0.2541745698173151,69.75058229653897,63.00160330154429,83.24854028652831,64.41711455208498,61.912743939817865,71.0654,70.6586,69.3784,73.14218596628466,65.61461403371534
2024-12-26,333,71.342,72.025,72.271,70.764,24214292,1829497500.46,0.00316,0.8771726575267991,0.6224572780878794,0.25471537943891964,74.60758192988646,66.87026284432501,90.08222010100937,68.08138101434274,63.87165217583406,71.35740000000001,70.6985,69.65284999999999,73.34374065131999,65.96195934867998
2024-12-27,333,72.025,71.494,72.091,70.906,19842117,1493951285.98,0.00259,0.8751319576756771,0.6729922140054391,0.20213974367023801,72.69681408540319,68.81244659135106,80.46554907350745,58.84402389944815,59.62205150356578,71.6266,70.8331,69.90360000000001,73.3606050560993,66.44659494390072
2024-12-30,333,71.096,71.399,72.214,71.02,22182724,1676164968.7,0.0029,0.8559817574199542,0.7095901226883422,0.14639163473161199,69.10295193343993,68.90928170538068,69.49029238955842,57.1784567862446,58.85775597818386,71.7612,71.0322,70.15195,73.2543212136638,67.0495787863362
2024-12-31,333,71.19,71.304,72.091,70.802,30766003,2324365540.7,0.00402,0.8236449138302078,0.7324010809167154,0.09124383291349236,65.71279998074438,67.84378779716857,61.450824347896,55.300146646861826,58.04601886777979,71.5658,71.17909999999999,70.40644999999999,72.92967779704703,67.88322220295295
2025-01-01,333,71.304,71.304,71.304,71.304,0,0.0,0.0,0.7889235131393235,0.7437055673612372,0.045217945778086355,61.497804938723775,65.72846017768697,53.03649446079737,55.300146646861826,58.04601886777979,71.5052,71.2853,70.58325,72.80565911246316,68.36084088753685
