date,symbol,open,close,high,low,volume,amount,turnover,macd,macds,macdh,kdjk,kdjd,kdjj,rsi_6,rsi_12,close_5_sma,close_10_sma,boll,boll_ub,boll_lb
2022-06-01,921,10.929,10.982,11.194,10.779,23875167,297835384.11,0.01752,0.0,0.0,0.0,49.63855421686738,49.879518072289116,49.15662650602391,,,10.982,10.982,10.982,,
2022-06-02,921,10.867,10.797,10.982,10.656,17667055,215356495.48,0.01296,-0.004150641025640667,-0.0023059116809114816,-0.0018447293447291851,41.82842895746548,47.195821700681236,31.09364347103397,0.0,0.0,10.8895,10.8895,10.8895,11.15112950903902,10.62787049096098
2022-06-03,921,10.797,10.797,10.797,10.797,0,0.0,0.0,-0.005288740514272305,-0.0035283825142560813,-0.001760358000016224,36.621678784530886,43.67110739529778,22.522821562997095,0.0,0.0,10.858666666666666,10.858666666666666,10.858666666666666,11.072286266266826,10.645047067066507
2022-06-06,921,10.814,10.726,10.823,10.603,24013747,291027498.28,0.01762,-0.008240184827478458,-0.005124521509250111,-0.0031156633182283476,31.351846770059556,39.56468718688504,14.926165936408594,0.0,0.0,10.8255,10.8255,10.8255,11.044640746249222,10.606359253750778
2022-06-07,921,10.647,10.453,10.664,10.294,27658970,327407798.6,0.0203,-0.02053377717700222,-0.009708426693612352,-0.010825350483389869,26.790120068928548,35.3064981475662,9.757363911653243,0.0,0.0,10.751000000000001,10.751000000000001,10.751000000000001,11.134434479409457,10.367565520590546
2022-06-08,921,10.4,10.373,10.497,10.197,17755671,208228490.85,0.01303,-0.030958773483117596,-0.015468452169993988,-0.015490321313123608,23.744399671495657,31.45246532220935,8.328268370068272,0.0,0.0,10.6292,10.688,10.688,11.14938227100746,10.226617728992542
2022-06-09,921,10.347,10.003,10.409,9.959,19256672,221434865.97,0.01413,-0.053872794574610694,-0.025187566697975974,-0.02868522787663472,17.0171841264762,26.64070492363163,-2.2298574678346625,0.0,0.0,10.470400000000001,10.590142857142856,10.590142857142856,11.257618128666257,9.922667585619456
2022-06-10,921,9.985,10.1,10.1,9.879,15137083,172285116.83,0.01111,-0.06375784478195534,-0.03445672983579635,-0.029301114946158995,16.9468173010475,23.409409049436917,4.02163380426866,13.565084745061569,11.104011188986064,10.331,10.528875,10.528875,11.237392516670244,9.820357483329754
2022-06-13,921,9.976,9.897,10.038,9.791,15863373,177884851.06,0.01164,-0.07970452229330505,-0.044909194368936776,-0.03479532792436827,13.816291125383525,20.211703074752453,1.0254672266456666,10.118173013033527,8.858344399943363,10.1652,10.458666666666666,10.458666666666666,11.243968519459589,9.673364813873743
2022-06-14,921,9.8,9.95,9.968,9.659,12762846,141965996.49,0.00937,-0.08712706190986275,-0.05436844744195163,-0.03275861446791112,16.542682367791556,18.988696172432153,11.650654758510363,16.74603780333601,13.82230895763476,10.064599999999999,10.4078,10.4078,11.215063030244789,9.600536969755211
2022-06-15,921,9.95,10.17,10.303,9.897,23879620,273994831.67,0.01752,-0.07954819561377491,-0.0598776324664751,-0.019670563147299806,25.66190279273158,21.213098379198627,34.55951161979749,39.11101804077997,30.871515333380785,10.024,10.326600000000001,10.386181818181818,11.16532843759658,9.607035198767056
2022-06-16,921,10.162,10.206,10.276,10.065,14162019,163267870.92,0.01039,-0.07093199851261822,-0.06225164669097518,-0.008680351821643041,32.77231091107646,25.066169223157903,48.18459428691357,42.16198865950894,33.22961194920566,10.0646,10.2675,10.371166666666666,11.121302088783999,9.621031244549332
2022-06-17,921,10.056,10.435,10.664,9.906,29098717,340520627.82,0.02135,-0.05066526041034791,-0.05979956480770395,0.00913430439735604,47.586184056803894,32.57284083437323,77.61287050166523,58.163710044670715,46.00989024336854,10.1316,10.2313,10.376076923076925,11.095149224281034,9.657004621872815
2022-06-20,921,10.435,10.797,10.973,10.364,34777772,423378731.97,0.02552,-0.013857167042441887,-0.05018838091686469,0.036331213874422806,60.5927173265552,41.91279966510055,97.95255264946451,72.56307029270592,59.40834741856976,10.3116,10.238399999999999,10.406142857142857,11.132718749581167,9.679566964704547
2022-06-21,921,10.805,10.841,10.903,10.7,29204174,358073325.21,0.02143,0.01668950088057919,-0.03632503130627953,0.05301453218685872,70.37992418421788,51.401841171472995,108.33609020970766,73.87460057864806,60.7014984196949,10.4898,10.2772,10.435133333333333,11.170409711561922,9.699856955104744
2022-06-22,921,10.903,10.585,10.929,10.55,15910728,193008337.1,0.01168,0.02413203956156984,-0.023883416817872937,0.04801545637944278,70.41056335771806,57.738081900221346,95.7555262727115,55.38895827158998,50.491872416001414,10.5728,10.298399999999999,10.4445,11.158785843809511,9.730214156190488
2022-06-23,921,10.664,10.647,10.682,10.453,13654931,163719777.43,0.01002,0.03334537834695084,-0.01217398481692729,0.04551936316387813,72.00379515577956,62.49331965207408,91.02474616319051,58.413273822456006,52.59829113381992,10.661,10.3628,10.456411764705884,11.154956701994648,9.75786682741712
2022-06-24,921,10.664,11.273,11.423,10.664,36756402,465206860.54,0.02697,0.07946116522133373,0.006489252179454643,0.07297191304187908,78.50139631700495,67.82934520705103,99.84549853691277,77.16756981380614,67.72408011350464,10.8286,10.4801,10.501777777777779,11.281163827421397,9.722391728134161
2022-06-27,921,11.432,11.202,11.529,11.052,24200991,309609276.26,0.01776,0.10938051642834346,0.027368405337658313,0.08201211109068514,78.98867597604252,71.54912213004819,93.86778366803117,72.70509148570606,65.15177279972254,10.909600000000001,10.6106,10.538631578947369,11.361382576928143,9.715880580966594
2022-06-28,921,11.229,11.705,11.89,11.132,28360029,371893519.48,0.02081,0.1639085801765372,0.05499495271108269,0.10891362746545451,82.88425172596382,75.32749866202006,97.99775785385134,81.70120144297101,73.05994916010972,11.0824,10.7861,10.59695,11.552656511875954,9.641243488124045
2022-06-29,921,11.599,11.996,12.252,11.599,34391808,465022711.38,0.02524,0.22332628347703576,0.08897462603301225,0.1343516574440235,84.95210416286193,78.53570049563402,97.78491149731775,85.10854864257384,76.43497516198258,11.3646,10.9687,10.64765,11.780526966423377,9.514773033576624
2022-06-30,921,12.155,12.508,12.684,11.882,26447203,369021603.86,0.01941,0.30101014382080926,0.13169696481043464,0.16931317901037463,87.43933380972403,81.50357826699735,99.31084489517741,89.31090562815487,81.00300687714572,11.736799999999999,11.1989,10.7332,12.139083816416974,9.327316183583026
2022-07-01,921,12.526,11.996,12.834,11.908,27795738,384393789.71,0.0204,0.32290488864289557,0.17016562848691003,0.15273926015598555,79.89445717512332,80.967204569706,77.74896238595798,66.71768552401751,66.86337604844469,11.881400000000001,11.355,10.79315,12.308484428955849,9.277815571044153
2022-07-04,921,11.908,12.023,12.217,11.82,17337256,235397101.73,0.01272,0.33795490230243175,0.203882707654576,0.13407219464785575,75.24253185887403,79.058980332762,67.60963491109808,67.24208819920739,67.19282499979363,12.045599999999999,11.4776,10.858,12.469213599482668,9.246786400517333
2022-07-05,921,12.04,11.688,12.129,11.582,23427264,312412313.06,0.01719,0.32240019777402296,0.2276760945527067,0.09472410322131625,67.4513421128319,75.1897675927853,51.97449115292508,54.465017088293784,59.223144082842396,12.0422,11.5623,10.91975,12.560010425407471,9.27948957459253
2022-07-06,921,11.688,11.705,11.97,11.555,19211481,256252234.88,0.0141,0.3077070523388201,0.2437308085054895,0.06397624383333061,60.95834481869285,70.44596000142116,41.983114453236226,54.985880960659145,59.48914438157984,11.984,11.6743,10.986349999999998,12.641239314155257,9.331460685844739
2022-07-07,921,11.688,11.74,11.979,11.599,12671718,169299088.66,0.0093,0.29514427981572133,0.2540384250551069,0.04110585476061446,53.50833163745256,64.80008388009828,30.9248271521611,56.223038596542715,60.074110446702456,11.830400000000001,11.7836,11.0732,12.692737373839567,9.453662626160433
2022-07-08,921,11.661,11.617,11.82,11.467,13273385,174413377.98,0.00974,0.27311360119819916,0.2578608539364746,0.015252747261724542,45.17085015548152,58.257005971892696,18.998538522659175,50.38344700368395,56.922937849960675,11.7546,11.818000000000001,11.149049999999999,12.717979702225792,9.580120297774206
2022-07-11,921,11.82,12.429,12.781,11.617,46258254,645754719.47,0.03395,0.31128270451431206,0.26856178293762717,0.04272092157668489,53.57159334920422,56.695201764329866,47.32437651895293,72.78020550130152,68.7341517934693,11.8358,11.940700000000001,11.27565,12.827722200572342,9.723577799427659
2022-07-12,921,12.196,12.724,13.279,12.178,45059650,640102276.29,0.03307,0.35889287492981126,0.2866503939518936,0.07224248097791763,58.83801587518692,57.409473134615546,61.69510135632966,77.25602169251317,71.7987361404524,12.043000000000001,12.042599999999998,11.41435,12.963409106615844,9.865290893384158
2022-07-13,921,12.482,12.223,12.697,12.097,34553995,474739935.54,0.02536,0.35527789983761693,0.30038950168228906,0.05488839815532787,53.1326286850032,55.98385831807809,47.43016941885341,57.8650126373922,60.76421423962379,12.146600000000001,12.0653,11.517,12.989040617288587,10.044959382711411
2022-07-14,921,12.67,11.766,12.805,11.578,48270204,643094124.6,0.03542,0.3147035427152467,0.3032545798376577,0.011448962877589008,40.92212037425525,50.963279003470475,20.839803115824793,45.393447564301425,52.70398794955494,12.1518,11.9911,11.595,12.933844120481307,10.256155879518694
2022-07-15,921,11.757,11.157,11.864,11.148,33934584,436473155.33,0.0249,0.23425729502450388,0.2894463708828421,-0.05518907585833821,27.42219255984294,43.11625018892796,-3.965922698327091,33.75838136830923,44.18375244899937,12.0598,11.9072,11.6311,12.873726403609455,10.388473596390545
2022-07-18,921,11.3,11.641,12.035,11.193,39867267,514323169.6,0.02926,0.20469734081403956,0.2724879659361978,-0.06779062512215822,25.993021224785018,37.40850720088031,3.1620492725944302,46.77024427034285,51.04525935361209,11.9022,11.869,11.673300000000001,12.852356732709401,10.494243267290601
2022-07-19,921,11.649,11.372,11.739,11.336,16984064,216744059.06,0.01246,0.1590876909969534,0.24979870709151908,-0.09071101609456567,20.832513133119626,31.88317584496008,-1.2688122905612786,41.35272085671146,47.50455547775407,11.6318,11.837399999999999,11.699850000000001,12.822561993813476,10.577138006186527
2022-07-20,921,11.39,11.408,11.479,11.309,12532107,159442328.37,0.0092,0.12428636101533108,0.22468808901482173,-0.10040172799949065,17.95529031336709,27.24054733442908,-0.615223728756888,42.423761409868995,48.030837687827976,11.4688,11.8077,11.741,12.745800058665768,10.736199941334231
2022-07-21,921,11.417,10.987,11.426,10.969,22653201,280708787.4,0.01662,0.0638303951057182,0.192508195855093,-0.1286778007493748,12.229933801984995,22.237009490281054,-7.784217574607126,33.76928572097721,42.584364181269734,11.313,11.7324,11.758000000000001,12.694017318778146,10.821982681221856
2022-07-22,921,10.996,11.121,11.148,10.79,15978982,196409547.96,0.01173,0.025952369391058383,0.15919011066672384,-0.13323774127566546,12.586127021063534,19.020048667208545,-0.281716271226486,38.556792666045965,44.75939263478969,11.3058,11.6828,11.750399999999999,12.705276547545612,10.795523452454386
2022-07-25,921,11.166,11.202,11.372,11.041,18707057,234320816.33,0.01373,0.002176620485135672,0.12778219409515668,-0.125605573610021,15.206301388732193,17.748799574383092,10.121305017430394,41.61798438280773,46.10570653101529,11.218,11.5601,11.750399999999999,12.705276547545612,10.795523452454386
2022-07-26,921,11.059,12.321,12.321,11.059,43743045,577684913.24,0.0321,0.06902352575352033,0.11602889814582754,-0.047005372392307204,35.46425055361303,23.65394990079307,59.08485185925294,68.02613879904868,60.58343157269088,11.4078,11.5198,11.781200000000002,12.76907908912824,10.793320910871763
2022-07-27,921,12.482,12.205,12.778,12.142,40186674,555454975.03,0.02949,0.11166909479089959,0.11515684474221811,-0.0034877499513185223,47.3685211604905,31.558806987358878,78.98794950675375,64.40229508755172,58.79722838696915,11.5672,11.517999999999999,11.79165,12.793420280422033,10.789879719577968
2022-07-28,921,12.258,12.626,13.019,12.115,27346427,385453828.81,0.02007,0.17613553379165303,0.1273536201390053,0.048781913652647724,59.03527251883754,40.717628831185095,95.67055989414243,71.10589689266848,63.1041518691198,11.895,11.604000000000001,11.79755,12.818294717815068,10.776805282184931
2022-07-29,921,12.76,12.599,12.948,12.473,26777476,379326223.02,0.01965,0.22250876393676045,0.1463859441714103,0.07612281976535015,66.40933825167903,49.281531971349736,100.66495081233762,70.09010247942122,62.64600540627598,12.1906,11.7482,11.8277,12.907064159805985,10.748335840194015
2022-08-01,921,12.724,12.599,13.145,12.437,24736376,349320718.89,0.01815,0.2562696851193529,0.16836388895413013,0.08790579616522276,69.8779877091873,56.147017217295584,97.33992869297072,70.09010247942122,62.64600540627599,12.469999999999999,11.844,11.8565,12.987317217302321,10.72568278269768
2022-08-02,921,12.249,12.339,12.59,12.088,26710746,369546522.79,0.0196,0.2596318022991131,0.18661826671341417,0.07301353558569892,68.5103074466061,60.26811396039909,84.99469441902014,58.50131707677855,57.83409990084105,12.473600000000001,11.9407,11.889050000000001,13.03679607039417,10.741303929605833
2022-08-03,921,12.339,12.097,12.473,11.981,23421693,317927333.18,0.01719,0.24050633966559154,0.19739625686199347,0.04311008280359807,64.17318444069565,61.56980412049794,69.37994508109107,49.3818077068259,53.649803676113514,12.452000000000002,12.0096,11.90865,13.056550651303565,10.760749348696434
2022-08-04,921,12.196,11.811,12.223,11.435,24378336,319963528.07,0.01789,0.2005295196465724,0.19802292688791998,0.0025065927586524206,54.98110901876541,59.37357241992043,46.19618221645537,40.441288718470176,49.07244093014525,12.288999999999998,12.092,11.9122,13.058342381161577,10.766057618838424
2022-08-05,921,11.784,11.649,11.82,11.426,18673364,241212508.34,0.0137,0.15430225802735542,0.1892785981107591,-0.03497634008340367,46.082004925901124,54.94304992191399,28.3599149338754,36.00982694260679,46.61485305642977,12.099,12.1448,11.9138,13.05829540248783,10.76930459751217
2022-08-08,921,11.524,11.936,12.258,11.47,18777852,249327111.86,0.01378,0.13873885338127145,0.17917046882980917,-0.04043161544853771,40.610807239722334,50.165635694516766,21.50115033013347,48.10011266424979,51.325972554103615,11.9664,12.2182,11.88915,13.00787018513638,10.770429814863622
2022-08-09,921,11.972,11.829,12.285,11.766,12852632,171658050.99,0.00943,0.11659637864259054,0.1666554721723644,-0.05005909352977386,34.888492396774375,45.0732545952693,14.518967999784522,44.35114859373813,49.54762373629043,11.8644,12.169,11.8444,12.891841273319237,10.796958726680764
2022-08-10,921,11.802,11.891,11.981,11.56,12989795,170660022.47,0.00953,0.10277610231441692,0.1538794523244161,-0.05110335000999919,32.27586520459769,40.807458131712096,15.212679350368887,47.2119640672408,50.628930138260195,11.8232,12.1376,11.8278,12.860395625748911,10.795204374251089
2022-08-11,921,12.366,13.082,13.082,12.276,26215007,371499246.56,0.01924,0.1841735495949539,0.15993832712262016,0.024235222472333756,53.62893631440895,45.08128419261105,70.72424055800477,75.84121689981208,65.93063498058254,12.0774,12.1832,11.8936,13.067644812199527,10.719555187800472
2022-08-12,921,13.252,13.046,13.476,12.957,32203724,472994945.35,0.02363,0.24299983514503865,0.17655075012252092,0.06644908502251773,62.09408762424009,50.75221866982073,84.7778255330788,74.37805853812024,65.26364713160427,12.356800000000002,12.227900000000002,11.98805,13.215314047426329,10.76078595257367
2022-08-15,921,12.966,13.145,13.163,12.778,18192736,263566590.36,0.01335,0.29408520487605827,0.20005777849547024,0.09402742638058803,69.34727792835515,56.950571755998865,94.14069027306775,75.9116412071754,66.28682599607579,12.598600000000001,12.2825,12.06325,13.381888033410945,10.744611966589055
2022-08-16,921,12.993,12.849,13.234,12.831,16283660,236512326.04,0.01195,0.30744810918872645,0.2215359450833235,0.08591216410540295,69.36973000101725,61.090291171004985,85.92860766104177,62.49158181914369,60.47651746505477,12.802600000000002,12.3335,12.1371,13.458170522839632,10.816029477160368
2022-08-17,921,12.849,13.127,13.369,12.643,19771302,288313219.36,0.01451,0.33630483167695147,0.24448980828264721,0.09181502339430425,73.90502325271068,65.36186853157355,90.99133269498492,68.723222314399,63.733526362187476,13.0498,12.436499999999999,12.22305,13.567856536663406,10.878243463336595
2022-08-18,921,13.055,12.957,13.306,12.805,13513001,196655943.21,0.00992,0.3416653080653962,0.26392496641164465,0.07774034165375154,73.97922121799189,68.23431942704633,85.46902479988302,61.25525566363584,60.41242090532412,13.024800000000003,12.551100000000002,12.321549999999998,13.570314859244604,11.072785140755393
2022-08-19,921,13.046,13.431,13.7,12.948,28902955,433323165.28,0.02121,0.379371455971631,0.2870143196116588,0.09235713635997223,78.46278299267995,71.64380728225754,92.10073441352478,71.5861794018496,65.82862642207303,13.1018,12.7293,12.437050000000001,13.644916230829779,11.229183769170223
2022-08-22,921,13.27,13.261,13.53,13.145,17343647,257359597.26,0.01273,0.3911519921770452,0.3078418940224422,0.083310098154603,78.80384909792369,74.03048788747958,88.3505715188119,64.2168620110744,62.483879096948165,13.125,12.861799999999999,12.540000000000001,13.651806495848316,11.428193504151686
2022-08-23,921,13.163,13.037,13.19,12.876,9572055,138827408.79,0.00702,0.3782114248592183,0.3219158217580289,0.05629560310118942,70.34956981060084,72.80351519518666,65.44167904142921,55.22741216404517,58.2309325440653,13.162600000000001,12.9826,12.5758,13.703905556837835,11.447694443162163
2022-08-24,921,13.037,12.491,13.073,12.455,16143075,228762733.87,0.01185,0.320572589671821,0.32164717501142737,-0.0010745853396063598,47.86356862875396,64.49019967304243,14.610306540177021,39.18342517394968,49.306870768402064,13.035400000000001,13.042599999999998,12.5901,13.705595056489544,11.474604943510455
2022-08-25,921,12.518,13.333,13.512,12.518,19841255,289709731.65,0.01456,0.3384007207486359,0.3249978874452382,0.013402833303397699,55.416408536973876,61.46560262768624,43.31802035554915,60.447046231300746,59.6976325964616,13.1106,13.067699999999999,12.625449999999999,13.789488609415729,11.461411390584269
2022-08-26,921,13.342,12.93,13.61,12.661,16589927,243526230.38,0.01217,0.31659233878408344,0.3233167763939441,-0.0067244376098606895,49.661809171904935,57.531004809092465,33.92341789752987,50.338479917088925,53.92624807391033,13.0104,13.0561,12.642,13.81384119635455,11.470158803645448
2022-08-29,921,12.805,12.858,12.957,12.608,7526722,107412486.63,0.00552,0.29019096035767156,0.31669160902800464,-0.026500648670333082,43.89769875181884,52.98656945666792,25.719957342120665,48.59617073145514,52.92893374684495,12.9298,13.0274,12.65495,13.83050889955194,11.479391100448058
2022-08-30,921,12.939,12.769,13.27,12.491,10857977,155065355.61,0.00797,0.2591422000043835,0.30518172144338157,-0.04603952143899809,37.672093679258076,47.881744197531305,17.252792642711626,46.22303622121591,51.64106063141171,12.8762,13.0194,12.676449999999999,13.84337551063399,11.509524489366008
2022-08-31,921,12.715,11.488,12.769,11.488,31302307,410859904.81,0.02297,0.1302652427208102,0.27019841164486447,-0.13993316892405427,25.114729119505384,40.29273917152266,-5.241290984529172,25.07416601597299,37.36537534193905,12.6756,12.855500000000001,12.646,13.904759121641536,11.387240878358465
2022-09-01,921,11.247,11.264,11.73,11.112,33916100,431396225.53,0.02489,0.010041630200083418,0.21816703863366974,-0.20812540843358632,18.77144204444206,33.118973462495795,-9.923620791665407,22.877715182960145,35.49365899313011,12.261800000000001,12.6862,12.618649999999999,13.973873232728208,11.26342676727179
2022-09-02,921,11.479,11.39,11.488,11.211,13225534,167263298.29,0.00971,-0.07425738354871747,0.1596821391601347,-0.23393952270885218,16.223929070460713,27.487291998484096,-6.302796785586054,27.183277592454374,37.41735174708613,11.953800000000001,12.482099999999999,12.6057,14.004195296644513,11.207204703355488
2022-09-05,921,11.291,11.256,11.399,11.148,12096651,151754791.47,0.00888,-0.15009302568881822,0.09772709344693037,-0.24782011913574858,12.737489943424304,22.570691313464163,-6.928912796655418,25.37536356704416,36.166063527202894,11.6334,12.281600000000001,12.5717,14.068367892001211,11.075032107998789
2022-09-06,921,11.309,11.148,11.327,11.005,13235955,164495648.37,0.00971,-0.21637213079323026,0.03490723826186245,-0.2512793690550927,10.321474421655857,18.487619016194728,-6.010814767421884,23.84175549144007,35.133046135292545,11.3092,12.092699999999999,12.53765,14.133183274983297,10.942116725016701
2022-09-07,921,11.103,11.202,11.327,11.067,13213578,165282138.26,0.0097,-0.26153937459380394,-0.024382092114139893,-0.23715728247966406,9.4017762938998,15.45900477542975,-2.7126806691601004,26.50677663808608,36.12816362778217,11.252,11.963799999999999,12.5032,14.184945283923811,10.821454716076188
2022-09-08,921,11.211,10.718,11.229,10.7,20698218,251004968.94,0.01519,-0.33241180259088665,-0.08598804069735286,-0.2464237618935338,6.5013138976193305,12.47310781615961,-5.442273939461227,19.25844809844267,31.415796722722718,11.1428,11.7023,12.385,14.220714345396559,10.549285654603441
2022-09-09,921,10.682,11.023,11.067,10.656,15253426,185744711.14,0.01119,-0.35989751603277753,-0.1407699403798037,-0.21912757565297383,9.014137854725043,11.320117829014752,4.402177906145624,33.09361072229713,37.05952701225245,11.069399999999998,11.5116,12.283850000000001,14.187877341134959,10.379822658865043
2022-09-12,921,11.023,11.023,11.023,11.023,0,0.0,0.0,-0.37732754570362914,-0.18808146463335917,-0.18924608107026997,11.798981948898556,11.479739202309352,12.437467442076962,33.09361072229713,37.05952701225245,11.0228,11.328100000000001,12.17775,14.115914609271245,10.239585390728754
2022-09-13,921,11.041,11.139,11.22,11.005,11080300,137596715.48,0.00813,-0.3774541980243189,-0.2259560133537427,-0.15149818467057619,22.856676978967716,15.272051794528807,38.02592734784554,38.833716687524735,39.31961703291342,11.021,11.165099999999999,12.09225,14.056429740408593,10.128070259591407
2022-09-14,921,10.933,10.808,11.023,10.763,11166048,135509501.46,0.00819,-0.39958392190757763,-0.2606815965624295,-0.13890232534514813,21.32752824238871,17.29054394381544,29.40149683953525,30.015996184117228,35.36644505083213,10.9422,11.0971,11.9763,13.957007592861965,9.995592407138036
2022-09-15,921,10.924,11.157,11.309,10.87,21801218,270698412.66,0.016,-0.38459455901408823,-0.2854641899079771,-0.09913036910611112,36.69479899873919,23.758628962123353,62.56713907197086,45.634779615626684,42.06613806676392,11.03,11.086400000000001,11.8863,13.842810976202276,9.929789023797724
2022-09-16,921,11.032,10.647,11.282,10.593,15516169,187870108.09,0.01139,-0.4090569789362224,-0.31018274839603105,-0.09887423054019134,26.91551540878708,24.810924444344593,31.124697337672046,32.79872885694735,36.100659308777026,10.954799999999999,11.0121,11.7471,13.63584370945345,9.85835629054655
2022-09-19,921,10.638,10.503,10.772,10.369,8182425,96430157.35,0.006,-0.43502168902628036,-0.3351505370735092,-0.09987115195277113,22.606168240513593,24.07600570973426,19.666493302072254,29.94487616817071,34.58974145385845,10.8508,10.9368,11.6092,13.434201179523766,9.784198820476233
2022-09-20,921,10.512,10.432,10.7,10.405,9428499,110756232.2,0.00692,-0.45605745896390815,-0.3593319218788371,-0.09672553708507103,17.304821380200572,21.818944266556365,8.276575607488986,28.47874608398692,33.82820775443584,10.709399999999999,10.8652,11.478950000000001,13.245801195592998,9.712098804407004
2022-09-21,921,10.342,10.414,10.476,10.217,8273210,95715016.08,0.00607,-0.46877259049796294,-0.3812200559120461,-0.08755253458591683,17.549978600231377,20.395955711114702,11.858024378464727,28.06077612823823,33.62347509628482,10.630600000000001,10.7864,11.3751,13.135635313327644,9.614564686672356
2022-09-22,921,10.306,10.172,10.396,10.154,11365940,130187322.04,0.00834,-0.49266303165574676,-0.40350865131282165,-0.08915438034292511,12.219466252968123,17.67045922506584,1.3174803087726872,22.688542344212735,30.88222801088969,10.4336,10.7318,11.21705,12.795659177992478,9.638440822007523
2022-09-23,921,10.154,10.074,10.297,9.939,12722283,143896497.71,0.00934,-0.5135698622220346,-0.4255208936937927,-0.0880489685282419,11.430982368158794,15.590633606096825,3.1116798922827336,20.75737620900152,29.808617652886724,10.318999999999999,10.6369,11.074250000000001,12.510734139909143,9.637765860090859
2022-09-26,921,10.02,10.306,10.503,9.984,16394237,188673512.48,0.01203,-0.505615181409226,-0.44153975135280793,-0.06407543005641808,16.550095301400248,15.910454171197964,17.829377561804815,36.18728674969765,35.59134563494953,10.2796,10.5652,10.94665,12.150535861874387,9.742764138125613
2022-09-27,921,10.333,10.396,10.476,10.127,13997825,160570693.14,0.01027,-0.4864498747818562,-0.4505217760906199,-0.03592809869123631,22.152618278792403,17.99117554039611,30.475503755584988,41.49080933302785,37.761309491745564,10.272400000000001,10.4909,10.828,11.696764397836002,9.959235602163997
2022-09-28,921,10.369,10.244,10.512,10.226,12879708,148874168.96,0.00945,-0.4780001781199186,-0.4560174565219339,-0.0219827215979847,22.338528840118233,19.44029330697015,28.1349999064144,35.50964344433547,35.554367726292156,10.2384,10.4345,10.7658,11.613477843473436,9.918122156526564
2022-09-29,921,10.36,10.02,10.414,9.984,16212664,183663395.0,0.0119,-0.4837802584202482,-0.4615700169221709,-0.022210241498077266,18.133649078686243,19.004745230875514,16.3914567743077,28.29613245689309,32.50065015974981,10.208,10.3208,10.7036,11.579449878989717,9.827750121010283
2022-09-30,921,9.939,10.038,10.181,9.823,12641585,141567667.85,0.00928,-0.4813602613697441,-0.4655280658234183,-0.015832195546325756,20.260897181305843,19.423462547685624,21.935766448546282,29.673734178374772,33.00506853895098,10.2008,10.2599,10.636,11.497366112026329,9.77463388797367
2022-10-03,921,10.038,10.038,10.038,10.038,0,0.0,0.0,-0.4739778132547041,-0.46721801531368307,-0.006759797941021051,23.908812924934413,20.918579340101886,29.88928009459947,29.673734178374772,33.00506853895098,10.1472,10.2134,10.5751,11.424037143541382,9.72616285645862
2022-10-04,921,10.038,10.038,10.038,10.038,0,0.0,0.0,-0.4627916570959787,-0.46633274366846267,0.0035410865724839757,26.340756754020127,22.725971811407966,33.57032663924444,29.673734178374772,33.00506853895098,10.0756,10.174,10.5196,11.355876811386725,9.683323188613276
2022-10-05,921,10.038,10.038,10.038,10.038,0,0.0,0.0,-0.44875296962520395,-0.4628167888544747,0.014063819229270746,27.962052640077268,24.471332087631065,34.943493744969665,29.673734178374772,33.005068538950965,10.0344,10.1364,10.461400000000001,11.258827284261207,9.663972715738796
2022-10-06,921,10.038,10.038,10.038,10.038,0,0.0,0.0,-0.4326394673213656,-0.45678132454052484,0.024141857219159235,29.042916564115362,25.995193579792495,35.1383625327611,29.673734178374772,33.005068538950965,10.038,10.123000000000001,10.427399999999999,11.236659934820235,9.618140065179762
2022-10-07,921,10.038,10.038,10.038,10.038,0,0.0,0.0,-0.4150841040459774,-0.44844188043351496,0.03335777638753756,29.76349251347409,27.251293224353024,34.787891091716226,29.673734178374787,33.00506853895098,10.038,10.1194,10.37815,11.153991078409335,9.602308921590664
2022-10-10,921,10.091,9.921,10.279,9.85,11421077,128374099.61,0.00838,-0.4059262838897997,-0.4399387611181643,0.034012477228364646,24.583499121222637,26.362028523309558,21.026440317048788,21.614049239951726,30.507365831649167,10.0146,10.080900000000002,10.323049999999999,11.061697262871366,9.584402737128631
2022-10-11,921,9.921,9.671,9.984,9.545,14780736,159226805.41,0.01085,-0.4140556519524097,-0.43476213928179536,0.02070648732938568,21.222140956150703,24.64873266758994,14.36895753327223,12.74085691813842,25.93277902736341,9.941199999999998,10.0084,10.24965,10.93686291422214,9.562437085777862
2022-10-12,921,9.671,9.823,9.832,9.429,14087375,150948038.17,0.01034,-0.403587352831309,-0.4285271819885973,0.024939829157288318,29.599074362924007,26.298846566034626,36.199529956702776,32.85288765771425,32.63296330390264,9.8982,9.9663,10.200399999999998,10.859746853851757,9.54105314614824
2022-10-13,921,9.751,9.903,10.02,9.715,15854117,174865651.53,0.01163,-0.38440769513649364,-0.41970328461466583,0.035295589478172185,38.320951536067,30.306214889378747,54.350424829443504,41.385425827166564,35.959194577229454,9.871199999999998,9.9546,10.1377,10.631822124261014,9.643577875738988
2022-10-14,921,9.966,10.091,10.226,9.948,12411762,139905813.84,0.00911,-0.350010163901322,-0.4057646604675606,0.0557544965662386,51.508085337770126,37.37350503884254,79.7772459356253,56.848501711122736,43.154621751534584,9.8818,9.959900000000001,10.1099,10.54205050984339,9.677749490156609
2022-10-17,921,10.091,10.172,10.181,10.002,7612265,85985575.82,0.00559,-0.31261308393553655,-0.38713434515641193,0.07452126122087538,63.475978460474224,46.074329512719764,98.27927635598316,62.027732042690026,46.0060386468803,9.932,9.9733,10.09335,10.485626097719596,9.701073902280402
2022-10-18,921,10.262,10.082,10.262,10.011,7900335,89111055.14,0.0058,-0.28692720790941983,-0.36709291770293095,0.08016570979351112,67.92516211090441,53.35794037878131,97.05960557515061,53.470686518629485,43.36914582485437,10.0142,9.9777,10.07585,10.434283007761062,9.71741699223894
2022-10-19,921,10.047,9.733,10.074,9.715,12634414,138784918.94,0.00927,-0.291362587260398,-0.3519468516119561,0.060584264351558115,57.2050100347206,54.64029693076107,62.33443624263967,32.56532973558653,34.90572745321114,9.9962,9.947199999999999,10.0418,10.394314337147794,9.689285662852207
2022-10-20,921,9.724,9.5,9.724,9.447,14224648,151591966.44,0.01044,-0.3100971829702992,-0.34357691788253353,0.03347973491223433,40.92098708197059,50.067193647830905,22.628573950249944,24.79802073508354,30.56197197762225,9.915600000000001,9.8934,10.0082,10.429796264839158,9.586603735160843
2022-10-21,921,9.518,9.268,9.536,9.214,15696733,164342312.15,0.01152,-0.33974207686984137,-0.34280994967991507,0.003067872810073702,28.998215306555462,43.044200867405756,0.9062441848548701,19.29823270321421,26.922748725546725,9.751000000000001,9.8164,9.9679,10.502072414507778,9.433727585492223
2022-10-24,921,9.303,9.115,9.447,9.071,13181135,135997721.71,0.00967,-0.371297479844527,-0.3485074557133128,-0.02279002413121417,20.563601696113952,35.55066781030849,-9.410530532275118,16.41683583314085,24.79832258145943,9.5396,9.735800000000001,9.90835,10.540400722481586,9.276299277518415
2022-10-25,921,9.098,8.909,9.142,8.865,16168213,162019547.08,0.01186,-0.4082170996875849,-0.3604493845089644,-0.047767715178620496,14.758936563813512,28.620090728143495,-12.963371764846457,13.226197490270138,22.222693679046827,9.305,9.659600000000001,9.834,10.566394486742322,9.101605513257677
2022-10-26,921,8.972,9.017,9.071,8.909,15061642,150993898.4,0.01105,-0.423877286632818,-0.3731349649344125,-0.05074232169840548,13.466110417393192,23.568763957893392,-6.73919666360721,22.680217739092726,26.58381239802182,9.161800000000001,9.578999999999999,9.77265,10.563654764108367,8.981645235891634
2022-10-27,921,9.044,9.035,9.16,8.981,11318252,114398932.31,0.00831,-0.4298803765901109,-0.3844840472660371,-0.045396329324073836,13.033718087854108,20.05708200121363,-1.0130097388649375,24.329089403884268,27.32472841791015,9.0688,9.4922,9.723400000000002,10.570246136525048,8.876553863474955
2022-10-28,921,9.384,9.581,9.832,9.357,50218052,538965078.13,0.03685,-0.38613891354052754,-0.38481502052094646,-0.0013238930195810794,25.77337349975287,21.96251250072671,33.3950954978052,57.39833078257474,45.518882308292255,9.131400000000001,9.441199999999998,9.70055,10.536242835789267,8.864857164210733
2022-10-31,921,9.581,9.599,9.859,9.357,29716793,319983235.53,0.02181,-0.34603244194659233,-0.3770585048058636,0.031026062859271286,37.419359559526455,27.11479485365996,58.02848897125945,58.12233130112627,46.00502855763437,9.2282,9.3839,9.6786,10.499910993088765,8.857289006911234
2022-11-01,921,9.581,9.787,9.814,9.492,18748732,202756465.52,0.01376,-0.2956723392522118,-0.36078127169477725,0.06510893244256544,55.865086118155155,36.69822527515836,94.19880780414876,65.47594276110325,50.98809230258251,9.4038,9.354400000000002,9.66605,10.471760271813197,8.860339728186803
2022-11-02,921,9.76,10.056,10.118,9.697,18682599,208748358.17,0.01371,-0.23139212266797848,-0.33490344188896465,0.10351131922098616,68.9273492450377,47.44126659845147,111.89951453821017,73.47373281078575,57.15945543056313,9.6116,9.386700000000001,9.66695,10.474447883327864,8.859452116672136
2022-11-03,921,9.993,10.19,10.414,9.939,17539241,199589494.02,0.01287,-0.1677055538482808,-0.30146386428035976,0.13375831043207898,74.46458531549962,56.449039504134184,110.49567693823049,76.70024486916239,59.903120824982224,9.842600000000001,9.4557,9.67455,10.499426252282111,8.849673747717889
2022-11-04,921,10.118,10.629,10.673,10.091,19833650,232368913.15,0.01455,-0.08088304079989861,-0.25734769958377346,0.17646465878387485,82.16518077080505,65.02108659302448,116.4533691263662,84.23761745851266,67.37143276318929,10.0522,9.591800000000001,9.7041,10.62100713528518,8.787192864714822
2022-11-07,921,10.629,10.602,10.691,10.45,12336958,145529670.97,0.00905,-0.014091602849211071,-0.20869648023642515,0.19460487738721408,86.44532440462947,72.16249919689281,115.01097482010283,82.27331608947193,66.53989534681554,10.2528,9.740499999999999,9.738150000000001,10.735979702799783,8.740320297200219
2022-11-08,921,10.548,10.468,10.593,10.369,8848465,103127495.37,0.00649,0.027710335912464856,-0.16141511700630828,0.18912545291877314,86.61657104558142,76.98052314645568,105.88866684383294,72.24086071976008,62.37192378607015,10.389,9.8964,9.778,10.82689074239108,8.72910925760892
2022-11-09,921,10.468,10.593,10.7,10.414,8995888,106616849.86,0.0066,0.07011557760206522,-0.11510897808436808,0.1852245556864333,88.42196818774678,80.79433816021938,103.67722824280162,75.57490225027902,64.62674168972431,10.4964,10.054,9.816500000000001,10.927058986798055,8.705941013201947
2022-11-10,921,10.521,10.45,10.521,10.36,8540423,99517962.45,0.00627,0.09113384945367642,-0.07386041257656997,0.1649942620302464,86.07629847413449,82.55499159819108,93.11891222602131,64.87775248079338,60.12992959644062,10.548399999999999,10.1955,9.84385,10.989758102313353,8.697941897686647
2022-11-11,921,10.691,10.942,11.148,10.584,21058416,256371400.65,0.01545,0.1458062704971379,-0.02992707596166719,0.1757333464588051,86.57099447389965,83.89365922342726,91.92566497484441,77.83228457311887,68.38624370240066,10.611,10.3316,9.8864,11.12998486896384,8.64281513103616
2022-11-14,921,11.381,11.363,11.999,11.3,29492549,383015806.54,0.02164,0.22055985784220944,0.0201703107992552,0.20038954704295425,81.83794650417519,83.20842165034324,79.0969962118391,83.92172233050437,73.50741294571554,10.7632,10.508,9.94595,11.350734827127035,8.541165172872965
2022-11-15,921,11.363,11.47,11.676,11.184,15909387,203416156.44,0.01167,0.28514871376670925,0.07316599139287046,0.2119827223738388,79.33209378595498,81.91631236221382,74.16365663343731,85.16462656807224,74.64615936999589,10.9636,10.6763,10.01535,11.576836373535437,8.453863626464562
2022-11-16,921,11.56,11.193,11.56,11.157,8335449,104960897.14,0.00612,0.31040784748957506,0.12061436261230052,0.18979348487727454,72.14033366303357,78.6576527958204,59.105695397459925,68.67306401305748,66.56567244207538,11.0836,10.79,10.08835,11.728773343947662,8.447926656052339
2022-11-17,921,11.193,11.157,11.3,11.076,9031824,112579501.2,0.00663,0.3237887190154609,0.16124923389299364,0.16253948512246727,64.30262634684239,73.87264397949438,45.16259108153841,66.65993582929968,65.55948956923504,11.225,10.886700000000001,10.171199999999999,11.853352205392028,8.48904779460797
2022-11-18,921,11.157,11.238,11.47,11.103,12694100,159986438.0,0.00932,0.3370434287085189,0.19640807285614095,0.14063535585237794,60.72483407869621,69.49004067922831,43.19442087763201,69.10524368091967,66.79158903945,11.2842,10.9476,10.269699999999998,11.959858398058095,8.579541601941902
2022-11-21,921,11.238,11.22,11.256,10.942,8256379,102389518.54,0.00606,0.3421513694748377,0.22555673217990832,0.11659463729492939,57.973562357121466,65.65121457185936,42.618257927645686,67.77957593287512,66.21730894158085,11.255600000000001,11.009400000000001,10.37495,12.024013846071778,8.725886153928222
2022-11-22,921,11.256,11.05,11.39,10.969,8446779,104585704.69,0.0062,0.32869369642489943,0.24618412502892242,0.082509571395977,52.68198849026729,61.32813921132866,35.38968704814454,55.67518322878231,60.82871328303836,11.171600000000002,11.0676,10.482,12.003404752540431,8.960595247459567
2022-11-23,921,11.059,10.942,11.103,10.745,8370596,102135552.06,0.00614,0.30578921847869545,0.2581051437188843,0.047684074759811124,43.554776779141676,55.40368506726632,19.856960202892395,49.003609250034856,57.58121953633021,11.1214,11.102500000000001,10.57825,11.94513564570012,9.211364354299882
2022-11-24,921,11.014,11.139,11.22,10.969,10048581,124545240.29,0.00737,0.30007358883981716,0.266498832743075,0.03357475609674215,39.50967043117684,50.10568018856982,18.31765091639089,59.60026613015216,61.654846069188736,11.117799999999999,11.1714,10.683449999999999,11.860982384178644,9.505917615821353
2022-11-25,921,11.076,11.148,11.256,11.014,6142392,76470912.48,0.00451,0.2928937785616199,0.271777821906786,0.0211159566548339,40.768709753974676,46.99335671037143,28.31941584118117,60.05530248738984,61.83749818793484,11.0998,11.192,10.7618,11.834318256500223,9.689281743499775
2022-11-28,921,11.103,11.193,11.229,10.897,6368510,78726203.1,0.00467,0.28752030986217925,0.2749263194978656,0.012593990364313634,45.502248220441174,46.496320547061345,43.514103567200834,62.58388721312811,62.80392703551462,11.094399999999998,11.175,10.8415,11.778537998443113,9.904462001556887
2022-11-29,921,11.506,11.945,11.954,11.47,22770452,300005479.01,0.01671,0.3400198098548337,0.28794501756926255,0.05207479228557116,63.42002652247773,52.13755587220014,85.98496782303292,83.51291008830658,74.55225828200747,11.273399999999999,11.2225,10.9494,11.872048909675977,10.026751090324025
2022-11-30,921,11.864,11.829,11.99,11.712,11960923,158161378.42,0.00878,0.36802377992132485,0.30396077003967825,0.0640630098816466,71.30277537910831,58.52596237450286,96.85640138831921,75.67722653237934,70.78974411311378,11.4508,11.286100000000001,11.03805,11.939737418122236,10.136362581877764
2022-12-01,921,11.909,12.115,12.312,11.909,16841778,229084956.13,0.01236,0.4085841684954552,0.324885449730837,0.08369871876461821,76.67791917424495,64.57661464108355,100.88052824056774,80.9620715097718,74.28090333558391,11.645999999999999,11.381899999999998,11.1343,12.065320063099971,10.203279936900028
2022-12-02,921,12.16,11.855,12.214,11.748,8477805,112812774.78,0.00622,0.4149659317470231,0.3429015461340766,0.07206438561294654,74.73061023018161,67.96127983744957,88.2692710156457,65.4486263640253,66.40936689213544,11.7874,11.4436,11.1956,12.147740944895924,10.243459055104077
2022-12-05,921,11.909,12.312,12.393,11.784,15200986,208217499.68,0.01115,0.451691622785793,0.3646595614644221,0.08703206132137092,81.51539063889128,72.47931677126347,99.58753837414687,75.39352146732502,72.08214497609956,12.0112,11.5528,11.2811,12.312603940345015,10.249596059654985
2022-12-06,921,12.294,12.491,12.67,12.178,13967652,195196268.0,0.01025,0.4895965893859806,0.38964696704873586,0.09994962233724475,84.31163286435579,76.42342213562758,100.08805432181222,78.32574541210396,73.96113731066079,12.1204,11.6969,11.382249999999999,12.473082781820683,10.291417218179316
2022-12-07,921,12.42,12.214,12.42,11.972,9756972,132639755.1,0.00716,0.4916184482410326,0.41004126328719653,0.08157718495383609,80.96804853111593,77.93829760079035,87.02755039176708,64.13378139101816,66.41500416193983,12.1974,11.824099999999998,11.4633,12.548085906599916,10.378514093400085
2022-12-08,921,12.151,12.232,12.276,11.864,11222057,151613919.36,0.00824,0.48903587567679985,0.42584018576511795,0.0631956899116819,79.07740178442131,78.317998995334,80.59620736259595,64.63347561439761,66.65617103349756,12.2208,11.9334,11.5524,12.577861005442971,10.52693899455703
2022-12-09,921,12.223,12.76,12.876,12.142,13460669,189210990.05,0.00988,0.5235581177086139,0.44538377215381786,0.07817434555479608,83.301482650022,79.97916021356332,89.94612752293935,76.27064462175179,72.88646423189358,12.401799999999998,12.0946,11.6433,12.759252479652245,10.527347520347755
2022-12-12,921,12.518,12.097,12.581,12.043,11149325,152258703.12,0.00818,0.49175117724865913,0.4546572531727864,0.03709392407587275,66.55952222487147,75.50594755066604,48.66667157328234,50.98950654393376,58.03276991001423,12.358799999999999,12.184999999999999,11.68,12.805377129770466,10.554622870229533
2022-12-13,921,12.088,12.321,12.446,12.043,7768753,106341002.8,0.0057,0.47909579485098597,0.45954496150842644,0.019550833342559526,61.30563893005616,70.77251134379608,42.371894102576334,56.79558698748096,60.9647914352574,12.3248,12.2226,11.72255,12.87843389054478,10.56666610945522
2022-12-14,921,12.178,12.312,12.509,12.124,7038975,96763759.52,0.00517,0.46300287858353606,0.46023654492344834,0.0027663336600877164,57.537092620037434,66.36070510254319,39.88986765502591,56.473026790256625,60.77867226451629,12.344399999999998,12.270900000000001,11.7785,12.93478634224531,10.622213657754688
2022-12-15,921,12.321,12.205,12.482,12.097,6338874,86762810.73,0.00465,0.4365826003882436,0.45550575601640725,-0.018923155628163657,51.20909959772946,61.31016993427195,31.006958924644508,52.24026282619244,58.463790493675354,12.339,12.2799,11.8309,12.963337129659504,10.698462870340496
2022-12-16,921,12.267,12.294,12.464,12.142,7659630,105287352.69,0.00562,0.41800724917913,0.44800605464895166,-0.029998805469821643,48.302772590844675,56.97437081979619,30.959576132941635,55.56456075064748,59.85132444759865,12.2458,12.3238,11.883700000000001,12.998069323641655,10.769330676358347
2022-12-19,921,12.294,12.017,12.491,11.972,4512970,61095320.69,0.00331,0.3765937370777923,0.43372359113471964,-0.05712985405692733,37.241374085596014,50.396705241729464,10.930711773329108,44.10020556909825,53.75442160190335,12.229800000000001,12.2943,11.92355,12.99412790099793,10.852972099002072
2022-12-20,921,11.954,11.999,12.16,11.802,7002661,93976954.57,0.00514,0.33841970461453386,0.4146628138306823,-0.07624310921614846,30.941797497163357,43.91173599354076,5.0019205044085595,43.40191746117128,53.369026591327376,12.1654,12.2451,11.971,12.959536824115037,10.982463175884963
2022-12-21,921,11.99,11.846,12.097,11.712,7899000,104355166.0,0.0058,0.29244965813278334,0.39022018269110237,-0.09777052455831903,24.465207495245227,37.42955982744225,-1.463497169148809,37.36686718781327,50.04215969424637,12.0722,12.2083,12.0162,12.88163535743266,11.150764642567339
2022-12-22,921,11.954,12.017,12.214,11.748,8519541,114795594.98,0.00625,0.26674135046033065,0.36552441624494786,-0.09878306578461721,28.009409523105553,34.28950972599668,15.449209117323306,47.21145606527424,53.570975148948335,12.034600000000001,12.1868,12.0601,12.82093386387628,11.29926613612372
2022-12-23,921,11.864,11.954,12.088,11.846,3683277,49139754.24,0.0027,0.2385341357831905,0.3401263601525963,-0.10159222436940579,28.794227846018536,32.4577490993373,21.467185339381004,44.143917669263395,52.092104483991655,11.9666,12.1062,12.100399999999999,12.732268207444243,11.468531792555755
2022-12-26,921,11.999,11.882,12.249,11.82,4836639,64788095.19,0.00355,0.20797259301413185,0.3136956067249033,-0.10572301371077147,26.3061477149952,30.407215304556598,18.104012535872393,40.53218328723959,50.35887074972904,11.9396,12.084700000000002,12.13485,12.615433099774977,11.654266900225023
2022-12-27,921,11.891,12.554,12.769,11.891,10479763,145838729.89,0.00769,0.23526466077334796,0.2980094175345922,-0.06274475676124425,44.09056962141276,34.96833341017532,62.335042043887654,68.96823962565963,62.92046685150313,12.0506,12.108,12.1653,12.671713644116366,11.658886355883634
2022-12-28,921,12.491,12.249,12.608,12.052,10645300,144863318.18,0.00781,0.2296359686497187,0.2843347277576175,-0.05469875910789879,46.328433989172694,38.75503360317444,61.47523476116919,54.717811733174486,55.91480580735682,12.1312,12.1017,12.1863,12.668236488499486,11.704363511500512
2022-12-29,921,12.205,11.775,12.232,11.748,13877021,184775039.23,0.01018,0.18479741366883928,0.2644272649398618,-0.07962985127102251,32.8723776263359,36.79414827756159,25.02883632388452,39.4978902741653,47.03599875930049,12.0828,12.0587,12.1693,12.684654185819767,11.653945814180233
2022-12-30,921,11.882,11.793,12.115,11.73,8485108,112656183.56,0.00623,0.14899742624081114,0.24134129720005165,-0.09234387095924051,24.469317660698213,32.6858714052738,8.03621017154704,40.255175337458,47.38213236431826,12.0506,12.0086,12.1662,12.69018818789404,11.642211812105959
2023-01-02,921,11.793,11.793,11.793,11.793,0,0.0,0.0,0.11925102726375059,0.2169232432127914,-0.09767221594904082,18.867277683606424,28.079673498051342,0.4424860547165892,40.255175337458,47.38213236431826,12.0328,11.9862,12.140249999999998,12.684836709542544,11.595663290457452
2023-01-03,921,12.733,12.975,12.975,12.554,25777635,371822334.27,0.01892,0.18887647918069206,0.21131389040637152,-0.022437411225679466,45.91151845573761,34.023621817280095,69.68731173265262,72.63900553931853,65.17039738515912,12.116999999999999,12.0838,12.16445,12.808581230499742,11.520318769500259
2023-01-04,921,12.688,13.709,14.049,12.643,43363046,661202575.98,0.03182,0.29982626459579365,0.22901636524425595,0.0708098993515377,59.05384829635058,42.36703064363692,92.42748360177791,80.51090352956066,71.66059863149931,12.409,12.2701,12.2392,13.184239926753225,11.294160073246776
2023-01-05,921,13.709,14.533,14.792,13.709,33608625,542986995.77,0.02466,0.4490677507770773,0.27302664235082025,0.17604110842625703,69.8830575840247,51.53903962376618,106.57109350454174,85.9546016929943,76.92620496361445,12.9606,12.5217,12.35425,13.748898701286398,10.959601298713602
2023-01-06,921,14.551,14.73,14.828,13.897,31226286,504803552.72,0.02291,0.5765922717090906,0.33373976822247436,0.2428525034866162,78.86759466221402,60.64855796991546,115.30566804681115,86.9966277684105,77.99268410984074,13.548000000000002,12.799299999999999,12.452749999999998,14.201402037247046,10.70409796275295
2023-01-09,921,14.533,14.542,14.613,14.085,18826558,301978831.52,0.01382,0.6549366993919303,0.3979791544563656,0.2569575449355647,82.83447563235185,68.04386385739426,112.41569918226705,80.18413802853553,74.41207481049761,14.097799999999998,13.065299999999999,12.575,14.54658659059407,10.60341340940593
2023-01-10,921,14.381,14.945,15.33,14.318,20754521,347123261.49,0.01523,0.7410020008770406,0.4665837237405007,0.2744182771365399,84.99150227341975,73.69307666273608,107.5883534947871,83.50648575840839,76.89283865142917,14.491800000000001,13.304399999999998,12.706199999999999,14.938597587678657,10.47380241232134
2023-01-11,921,14.945,14.739,15.007,14.551,15076136,248988714.5,0.01106,0.7835546194298484,0.5299779028783703,0.25357671655147807,84.52211262672428,77.3027553173988,98.96082724537524,75.71927410005182,72.94898888805021,14.6978,13.5534,12.827549999999999,15.227307046913358,10.42779295308664
2023-01-12,921,14.649,14.766,14.963,14.604,7343986,120774631.81,0.00539,0.8101179999139223,0.5860059222854808,0.22411207762844154,84.36616951479103,79.65722671652955,93.78405511131399,76.07025033979647,73.14592698577768,14.744399999999999,13.852500000000001,12.9556,15.485278356920793,10.425921643079208
2023-01-13,921,14.775,15.088,15.285,14.685,11192402,187518671.2,0.00821,0.8473841700908693,0.6382815718465585,0.20910259824431077,86.67158659295384,81.99534667533764,96.02406642818622,80.17199345347825,75.46938750061307,14.815999999999999,14.181999999999999,13.0953,15.775270078387521,10.415329921612479
2023-01-16,921,15.142,14.963,15.222,14.819,12229071,205243574.1,0.00897,0.8569530268990988,0.6820158628570666,0.1749371640420322,86.561606047703,83.51743313279276,92.64995187752348,74.24375557461184,72.8018516873517,14.900200000000002,14.499,13.2426,15.995866569004855,10.489333430995144
2023-01-17,921,15.16,15.312,15.446,14.954,13469332,229155088.78,0.00988,0.8825245200778724,0.7221175943012279,0.1604069257766445,88.46958729796971,85.16815118785173,95.07245951820565,79.35771586422656,75.44533966281972,14.9736,14.7327,13.40825,16.243900551924785,10.572599448075216
2023-01-18,921,15.366,15.079,15.554,15.007,9723420,164879757.22,0.00714,0.8739150554897925,0.752477086538941,0.12143796895085157,82.75763675426909,84.36464637665752,79.54361750949224,68.4667528143928,70.45780243845036,15.041599999999999,14.8697,13.5699,16.399164654324558,10.740635345675443
2023-01-19,921,15.169,15.169,15.213,14.972,5378936,90755065.7,0.00395,0.8643900685239139,0.7748596829359357,0.08953038558797821,79.76898951305708,82.83276075545737,73.6414470282565,70.35270237387077,71.25844584136017,15.122199999999998,14.9333,13.727500000000001,16.54367041200873,10.911329587991274
2023-01-20,921,15.169,15.571,15.759,15.043,8658192,149981954.06,0.00635,0.879145173268931,0.7957167810025348,0.0834283922663962,82.16382784562352,82.60978311884608,81.27191729917837,77.54966181395277,74.61126069713757,15.218799999999998,15.017399999999999,13.908350000000002,16.709493772029322,11.107206227970682
2023-01-23,921,15.571,15.571,15.571,15.571,0,0.0,0.0,0.8806866883842535,0.8127107624788787,0.06797592590537471,82.92158059465407,82.71371561078207,83.33731056239807,77.54966181395277,74.61126069713757,15.340399999999999,15.1203,14.0928,16.816895415285344,11.368704584714656
2023-01-24,921,15.571,15.571,15.571,15.571,0,0.0,0.0,0.8718581094190458,0.8245402318669123,0.04731787755213357,83.18870163741727,82.87204428632714,83.82201633959752,77.54966181395277,74.61126069713757,15.392199999999999,15.1829,14.243650000000002,16.94298171261639,11.544318287383616
2023-01-25,921,15.571,15.571,15.571,15.571,0,0.0,0.0,0.8550054239110754,0.8306332702757451,0.024372153635330296,82.95758259378405,82.90055705547944,83.07163367039328,77.54966181395277,74.61126069713757,15.4906,15.2661,14.409749999999999,16.998869165398,11.820630834602
2023-01-26,921,15.571,15.571,15.571,15.571,0,0.0,0.0,0.8320580990291813,0.8309182360264324,0.00113986300274882,81.97172172918934,82.5909452800494,80.73327462746923,77.54966181395277,74.61126069713757,15.571,15.3466,14.599550000000002,16.91780337836817,12.281296621631833
2023-01-27,921,15.571,15.571,15.571,15.571,0,0.0,0.0,0.8045972800992462,0.8256540448409954,-0.021056764741749112,80.19646873043261,81.79278643017713,77.00383333094356,77.54966181395278,74.61126069713757,15.571,15.394900000000002,14.788450000000001,16.72867499780435,12.848225002195653
2023-01-30,921,15.5,15.303,15.634,15.186,11865690,203507758.1,0.00871,0.7525343049408857,0.8110300968609735,-0.0584957919200878,67.48379575675605,77.0231228723701,48.40514152552797,52.28406721157813,65.96456574235924,15.5174,15.428899999999999,14.96395,16.306162074387345,13.621737925612655
2023-01-31,921,15.401,15.312,15.697,15.204,6756752,116236664.5,0.00496,0.7038862818094724,0.7896013338506734,-0.085715052041201,59.38987485012028,71.14537353162015,35.87887748712052,52.902421188324276,66.10845665988691,15.4656,15.428899999999999,15.0808,16.048643092981074,14.112956907018926
2023-02-01,921,15.222,15.321,15.357,15.07,6348753,108095921.21,0.00466,0.6584681845406699,0.7633747039886728,-0.10490651944800289,52.53552178089955,64.94208961471328,27.72238611327208,53.62361481561115,66.26404735642586,15.415600000000001,15.453100000000001,15.1614,15.886201940278283,14.436598059721717
2023-02-02,921,15.357,15.133,15.563,15.088,6702961,113935752.93,0.00492,0.6003831593086222,0.7307763950526628,-0.1303932357440406,38.372963483917026,56.08571423778119,2.9474619761886913,38.74987473853421,59.98833554854929,15.328,15.4495,15.191400000000002,15.853656874951582,14.52914312504842
2023-02-03,921,15.079,15.258,15.348,14.954,6968404,118181245.65,0.00511,0.5580044743554105,0.6962220109132123,-0.1382175365578019,39.22037852718735,50.46393566758324,16.733264246395564,49.84875632842674,62.56026207513457,15.2654,15.418199999999999,15.2178,15.84371090672513,14.59188909327487
2023-02-06,921,15.258,15.061,15.401,14.954,8279364,139775717.8,0.00608,0.5027276904921578,0.6575231468290015,-0.15479545633684366,30.947277923463595,43.95838308621002,4.925067597970752,37.12585497444837,56.33451757882867,15.216999999999999,15.3672,15.24375,15.78960399050199,14.697896009498011
2023-02-07,921,14.963,15.258,15.41,14.963,5179688,88248596.01,0.0038,0.46940566378591164,0.6198996502203835,-0.15049398643447187,34.26992148688507,40.72889588643503,21.351972687785135,51.86764418132625,60.61072961154734,15.206199999999999,15.335899999999999,15.2594,15.786826083621,14.731973916379
2023-02-08,921,15.374,15.052,15.374,14.98,4692799,79242400.35,0.00344,0.4215162752471979,0.5802229752257464,-0.15870669997854847,27.243204723872196,36.233665498914085,9.262283173788418,40.076622069620214,54.52003720524299,15.1524,15.283999999999997,15.275049999999998,15.753786703813818,14.79631329618618
2023-02-09,921,15.115,15.464,15.491,15.007,7612928,130691769.06,0.00559,0.4120585662037879,0.5465900934213547,-0.13453152721756678,41.04235182578473,37.8365609412043,47.453933594945596,61.229440483227094,62.698350582172054,15.218599999999999,15.2733,15.309949999999997,15.73069043754914,14.889209562450855
2023-02-10,921,15.464,15.383,15.482,15.195,5396936,92402671.34,0.00396,0.393491321736013,0.5159703390842864,-0.12247901734827338,46.60786667255094,40.76032951831984,58.30294098101315,56.52226328925355,60.370037096725,15.2436,15.254499999999998,15.324700000000002,15.73318376892265,14.916216231077353
2023-02-13,921,15.204,16.395,16.503,15.204,14370277,258769058.86,0.01055,0.4551893950429715,0.5038141502760234,-0.048624755233051875,62.08116439672106,47.86727447778691,90.50894423458936,79.80218176944382,73.68770379628936,15.510399999999999,15.3637,15.3963,15.995380734388403,14.797219265611597
2023-02-14,921,16.395,15.983,16.395,15.93,7455364,133769217.1,0.00547,0.4654749200743158,0.49614630423568185,-0.030671384161366055,63.530761200998896,53.088436718857565,84.41541016528157,63.25550437990877,64.11816849810717,15.6554,15.4308,15.429849999999998,16.081869139208575,14.777830860791422
2023-02-15,921,15.974,15.751,15.974,15.589,6289869,110806113.12,0.00462,0.4497217097402775,0.48686138533660106,-0.037139675596323585,59.50469081142553,55.22718808304688,68.05969626818285,55.48194803660073,59.380961316500404,15.7952,15.473799999999997,15.463449999999998,16.10856524062276,14.818334759377239
2023-02-16,921,15.858,15.652,16.037,15.536,8062143,142322107.22,0.00592,0.4243569850742883,0.4743605052841385,-0.05000352020985016,54.69023717103425,55.04820444570934,53.97430262168406,52.197235374313756,57.40654623279184,15.8328,15.5257,15.4876,16.122383145731526,14.852816854268475
2023-02-17,921,15.652,15.67,15.867,15.366,9454615,165087917.04,0.00694,0.40108425699229855,0.4597052556257705,-0.05862099863347198,51.763188417053144,53.95319910282394,47.38316704551157,52.806833132673674,57.68561111031837,15.890200000000002,15.566899999999999,15.49255,16.131601097536578,14.853498902463421
2023-02-20,921,15.67,16.449,16.565,15.589,10280761,186349102.81,0.00754,0.4404222994721376,0.45584866439504396,-0.015426364922906333,65.40258828224154,57.7696621626298,80.66844052146502,71.60924306937382,67.68230185758689,15.901,15.705699999999998,15.536449999999999,16.305582518866863,14.767317481133132
2023-02-21,921,16.476,16.574,16.744,16.18,8469019,156430061.37,0.00621,0.476195150915359,0.459917961699107,0.01627718921625204,73.67272916762758,63.07068449762906,94.87681850762462,73.63209382381936,68.9657279466483,16.0192,15.837300000000003,15.586599999999999,16.485130824237434,14.688069175762566
2023-02-22,921,16.574,17.335,17.416,16.395,12995216,249090782.56,0.00954,0.5595021173002515,0.4798347928193359,0.07966732448091557,81.23281749401195,69.12472882975669,105.44899482252248,82.6586988608109,75.44272643802427,16.336000000000002,16.0656,15.6748,16.865644300220623,14.483955699779376
2023-02-23,921,17.38,17.362,17.613,17.013,11989524,230909005.62,0.0088,0.6205488602698708,0.5079776063094429,0.11257125396042789,84.01545796127706,74.08830520693014,103.8697634699709,82.90781775288647,75.63950869806752,16.678000000000004,16.2554,15.764349999999999,17.17196153059079,14.356738469409208
2023-02-24,921,17.371,17.022,17.38,16.924,7638493,145572107.44,0.00561,0.6341832243761445,0.5332187299227832,0.10096449445336131,80.576393425008,76.25100127962276,89.22717771577851,68.12022570645041,68.1387736855944,16.9484,16.4193,15.8369,17.3482979447412,14.3255020552588
2023-02-27,921,16.95,17.147,17.326,16.744,7597081,144694691.32,0.00557,0.6476097657580713,0.5560969370898409,0.0915128286682304,80.1380080183928,77.54667019254609,85.32068367008623,70.44581642496846,69.35748053260524,17.088,16.4945,15.9291,17.525928026860722,14.332271973139276
2023-02-28,921,17.192,17.112,17.192,16.655,10091416,190763937.31,0.00741,0.6479569451330622,0.5744689386984851,0.07348800643457709,79.3265402810647,78.13996022205228,81.69970039908952,68.76044357089904,68.55648171025277,17.1956,16.6074,16.0191,17.671420460825516,14.36677953917449
2023-03-01,921,17.067,16.977,17.192,16.825,10812169,204922421.74,0.00793,0.630075598762037,0.5855902707111955,0.04448532805084149,76.78289156254336,77.68760400221598,74.97346668319813,61.9053137030043,65.37936232557676,17.124000000000002,16.73,16.101899999999997,17.772789192836047,14.431010807163947
2023-03-02,921,16.834,17.335,17.541,16.825,6575310,127053085.74,0.00483,0.6374440456165829,0.595961025692273,0.041483019924309805,79.94353508649137,78.43958103030778,82.95144319885856,71.08023393124012,69.47214863642452,17.1186,16.8983,16.212,17.90413126279428,14.51986873720572
2023-03-03,921,17.335,17.282,17.389,17.04,6513500,125056998.41,0.00478,0.6317248061171661,0.6031137817772517,0.02861102433991436,78.92955839913567,78.60290681991708,79.58286155757287,68.1637121888462,68.17059374748638,17.1706,17.0595,16.313200000000002,18.007193674256342,14.619206325743662
2023-03-06,921,17.282,17.129,17.353,16.915,5779962,110173235.2,0.00424,0.6078396514729754,0.6040589557163965,0.003780695756578911,72.70728085941289,76.63769816641567,64.84644624540732,59.68075139847315,64.3725778346006,17.166999999999998,17.1275,16.4166,18.039745925274826,14.793454074725174
2023-03-07,921,16.843,16.709,17.371,16.565,6804226,128164062.11,0.00499,0.5486949963846648,0.5929861638500501,-0.044291167465385306,53.051673244697604,68.77568985917631,21.603640015740183,42.328205885337475,55.168190914402324,17.0864,17.141,16.489150000000002,18.02141605838661,14.956883941613397
2023-03-08,921,16.207,16.646,17.004,16.207,6909936,127769463.84,0.00507,0.4910780167627564,0.5726045344325914,-0.08152651766983499,46.337297405510554,61.296225707954385,16.419440800622894,40.2230861441294,53.9068918385473,17.020200000000003,17.0721,16.56885,17.94415065995133,15.193549340048671
2023-03-09,921,16.261,16.306,16.753,16.207,9489067,173379913.4,0.00696,0.413217675123029,0.540727162570679,-0.12750948744765,33.365294722114484,51.98591537934108,-3.875946592338707,30.424046190754098,47.51165773342133,16.8144,16.9665,16.610950000000003,17.892178436018558,15.329721563981446
2023-03-10,921,16.207,15.715,16.35,15.652,15227008,269024974.8,0.01117,0.30036165766113854,0.4926540615887709,-0.19229240392763236,23.355229126548185,42.44235329507678,-14.819019210508998,20.172996129533274,38.78622799513094,16.501,16.8358,16.62755,17.84899857487003,15.40610142512997
2023-03-13,921,15.831,16.171,16.297,15.831,7803208,140713781.23,0.00573,0.244894839415835,0.4431022171541837,-0.19820737773834868,24.72843755780819,36.53771471598725,1.1098832414500635,39.15476107978719,46.981771781198084,16.3094,16.7382,16.61635,17.850815454313782,15.381884545686217
2023-03-14,921,16.216,16.028,16.306,15.813,7866855,140782298.33,0.00577,0.18723970025039094,0.39192971377342517,-0.20469001352303423,23.120528867725298,32.06531943323326,5.230947736709368,35.938854438657216,44.92413772679073,16.1732,16.6298,16.6186,17.84835999369985,15.388840006300148
2023-03-15,921,16.368,17.631,17.631,16.315,16711910,323788093.06,0.01226,0.26780913760388714,0.36710559853951763,-0.09929646093563049,48.74701924515019,37.62588603720557,70.98928566103943,69.56477203094362,64.13352434849818,16.3702,16.6952,16.712600000000002,17.950507810528638,15.474692189471366
2023-03-16,921,17.371,17.219,18.025,16.968,23758966,465325899.95,0.01743,0.29501529134048354,0.35268753709971085,-0.0576722457592273,54.50953130179562,43.25376779206891,77.02105832124903,59.871997103440876,58.42045636398344,16.552799999999998,16.6836,16.79095,17.941489365505724,15.640410634494273
2023-03-17,921,17.201,16.933,17.604,16.852,14112470,270206880.33,0.01036,0.2901538437973521,0.34018079843923915,-0.050026954641887056,54.33378782951567,46.947107804551166,69.10714787944468,53.645521424444,54.72851075585548,16.7964,16.6487,16.854100000000003,17.877166577037876,15.831033422962127
2023-03-20,921,17.004,16.959,17.219,16.556,9353532,176464301.84,0.00686,0.28511249469214306,0.32916713768982,-0.04405464299767692,54.58184534890876,49.49202031933703,64.76149540805221,54.16551676408004,55.010477318577394,16.954,16.631700000000002,16.8796,17.885430664831386,15.873769335168614
2023-03-21,921,17.013,17.416,17.622,16.798,8710905,168412372.7,0.00639,0.3143694116864637,0.32620759248914877,-0.011838180802685061,61.16665796121943,53.38356619996449,76.73284148372932,62.935356820715846,59.810238913188854,17.2316,16.7024,16.9217,17.944023277740403,15.899376722259598
2023-03-22,921,17.192,17.076,17.497,17.031,5115175,98179932.91,0.00375,0.30658643528953533,0.3222833610492261,-0.015696925759690783,60.78058135748667,55.849237919138545,70.64326823418293,53.75314737235609,55.04406325811172,17.1206,16.7454,16.90875,17.915472221657147,15.902027778342854
2023-03-23,921,17.201,17.282,17.434,16.941,5543098,106825456.6,0.00407,0.31342784639218024,0.320512258117817,-0.00708441172563673,62.657216986968216,58.118564275081766,71.7345224107411,58.18840434467155,57.29345850634543,17.1332,16.843,16.90475,17.90450110060317,15.90499889939683
2023-03-24,921,17.255,17.192,17.434,17.112,5406693,104110661.37,0.00397,0.3080366122876512,0.31801712895178386,-0.009980516664132633,62.55206870861173,59.596399086258415,68.46340795331835,55.402766877864096,55.95897766398119,17.185,16.990699999999997,16.913249999999998,17.92006423049945,15.906435769500549
2023-03-27,921,17.165,17.103,17.371,16.933,5979119,114442367.59,0.00439,0.2932026075100147,0.31305422466343,-0.019851617153415324,57.06200292075093,58.751600364422586,53.68280803340761,52.42458062082954,54.587352654783864,17.213800000000003,17.0839,16.91105,17.915904003535044,15.906195996464954
2023-03-28,921,17.085,17.3,17.425,17.013,4273851,82283297.9,0.00314,0.29395428247889654,0.30923423622652335,-0.015279953747626807,54.92356809193699,57.475589606927386,49.8195250619562,58.368823552826,57.12501803159802,17.1906,17.211100000000002,16.92045,17.936671997089107,15.90422800291089
2023-03-29,921,17.326,17.729,17.855,17.147,7076306,139389143.61,0.00519,0.3254155155353544,0.3124704920882896,0.01294502344706483,66.71578904358537,60.55565608581338,79.03605495912936,68.6158277759923,62.149678638097,17.3212,17.2209,16.95805,18.036805515933636,15.879294484066364
2023-03-30,921,17.622,18.195,18.329,17.335,9982512,200009192.55,0.00733,0.38352997802768485,0.32668238927616866,0.05684758875151619,75.2912554894818,65.46752255370285,94.93872136103971,76.23922704937401,66.7651278824018,17.503800000000002,17.3185,17.00105,18.204432334133507,15.797667665866491
2023-03-31,921,18.222,18.759,18.849,17.953,14726383,305397634.26,0.01081,0.46968199082796147,0.35528230958652723,0.11439968124143424,82.06480253825035,70.99994921521868,104.19450918431369,82.43568638867444,71.37392838786046,17.8172,17.5011,17.0749,18.5098760166708,15.6399239833292
2023-04-03,921,18.535,18.661,18.956,18.222,11004772,229817145.65,0.00808,0.5240098416866736,0.38902781600655656,0.13498202568011708,83.18243385562053,75.06077742868595,99.42574670948969,78.18429784555573,69.54582606507005,18.128800000000002,17.671300000000002,17.1515,18.752580358941675,15.550419641058323
2023-04-04,921,18.455,18.294,18.643,18.159,6280891,128916850.22,0.00461,0.5313264229412944,0.4174875373935042,0.1138388855477902,77.88039666828814,76.00065050855335,81.63988898775773,63.473692686825565,62.95802405612998,18.3276,17.7591,17.23075,18.895259774520117,15.566240225479884
2023-04-05,921,18.294,18.294,18.294,18.294,0,0.0,0.0,0.5310037851607916,0.44019078694696173,0.09081299821382988,74.34570521006654,75.44900207572441,72.1391114787508,63.473692686825565,62.95802405612998,18.4406,17.8809,17.31315,19.018441365750903,15.607858634249098
2023-04-06,921,18.168,18.204,18.428,17.9,3860729,78292997.19,0.00283,0.517520194125126,0.4556566683825946,0.061863525742531345,70.5062981182945,73.80143408991444,63.91602617505461,59.519061298149374,61.264346089897266,18.4424,17.9731,17.40805,19.088415308026903,15.727684691973096
2023-04-07,921,18.168,18.249,18.652,18.007,3769880,77090862.86,0.00277,0.5046482044899641,0.4654549756040685,0.03919322888589555,68.2085219570582,71.93713004562902,60.75130577991655,60.97779268166513,61.824519926528595,18.3404,18.0788,17.53475,19.051807522414713,16.017692477585285
2023-04-10,921,18.114,18.106,18.356,17.801,5007138,100852458.6,0.00367,0.4774049285497277,0.4678449661932004,0.00955996235652734,63.14325270695353,69.00583759940386,51.41808292205286,53.61092570442615,58.87303584770544,18.229400000000002,18.1791,17.6315,19.024055621113213,16.238944378886785
2023-04-11,921,18.141,18.929,18.983,17.864,12356941,256101323.99,0.00907,0.5162723893775123,0.47753045083006285,0.03874193854744945,74.33660212826024,70.78275910902265,81.44428816673542,74.71110181821652,68.35733265117477,18.3564,18.342,17.77655,19.06640980062269,16.48669019937731
2023-04-12,921,18.893,18.786,19.073,18.535,7034226,147757409.28,0.00516,0.5294332505218335,0.487911010768417,0.04152223975341657,75.37010372491986,72.31187398098838,81.48656321278281,68.2393384400172,65.49442347527243,18.4548,18.4477,17.834300000000002,19.198030194028316,16.47056980597169
2023-04-13,921,18.625,18.804,18.938,18.473,6799112,142437507.77,0.00499,0.5351469365362576,0.49735819592198516,0.0377887406142724,76.53080290256707,73.71818362151461,82.156041464672,68.64954168976547,65.6917321967963,18.5748,18.5086,17.91355,19.310537205607414,16.516562794392588
2023-04-14,921,18.553,18.338,18.938,18.231,5895895,121367039.53,0.00433,0.49635114220529175,0.4971567851786466,-0.0008056429733548365,65.09286231240326,70.84307651847749,53.592433900254775,48.991994253155475,56.55791423232288,18.5926,18.4665,17.9838,19.312824272084107,16.65477572791589
2023-04-17,921,20.174,20.174,20.174,20.174,7534230,169746201.9,0.00553,0.606760689007519,0.5190775659444211,0.08768312306309789,76.7285748749355,72.80490930396348,84.57590601687954,78.32965613912302,72.80805745867971,19.0062,18.6178,18.14455,19.70861359744139,16.58048640255861
2023-04-18,921,20.863,22.189,22.189,20.774,49153596,1194903133.47,0.03607,0.8470899810974046,0.5846800489750178,0.26240993212238684,84.48571658329033,76.69851173040576,100.06012628905947,87.66964495797106,81.21915390277817,19.6582,19.0073,18.3832,20.736590172764032,16.029809827235965
2023-04-19,921,22.359,22.511,23.012,21.902,28291923,704978315.5,0.02076,1.0514153235935488,0.6780271038987241,0.3733882196948247,86.45238522555182,79.94980289545444,99.45754988574657,88.61094947056289,82.18007479914407,20.4032,19.429,18.65495,21.56267528022547,15.74722471977453
2023-04-20,921,21.759,23.245,23.639,21.759,21071973,542255149.7,0.01546,1.2580700459093705,0.7940356923008535,0.4640343536085171,88.71862794870066,82.87274457986985,100.41039468636228,90.57838813518487,84.19145073545864,21.2914,19.9331,18.9531,22.434367579186326,15.471832420813673
2023-04-21,921,23.048,23.469,23.8,23.048,16116684,421110056.94,0.01183,1.4235109813356353,0.9199307501078099,0.5035802312278254,90.6203701149469,85.45528642489552,100.95053749504962,91.13896034847849,84.76398220609936,22.3176,20.455099999999998,19.26695,23.18420352094647,15.349696479053536
2023-04-24,921,23.72,23.048,23.809,22.717,13659645,352628410.06,0.01002,1.503323555297964,1.0366093111458408,0.46671424415212326,89.19928582540619,86.70328622506574,94.19128502608709,80.355956587269,78.90484515035907,22.8924,20.9493,19.5642,23.686914108576005,15.441485891423993
2023-04-25,921,22.995,23.523,23.55,22.654,10710705,277390608.73,0.00786,1.5866146191993522,1.146610372756543,0.4400042464428091,91.090428628435,88.16566702618883,96.93995183292736,83.06821568154544,80.5588765089259,23.1592,21.4087,19.87535,24.212311695400068,15.538388304599934
2023-04-26,921,23.29,22.368,23.478,22.207,14021371,353069846.21,0.01029,1.5416533213893722,1.225618962483109,0.3160343589062631,85.44907504355328,87.2601363653103,81.8269524000392,59.2128579875992,66.68848265985417,23.1306,21.7669,20.107300000000002,24.45711776266777,15.757482237332233
2023-04-27,921,22.368,22.377,22.61,22.01,12105350,301580929.34,0.00888,1.4895764832255516,1.2784104666315976,0.21116601659395395,77.16779234907219,83.89602169323092,63.71133366075472,59.322090380924436,66.7371663760275,22.957,22.1242,20.3164,24.681200225729157,15.951599774270846
2023-04-28,921,22.117,22.198,22.654,21.947,10141289,252119830.4,0.00744,1.4175211089110178,1.3062325950874818,0.111288513823536,67.08495327390094,78.29233222012093,44.67019538146096,55.75816644933039,64.68601008615076,22.702800000000003,22.5102,20.48835,24.86575905222773,16.11094094777227
2023-05-01,921,22.198,22.198,22.198,22.198,0,0.0,0.0,1.3449133813369585,1.3139687523373773,0.03094462899958117,51.861513564714436,69.48205933498542,16.620422024172456,55.75816644933038,64.68601008615076,22.5328,22.712600000000002,20.665200000000002,25.017484317338006,16.312915682662
2023-05-02,921,22.198,22.198,22.198,22.198,0,0.0,0.0,1.272700336853589,1.3057150692406196,-0.033014732387030676,41.712553758590104,60.22555747618698,4.686546323396357,55.75816644933038,64.68601008615076,22.2678,22.7135,20.8604,25.113971250014075,16.606828749985922
2023-05-03,921,22.198,22.198,22.198,22.198,0,0.0,0.0,1.2016194576940116,1.2848959469312982,-0.08327648923728659,32.30174547028099,50.91762014088498,-4.930003870926981,55.758166449330375,64.68601008615076,22.2338,22.6822,21.0556,25.16929545222822,16.941904547771777
2023-05-04,921,22.386,22.735,22.833,21.857,14192371,357280753.03,0.01041,1.1750732476725503,1.2629314070795488,-0.08785815940699848,36.52766637909442,46.120968886954785,17.341061363373683,67.79437996653508,68.76496151588256,22.3054,22.6312,21.282149999999998,25.23034325901421,17.333956740985787
2023-05-05,921,22.475,21.49,22.484,21.311,18318654,443330432.15,0.01344,1.0415675482228046,1.2186586353082,-0.17709108708539545,27.016657740893947,39.75286517160117,1.5442428794794978,38.58770845280411,53.21804439381037,22.163800000000002,22.4333,21.444200000000002,25.12522077375842,17.763179226241583
2023-05-08,921,21.92,21.445,21.974,21.436,8197571,197827528.07,0.00602,0.9215096065285309,1.1592288295522664,-0.2377192230237355,20.07232651115742,33.19268561811992,-6.168391702767572,37.87989062371905,52.747811240067605,22.0132,22.273000000000003,21.611150000000002,24.940795675791154,18.28150432420885
2023-05-09,921,21.445,21.625,21.965,21.401,6382765,154710182.07,0.00468,0.831304556889318,1.0936439750196767,-0.26233941813035866,20.258467345589843,28.881279527276558,3.0128429822164122,42.906768893614,54.50207338701208,21.8986,22.083199999999998,21.74595,24.82743661832991,18.664463381670092
2023-05-10,921,21.678,21.929,22.314,21.508,7804216,191256364.94,0.00573,0.7754082408581553,1.0299968281873724,-0.2545885873292171,27.04046749889956,28.267675517817555,24.58605146106357,50.95090611083728,57.41493288951092,21.8448,22.039299999999997,21.903100000000002,24.65158052950199,19.154619470498012
2023-05-11,921,21.911,21.616,22.198,21.481,5562827,135013891.07,0.00408,0.6978096088684005,0.963559384323578,-0.26574977545517753,24.706785603734176,27.080712213123093,19.95893238495634,43.39648185677456,53.5632198615048,21.621,21.9632,22.0437,24.381707617834365,19.705692382165637
2023-05-12,921,21.562,21.75,22.207,21.428,5731289,140164955.56,0.00421,0.6397501722547005,0.8987975419098025,-0.259047369655102,26.085732671433828,26.749052365893338,24.759093282514804,47.40287163962262,54.973943661025906,21.673000000000002,21.9184,22.2143,23.786210550555044,20.64238944944496
2023-05-15,921,21.535,21.544,21.732,20.98,6953885,165882957.83,0.0051,0.5705383610489463,0.8331457057376314,-0.2626073446886851,27.536198107633357,27.011434279806675,28.585725763286725,41.92818233113995,52.308887526289254,21.6928,21.853,22.2828,23.574833990101588,20.990766009898415
2023-05-16,921,21.481,21.222,21.813,21.06,4095093,97691487.05,0.00301,0.48412411179140236,0.7633413869483856,-0.27921727515698325,22.710766358497807,25.57787830603705,16.97654246341932,34.46247179820547,48.31489098660106,21.612199999999998,21.755399999999998,22.23445,23.610880543872135,20.858019456127863
2023-05-17,921,20.863,20.908,21.257,20.505,11548366,268288015.44,0.00847,0.3858551233022176,0.687844134219152,-0.3019890109169344,21.928450942720985,24.361402518265027,17.062547791632902,28.519971395859415,44.68528818976849,21.408,21.6264,22.1543,23.64487913153489,20.66372086846511
2023-05-18,921,20.908,21.472,21.571,20.783,8852313,210457623.74,0.0065,0.3494579940065634,0.6201669061766344,-0.270708912170071,32.43728312341343,27.05336271998116,43.20512393027796,47.88818927161564,51.78297062110866,21.379200000000004,21.5001,22.06565,23.492638330273145,20.638661669726858
2023-05-19,921,21.481,22.735,23.344,21.383,12444752,314134887.38,0.00913,0.41771143375725117,0.5796758116927577,-0.16196437793550655,47.80778367673375,33.97150303889869,75.48034495240387,69.84501496429534,63.290199306757664,21.576200000000004,21.6246,22.028950000000002,23.336748869937356,20.721151130062648
2023-05-22,921,22.457,22.296,22.744,22.019,7288126,181392550.99,0.00535,0.4314061637624427,0.5500218821066948,-0.11861571834425211,52.90038695743738,40.28113101174492,78.1388988488223,59.405047329604955,58.03809687665714,21.726599999999998,21.709699999999998,21.99135,23.216411334661704,20.766288665338298
2023-05-23,921,22.081,21.848,22.457,21.625,5776537,141309253.22,0.00416,0.4014814518831997,0.5203137960619958,-0.11883234417879607,51.035387712143866,43.865883245211236,65.37439664600913,50.21367275318374,53.129736508325145,21.8518,21.732,21.9076,22.89839965577994,20.916800344220057
2023-05-24,921,21.938,21.168,22.099,21.043,6343398,151232509.22,0.00457,0.31921586349108466,0.48009420954781357,-0.1608783460567289,41.808022945820454,43.17992981208097,39.06420921329942,39.17378219464033,46.60352025858673,21.9038,21.655900000000003,21.8476,22.86596182175046,20.82923817824954
2023-05-25,921,20.98,21.83,21.866,20.711,10480931,250291189.7,0.00755,0.30393409623798107,0.44486218688584706,-0.140928090647866,43.429136349227235,43.26299865779639,43.76141173208893,51.60408727699013,52.76550617715026,21.9754,21.6773,21.820249999999998,22.807657424041135,20.83284257595886
2023-05-26,921,21.696,22.466,22.583,21.598,6265360,154485124.5,0.00451,0.3392326078640906,0.4237362710814958,-0.08450366321740521,51.97729672313165,46.1677646795748,63.59636081024536,60.83198736344454,57.86198093538348,21.921599999999998,21.7489,21.83365,22.84950644965945,20.817793550340546
2023-05-29,921,22.466,22.511,22.905,22.072,8934676,224844593.65,0.00644,0.3666119818311344,0.4123114132314235,-0.04569943140028909,58.20442536033126,50.179984906493615,74.25330626800655,61.455991857332776,58.210018999711416,21.9646,21.845599999999997,21.8493,22.897906513927673,20.800693486072326
2023-05-30,921,22.61,22.708,22.815,22.242,4667432,117450241.7,0.00336,0.39960024366167346,0.40976917931747353,-0.010168935655800071,64.08463146569238,54.814867092893195,82.62416021129076,64.4327365712066,59.79588120899706,22.136599999999998,21.9942,21.8748,22.982263027777293,20.767336972222708
2023-05-31,921,22.762,21.24,22.851,21.096,13254777,320065439.76,0.00955,0.30378648611242554,0.38857264067646397,-0.08478615456403843,49.42013790332143,53.016624029702605,42.22716565055909,38.11237664531053,45.69837179142808,22.151,22.0274,21.826900000000002,22.958119909747637,20.695680090252367
2023-06-01,921,21.24,21.866,22.063,21.06,8688437,210771068.05,0.00626,0.2751940949479348,0.3658969315307582,-0.09070283658282341,50.49461639619787,52.17595481853436,47.131939551524894,48.812294289595826,51.06529004067375,22.1582,22.066799999999997,21.78345,22.831506140520695,20.735393859479302
2023-06-02,921,21.965,22.368,22.654,21.589,5221651,130285430.89,0.00376,0.2897021178217578,0.35065796878895816,-0.06095585096720035,58.8377965278815,54.39656872165007,67.72025214034437,56.11384048614832,54.95961482660201,22.1386,22.030099999999997,21.82735,22.89698294737222,20.75771705262778
2023-06-05,921,22.332,22.511,22.618,21.463,6678876,165227890.94,0.00481,0.30917476116392706,0.34236132726395196,-0.033186566100024906,66.57250853302094,58.455215325440356,82.8070949481821,58.15423546544415,56.04661193527677,22.138599999999997,22.0516,21.88065,22.97599061513157,20.78530938486843
2023-06-06,921,22.699,22.807,23.729,22.484,6577343,169509682.55,0.00474,0.34452028214227326,0.3427931182396163,0.0017271639026569807,67.53166131050523,61.48069732046198,79.63358929059173,62.48646607801685,58.31813757563595,22.158399999999997,22.1475,21.93975,23.102489392441722,20.777010607558278
2023-06-07,921,22.789,22.708,23.281,22.368,5682365,143955016.26,0.00409,0.3603890489324968,0.34631230437819244,0.014076744554304355,65.60309829842348,62.85483097978248,71.09963293570547,59.99365089541721,57.23882304127398,22.451999999999998,22.301499999999997,21.978699999999996,23.191055185057472,20.76634481494252
2023-06-08,921,22.618,22.735,22.986,22.207,4244306,107064744.47,0.00306,0.37086869186817495,0.35122358187618896,0.019645109991985987,64.65459456937486,63.454752176313264,67.05427935549807,60.50924667206967,57.47299039873743,22.625799999999998,22.392,22.03465,23.27937821383412,20.789921786165877
2023-06-09,921,22.86,22.305,23.039,21.92,7480573,186041950.07,0.00539,0.3405508202211074,0.3490890295451727,-0.008538209324065293,58.65195776337244,61.85382070533298,52.24823187945137,48.55106539290326,52.479967954163826,22.6132,22.375899999999998,22.0624,23.30515303893749,20.81964696106251
2023-06-12,921,22.314,22.896,23.174,22.036,8010030,202334855.9,0.00577,0.3600618800512372,0.3512835996463856,0.008778280404851568,62.031241481314126,61.912960963993356,62.26780251595568,61.19827445232171,57.95650601544782,22.690199999999997,22.4144,22.130000000000003,23.400791050777325,20.85920894922268
2023-06-13,921,22.726,22.663,23.093,22.108,5384615,135186511.26,0.00388,0.3526581590784197,0.35155851153279244,0.001099647545627247,61.374143502841875,61.73335514360953,60.65572022130655,54.82258036882182,55.219481358943646,22.6614,22.4099,22.20205,23.418310269064207,20.985789730935792
2023-06-14,921,22.663,22.538,22.878,22.359,4314800,108767288.74,0.00311,0.33286711662497837,0.3478202325512297,-0.014953115926251315,56.72957021989988,60.065426835706305,50.05785698828703,51.376777023107145,53.73432904077515,22.6274,22.5397,22.283549999999998,23.34305087056864,21.224049129431357
2023-06-15,921,22.386,22.654,22.69,22.207,7826116,196098902.83,0.00564,0.3228215179248295,0.3428204896259497,-0.019998971701120194,55.33957226192795,58.49014197778018,49.038432830223485,54.55747677885834,54.96065872657893,22.6112,22.6185,22.34265,23.341685171394417,21.34361482860558
2023-06-16,921,22.914,22.036,23.29,21.992,8800503,219028348.03,0.00634,0.2619730116504577,0.3266509940308513,-0.06467798238039357,39.03050901854713,52.00359765803583,13.084331739569734,38.4693491326086,47.62407355634995,22.5574,22.5853,22.3077,23.29780942510567,21.317590574894332
2023-06-19,921,22.054,22.099,22.395,21.956,8951232,220924476.96,0.00645,0.21633987412008793,0.30458877004869866,-0.08824889592861074,30.375570489250364,44.79425526844067,1.538200930869749,40.6116754386637,48.39022501919341,22.398,22.5441,22.29785,23.292359405633555,21.303340594366446
2023-06-20,921,22.001,22.439,22.923,21.804,7983505,200771653.33,0.00575,0.2052445113764776,0.28471991831425447,-0.07947540693777688,34.49443595649444,41.36098216445859,20.761343540566145,51.53884096845994,52.482488032185366,22.353199999999998,22.507299999999997,22.3274,23.30052051506531,21.354279484934693
2023-06-21,921,22.439,22.502,23.102,22.251,6162867,156074888.27,0.00444,0.19923823559007303,0.2676235817694182,-0.06838534617934516,38.65353603918831,40.45850012270183,35.043607872161274,53.44355228941459,53.232088318935546,22.346,22.4867,22.3941,23.201353407027035,21.586846592972968
2023-06-22,921,22.502,22.502,22.502,22.502,0,0.0,0.0,0.19226194275908526,0.2525512539673516,-0.06028931120826636,41.42626942765089,40.781089891018176,42.716628500916315,53.44355228941458,53.232088318935546,22.3156,22.4634,22.4277,23.19082793988324,21.664572060116765
2023-06-23,921,22.502,22.502,22.502,22.502,0,0.0,0.0,0.18460516697673057,0.2389620365692274,-0.05435686959249683,43.274758353292604,41.61231271177631,46.59964963632518,53.44355228941458,53.232088318935546,22.4088,22.4831,22.429499999999997,23.193177942590232,21.665822057409763
2023-06-26,921,21.947,22.287,23.057,21.857,6996531,175848296.73,0.00504,0.15935150884154936,0.2230399310236918,-0.06368842218214243,39.68429381471189,40.96963974608817,37.11360195195934,43.38723459463962,49.75454608679248,22.4464,22.4222,22.4183,23.18351399827548,21.653086001724517
2023-06-27,921,22.26,22.484,23.012,22.027,5612109,140665286.26,0.00404,0.15346500734642277,0.20912494628823797,-0.0556599389418152,41.70967277194348,41.21631742137327,42.69638347308391,53.09226949432245,52.83446978125939,22.4554,22.4043,22.4071,23.16093312407072,21.65326687592928
2023-06-28,921,22.511,23.729,24.087,22.493,15240914,402607046.26,0.01098,0.24642042628175176,0.21658404228694073,0.029836383994811033,55.912741404101894,46.11512541561614,75.5079733810734,79.605964974063,66.8456651439966,22.700799999999997,22.5234,22.53155,23.295858693491187,21.76724130650881
2023-06-29,921,23.971,23.872,24.069,22.699,12187118,319811094.28,0.00878,0.32784794337724676,0.23883682250500193,0.08901112087224483,67.46934986875884,53.23320023333037,95.94164913961576,81.07995939195463,68.03546551109336,22.9748,22.6452,22.63185,23.541152167366697,21.722547832633303
2023-06-30,921,23.997,24.132,24.624,23.621,9924055,267929022.83,0.00715,0.4086490129648226,0.2727992605969661,0.1358497523678565,72.49729707562648,59.65456584742907,98.1827595320213,83.65711150063271,70.1595190940464,23.300800000000002,22.8548,22.72005,23.839513494620657,21.600586505379344
2023-07-03,921,24.087,23.308,24.096,23.111,10965405,287316857.08,0.0079,0.40156553174389487,0.29855251482635187,0.103013016917543,65.81135309197892,61.70682826227902,74.02040275137873,55.1090760410718,57.05224828403573,23.505000000000003,22.9757,22.7599,23.904490554233657,21.61530944576634
2023-07-04,921,23.308,22.663,23.344,22.099,14391865,363739844.53,0.01037,0.33998655892965246,0.306839323647012,0.033147235282640464,53.58390892796186,58.999188484173295,42.75334981553898,41.73211396194163,49.202840240703125,23.5408,22.9981,22.752699999999997,23.89785457012252,21.607545429877476
2023-07-05,921,22.654,22.502,22.663,22.171,10816702,270979756.81,0.00779,0.2750231294183081,0.30047608480127125,-0.02545295538296316,43.49275412689325,53.830377031746615,22.817508317186523,38.90351962428795,47.42605134281154,23.2954,22.9981,22.7424,23.89294044966468,21.59185955033532
2023-07-06,921,22.296,22.421,22.986,22.26,6936143,174346673.55,0.005,0.21453015040765067,0.28328689792254713,-0.06875674751489647,35.78953154297401,47.81676186882241,11.735070891277218,37.374151569743105,46.50435682422506,23.005200000000002,22.99,22.7267,23.886200273483947,21.567199726516055
2023-07-07,921,22.269,22.296,22.386,21.938,6829098,168831969.32,0.00492,0.15471906827438886,0.2575733319929155,-0.10285426371852663,28.302477469453514,41.31200040236611,2.2834316036283155,34.837959879439424,45.03104190011502,22.637999999999998,22.9694,22.72625,23.886446149477308,21.566053850522692
2023-07-10,921,22.171,20.908,22.287,20.55,18856385,442769347.33,0.01358,-0.004628293126799576,0.20513300696897246,-0.20976130009577204,21.79746247922658,34.80715442798627,-4.221921418292794,18.295187448952674,32.5423101005903,22.158,22.8315,22.62685,24.039080229477992,21.21461977052201
2023-07-11,921,20.899,21.105,21.204,20.353,12061488,280386380.54,0.00869,-0.113705248151728,0.14136535594483238,-0.25507060409656035,20.40068090982232,30.004996588598285,1.1920495522703902,24.40862958183719,35.31974193188216,21.8464,22.6936,22.54895,24.116161734594744,20.98173826540526
2023-07-12,921,21.168,21.41,21.929,21.043,10569211,254637987.79,0.00761,-0.17353813031884258,0.07838465869209738,-0.25192278901093995,21.849888108304235,27.286627095166935,10.976410134578828,33.6342770768872,39.52515700963653,21.628,22.4617,22.49255,24.140527577133767,20.844572422866236
2023-07-13,921,21.678,21.714,22.18,21.562,7220365,176056776.93,0.0052,-0.19418738979463512,0.02387024899475086,-0.218057638789386,26.686994601368355,27.086749597234075,25.887484609636914,42.08800309454415,43.51823410224866,21.4866,22.2459,22.44555,24.127409055988156,20.763690944011845
2023-07-14,921,21.66,22.019,22.377,21.66,7361709,181231030.18,0.0053,-0.18382213850662765,-0.017668228505524852,-0.1661539100011028,36.35814127999389,30.177213491487343,48.719996857006976,49.7884428956554,47.324968416029236,21.4312,22.0346,22.4447,24.12744751522587,20.76195248477413
2023-07-17,921,23.153,23.089,24.022,22.247,19813411,496360443.42,0.01427,-0.088250250603231,-0.031784632925066086,-0.05646561767816491,49.095670092904065,36.48336569195958,74.32027889479303,67.80842617395518,58.12592116105713,21.867399999999996,22.012700000000002,22.4942,24.192303908543103,20.796096091456896
2023-07-18,921,23.208,22.888,23.272,22.705,11845230,296941550.88,0.00853,-0.028400478020518705,-0.03110780194415661,0.002707323923637907,55.76124531132281,42.90932556508065,81.46508480380714,62.7333485448618,55.781952434594174,22.223999999999997,22.035199999999996,22.51665,24.223530598913175,20.80976940108682
2023-07-19,921,23.098,23.235,23.491,22.897,8736953,222111305.28,0.00629,0.04649493329329957,-0.015587254896665372,0.06208218818996494,63.35750141677903,49.72538418231344,90.62173588571021,67.73591674583884,58.90309134414226,22.589,22.1085,22.5533,24.290072214861414,20.816527785138586
2023-07-20,921,23.372,22.778,23.564,22.732,6272752,158550240.47,0.00452,0.06818797710953817,0.0011677915045753403,0.06702018560496283,64.26976881950799,54.57351239471162,83.66228166910072,55.880858602820204,53.47962244498135,22.8018,22.144199999999998,22.5671,24.306539946165035,20.827660053834965
2023-07-21,921,22.732,22.064,22.759,21.762,9512078,229986886.07,0.00685,0.02744961569372606,0.006424156342405485,0.021025459351320573,58.391165948718964,55.84606357938073,63.481370687395426,42.074793277916356,46.225407972084135,22.8108,22.121,22.5452,24.299060295702294,20.79133970429771
2023-07-24,921,22.256,21.836,22.348,21.726,6900482,164967528.47,0.00497,-0.022968754253597012,0.0005455742232049846,-0.023514328476801998,47.80066764266169,53.164264933807715,37.07347306036965,38.435957628495586,44.139685641720625,22.560200000000002,22.2138,22.52265,24.301901797215212,20.743398202784785
2023-07-25,921,22.174,22.293,22.888,22.156,9256107,227288072.51,0.00667,-0.025752733511708925,-0.004714087323777799,-0.021038646187931127,41.772260813264964,49.36693022696013,26.582921985874634,49.037191237396605,49.156006490528256,22.441200000000002,22.3326,22.5131,24.295273232763243,20.73092676723676
2023-07-26,921,22.311,21.872,22.503,21.753,6407800,154931753.62,0.00462,-0.061224480978893325,-0.01601616605480091,-0.04520831492409241,30.83998872168553,43.19128305853526,6.137400047986063,41.19525034466859,45.087005633689735,22.1686,22.3788,22.420250000000003,24.12762383752109,20.712876162478917
2023-07-27,921,21.753,21.653,22.32,21.534,8577817,204715654.29,0.00618,-0.10578810670279282,-0.033970554184399294,-0.07181755251839353,22.154311880909322,36.17895933265995,-5.89498302259193,37.45617146255757,43.06409323891292,21.943599999999996,22.3727,22.3093,23.904143150182197,20.714456849817804
2023-07-28,921,21.579,21.616,22.019,21.442,7107758,167869888.9,0.00512,-0.14244863276311293,-0.05566616990014203,-0.0867824628629709,17.502811753468286,29.953576806262728,-7.398718352120596,36.779371019749924,42.710901456993646,21.854,22.3324,22.183500000000002,23.554144028415276,20.812855971584728
2023-07-31,921,21.552,21.095,21.954,20.866,15177478,351604899.34,0.01093,-0.21110917445708566,-0.08675477081153077,-0.12435440364555489,14.49779740816837,24.801650340231276,-6.109908455957438,28.17652839777172,37.932024338949226,21.7058,22.133000000000003,22.07285,23.418339349445976,20.727360650554022
2023-08-01,921,21.177,21.781,21.89,20.893,13435136,316844856.69,0.00968,-0.20777359687626884,-0.1109585360244784,-0.09681506085179044,20.969868398131506,23.524389692864688,15.86082580866514,47.55792882296384,46.526181248526875,21.6034,22.0223,22.02875,23.350401737708673,20.707098262291325
2023-08-02,921,21.671,22.092,22.595,21.57,7186024,173945965.04,0.00518,-0.17798334553222261,-0.12436349792602726,-0.053619847606195356,34.19092446456373,27.079901283431035,48.412970826829124,54.271090753751615,49.953350402879536,21.647399999999998,21.907999999999998,22.008249999999997,23.31158626553223,20.704913734467763
2023-08-03,921,22.092,22.137,22.302,21.845,4940648,119345326.35,0.00356,-0.14902536119696208,-0.12929587058021424,-0.019729490616747836,43.74680160479652,32.635534723886195,65.96933536661714,55.26540613377489,50.45458209419746,21.7442,21.843899999999998,21.994049999999998,23.284577183179493,20.703522816820502
2023-08-04,921,22.083,21.671,22.256,21.598,5786222,137858038.52,0.00417,-0.16181297618955526,-0.13579929170208246,-0.026013684487472793,42.435223489910484,35.90209764589429,55.50147517794288,43.509160163663076,45.32625926831064,21.7552,21.8046,21.962799999999998,23.25280964500635,20.672790354993644
2023-08-07,921,21.671,21.561,21.799,21.396,4791985,113125065.9,0.00345,-0.17876266911851246,-0.14439196718536848,-0.03437070193314398,41.68903081320811,37.83107536833223,49.404941702959874,41.03645063216958,44.17014983579524,21.8484,21.777099999999997,21.995449999999998,23.20350306174807,20.787396938251927
2023-08-08,921,21.424,21.79,22.046,21.323,6388781,152253861.64,0.0046,-0.17173735538415968,-0.14986104482512674,-0.02187631055903294,45.606452390991635,40.42286770921869,55.973621754537504,48.367107636845276,47.227120131033566,21.850199999999997,21.726799999999997,22.0297,23.16830119167472,20.891098808325278
2023-08-09,921,21.653,21.689,21.836,21.451,6033476,142776718.93,0.00435,-0.17233305139956911,-0.15435544614001523,-0.017977605259553886,46.27089114479452,42.37220885441063,54.068255725562295,45.3810321129258,46.01485594364389,21.7696,21.7085,22.04365,23.15683571297777,20.93046428702223
2023-08-10,921,21.497,21.314,21.616,21.131,7149010,166229755.82,0.00515,-0.20075038529777345,-0.16363443397156688,-0.03711595132620657,39.484237821226046,41.4095518433491,35.63360977697994,35.5910373983139,41.68128992077636,21.604999999999997,21.6746,22.02365,23.17547569496336,20.87182430503664
2023-08-11,921,21.351,21.076,21.387,20.893,6456300,148986563.44,0.00465,-0.2397126795444784,-0.1788500830861492,-0.0608625964583292,29.906844015560804,37.575315900753,14.569900245176413,30.568639326861557,39.12982552465165,21.486,21.6206,21.976499999999998,23.203854279055022,20.749145720944973
2023-08-14,921,20.866,21.095,21.195,20.555,5550234,127289951.85,0.004,-0.26599125561193304,-0.19627831759130598,-0.06971293802062706,28.761425422138565,34.63735240788152,17.009571450652658,31.49472757339487,39.45260730502535,21.3928,21.6206,21.8768,23.04623325904787,20.70736674095213
2023-08-15,921,21.095,21.223,21.525,20.957,5401178,125497991.46,0.00389,-0.27333781799424983,-0.21169021767189478,-0.061647600322355056,31.919942840097704,33.731549218620245,28.296730083052623,38.162575743104775,41.72373274473344,21.279400000000003,21.564799999999998,21.793550000000003,22.894964874747345,20.692135125252662
2023-08-16,921,21.168,20.82,21.241,20.692,5086029,116000535.74,0.00366,-0.3081268589710717,-0.23097754593173017,-0.07714931303934155,26.472985604940707,31.3120280140604,16.794900786701326,27.901971832049767,36.961808075792625,21.1056,21.4376,21.672800000000002,22.628745957511793,20.71685404248821
2023-08-17,921,20.829,21.287,21.36,20.372,6526103,149564377.53,0.0047,-0.294618251657802,-0.24370568707694457,-0.05091256458085741,35.86848980592222,32.830848611347676,41.94377219507132,47.52219640181516,44.91006698485646,21.1002,21.352600000000002,21.59825,22.41348980972923,20.78301019027077
2023-08-18,921,21.314,20.884,21.534,20.857,3854810,88592444.04,0.00278,-0.3128252601534456,-0.2575296016922448,-0.05529565846120077,34.107467915218564,33.25638837930464,35.809626987046414,37.07441072074237,40.14492706860372,21.061799999999998,21.2739,21.539250000000003,22.382868241173725,20.69563175882628
2023-08-21,921,20.765,20.637,21.241,20.399,7762272,175633421.19,0.00559,-0.34322875387293905,-0.2746694321283837,-0.06855932174455537,28.772009575537346,31.76159544471554,22.79283783718097,31.91402173112337,37.48557064087518,20.9702,21.1815,21.479300000000002,22.400929015441797,20.557670984558207
2023-08-22,921,20.701,21.186,21.387,20.61,6493785,149715621.17,0.00468,-0.3193428443505759,-0.28360411457282214,-0.035738729777753775,40.992700917453625,34.8386306022949,53.300841547771086,50.3474581852609,46.13721455254612,20.962799999999998,21.121100000000002,21.423949999999998,22.26965679876222,20.578243201237775
2023-08-23,921,21.067,20.857,21.268,20.811,3251202,74651701.96,0.00234,-0.32323459222460826,-0.29153021010317937,-0.0317043821214289,41.24126131157837,36.97284083872272,49.778102257289675,42.14254195046293,42.30926698432724,20.9702,21.0379,21.3732,22.227473122847734,20.518926877152268
2023-08-24,921,20.756,21.278,21.515,20.692,3928935,91167322.1,0.00283,-0.2890160517592193,-0.29102737843438736,0.002011326675168068,53.48384718534368,42.476509620929704,75.49852231417162,53.723074758378814,48.29752743287922,20.9684,21.034299999999998,21.35445,22.199274609638948,20.50962539036105
2023-08-25,921,21.278,20.884,21.451,20.582,6569521,149592874.44,0.00473,-0.29034322316894645,-0.2908905473812992,0.0005473242123527622,50.343218834979574,45.098746025612996,60.83216445371272,43.863320899001636,43.669696502876064,20.9684,21.0151,21.31785,22.178245814665384,20.457454185334615
2023-08-28,921,21.68,20.985,21.845,20.793,6920050,159380006.96,0.00499,-0.2800172950921258,-0.28871589692346455,0.008698601831338748,47.434062613226935,45.87718488815098,50.547818063378855,46.86322128081337,45.13972014034932,21.038,21.0041,21.312350000000002,22.180118650953656,20.44458134904635
2023-08-29,921,21.223,22.485,22.705,21.085,13942734,335776864.88,0.01004,-0.14907798055947197,-0.260788313650666,0.11171033309119405,61.81273555555322,51.18903511061839,83.06013644542287,72.78361784494979,61.44218013626661,21.297800000000002,21.1303,21.347550000000002,22.343071651142612,20.35202834885739
2023-08-30,921,22.952,22.942,23.144,22.604,10769781,269007148.82,0.00776,-0.008335463697470402,-0.21029774366002688,0.20196227996255647,72.08887895567544,58.1556497256374,99.9553374157515,76.90280759357198,64.90807815488537,21.7148,21.342499999999998,21.39005,22.574110004702383,20.205989995297614
2023-08-31,921,22.357,22.43,23.18,22.348,5425785,133963670.29,0.00391,0.06118457616575057,-0.15600127969487138,0.21718585586062195,72.40301387408206,62.90477110845229,91.39949940534161,63.90049425161593,58.483041865820574,21.9452,21.456799999999998,21.4047,22.6340567166779,20.175343283322096
2023-09-01,921,22.659,22.33,23.034,22.165,5939426,145612688.12,0.00428,0.10697737576047572,-0.10340554860380195,0.2103829243642777,70.6961842558032,65.50190882423593,81.08473511893777,61.464835501067405,57.275058440412195,22.2344,21.6014,21.43765,22.730733670512596,20.144566329487407
2023-09-04,921,22.403,22.137,22.494,21.662,7807513,188376375.77,0.00562,0.12623979851134592,-0.05747647918077237,0.1837162776921183,67.08203405095631,66.02861723314271,69.1888676865835,56.47900177347655,54.88804610651118,22.4648,21.7514,21.466450000000002,22.79623802822065,20.136661971779354
2023-09-05,921,22.101,21.671,22.137,21.589,5091430,121153596.0,0.00367,0.10271902091179186,-0.025437379162259518,0.12815640007405138,58.69364240810481,63.58362562479674,48.913675974720945,45.7309220497621,49.45868355432846,22.302,21.7999,21.460500000000003,22.78524784095096,20.135752159049048
2023-09-06,921,21.552,21.314,21.634,21.305,4458400,104316958.0,0.00321,0.05464184164271302,-0.009421535001265009,0.06406337664397803,48.52093481556486,58.56272868838611,28.437347069922353,38.92167709566776,45.682189194191494,21.9764,21.845599999999997,21.44175,22.763492370787816,20.120007629212182
2023-09-07,921,21.415,20.857,21.497,20.774,5617507,129277806.6,0.00405,-0.020104003558060413,-0.011558028712624091,-0.008545974845436321,33.49719289727042,50.20755009134754,0.07647850911618548,31.67641291907468,41.280422991420444,21.6618,21.8035,21.4189,22.7655085118584,20.0722914881416
2023-09-08,921,20.921,20.409,20.921,20.335,6138402,137244243.68,0.00442,-0.11417434947227889,-0.032081292864555064,-0.08209305660772383,23.19848009202912,41.2045267582414,-12.81361324039544,25.985985032951234,37.424032367246895,21.2776,21.755999999999997,21.385550000000002,22.799280187165937,19.971819812834067
2023-09-11,921,20.418,20.473,20.674,20.235,9426121,210940627.52,0.00679,-0.18146964214615124,-0.06195896272087431,-0.11951067942527693,18.15948474726106,33.522846087914616,-12.567237934046048,28.19721259196581,38.32199388661698,20.944799999999997,21.7048,21.35445,22.821454893616142,19.887445106383858
2023-09-12,921,20.399,20.729,20.875,20.308,6883766,155673774.0,0.00496,-0.21170419176658228,-0.09190800853001592,-0.11979618323656636,17.697721014303067,28.247804396710762,-3.402445750512328,37.20259953758878,41.956554286975404,20.7564,21.529199999999996,21.329749999999997,22.822483116767263,19.83701688323273
2023-09-13,921,20.692,20.326,20.838,20.152,6197905,138315769.5,0.00446,-0.2651277939845009,-0.12655196562091295,-0.13857582836358798,13.810972001670464,23.43552693169733,-5.438137858383264,30.076727989963302,38.10080039468555,20.558799999999998,21.2676,21.30505,22.84877515620292,19.761324843797084
2023-09-14,921,20.253,20.043,20.335,20.015,5945953,131047870.36,0.00428,-0.32653799180201304,-0.16654917085713297,-0.15998882094488007,9.583810566664251,18.81828814335297,-8.885144586713185,25.896761545758224,35.59488159468658,20.395999999999997,21.0289,21.242849999999997,22.886641032307246,19.59905896769275
2023-09-15,921,20.052,20.244,20.271,19.814,7770190,170097656.37,0.0056,-0.35489597594056477,-0.2042185318738194,-0.15067744406674538,12.559389280057694,16.731988522254543,4.2141907956639955,33.74466948703035,38.71783276414984,20.363,20.820299999999996,21.21085,22.90810354307266,19.513596456927342
2023-09-18,921,20.079,19.86,20.244,19.448,8464034,183406764.01,0.0061,-0.4037018498274385,-0.24411519546454324,-0.15958665436289526,14.655329358403803,16.03976880097096,11.886450473269484,27.152321888390816,35.164224266864224,20.2404,20.592599999999997,21.172,22.957820524959725,19.386179475040276
2023-09-19,921,19.814,21.04,21.131,19.622,15008020,339066991.88,0.01081,-0.34320842509726646,-0.26393384139108794,-0.07927458370617851,35.669032001096255,22.582856534346057,61.84138293459665,57.65627028742774,50.4191971179703,20.3026,20.5295,21.1647,22.951472933472097,19.377927066527903
2023-09-20,921,21.287,21.717,21.9,20.838,13366791,314352253.32,0.00963,-0.23789638663255275,-0.2587263504393809,0.020829963806828167,54.624922911008156,33.263545326566756,97.34767807989095,67.13181141873667,56.78338123005712,20.5808,20.5698,21.2077,23.004657908887904,19.410742091112095
2023-09-21,921,21.406,21.826,21.945,21.332,8459460,200701575.07,0.00609,-0.14398072815872354,-0.23577722598324943,0.0917964978245259,68.16137565312705,44.896155435420184,114.6918160885408,68.4939699974131,57.73622962788154,20.9374,20.6667,21.2351,23.05315921969412,19.41704078030588
2023-09-22,921,21.826,21.607,21.826,21.387,8632380,203577814.55,0.00622,-0.08622936350641908,-0.20586765348788336,0.11963828998146428,74.26216927135448,54.68482671406495,113.41685438593355,62.27179596523604,55.07469979016013,21.21,20.7865,21.271250000000002,23.088666544091048,19.453833455908956
2023-09-25,921,21.762,21.433,21.762,21.305,6630983,155532159.66,0.00478,-0.053880238909773226,-0.17547017057226136,0.12158993166248813,76.00657767202566,61.79207703338518,104.4355789493066,57.308236399784235,52.95870792000755,21.5246,20.8825,21.29365,23.107250811993133,19.480049188006866
2023-09-26,921,21.515,21.396,21.753,21.342,5348742,125542788.86,0.00385,-0.03087303030659072,-0.14655074251912723,0.1156777122125365,76.67559056121962,66.75324820933,96.52027526499887,56.165863198804765,52.49087934907702,21.5958,20.9492,21.2392,22.965486992057336,19.512913007942664
2023-09-27,921,21.497,21.25,21.515,21.131,4083225,94972044.31,0.00294,-0.024142333762103618,-0.1220690607677225,0.09792672700561889,75.17259368078103,69.55969669981367,86.39838764271576,51.32164284110706,50.567945422829986,21.5024,21.0416,21.154600000000002,22.684151898604732,19.625048101395272
2023-09-28,921,21.342,21.525,21.717,21.25,6319069,148593893.13,0.00455,0.0033434522343718243,-0.09698655816730364,0.10033001040167547,77.84166771349891,72.3203537043754,88.88429573174591,59.2631048396947,54.02843985711491,21.4422,21.189799999999998,21.10935,22.529680765775897,19.6890192342241
2023-09-29,921,21.525,21.525,21.525,21.525,0,0.0,0.0,0.024839797932649788,-0.07262128694731296,0.09746108487996274,79.20108885018162,74.61393208631081,88.37540237792322,59.2631048396947,54.0284398571149,21.425800000000002,21.3179,21.0691,22.385613721518464,19.752586278481534
2023-10-02,921,21.525,21.525,21.525,21.525,0,0.0,0.0,0.041398589600152746,-0.049817311637819814,0.09121590123797256,73.48726609885634,74.23837675715932,71.98504478225038,59.26310483969471,54.02843985711491,21.4442,21.4844,21.0385,22.276618011550333,19.800381988449665
2023-10-03,921,21.525,21.525,21.525,21.525,0,0.0,0.0,0.05390022307639697,-0.029073804694976457,0.08297402777137343,65.12582686688695,71.20086012706852,52.97576034652383,59.26310483969471,54.02843985711491,21.47,21.5329,21.0312,22.25525772137681,19.807142278623186
2023-10-04,921,21.525,21.525,21.525,21.525,0,0.0,0.0,0.06308070260250176,-0.010642903235480809,0.07372360583798257,62.31410040526267,68.23860688646657,50.465087442854866,59.26310483969471,54.02843985711491,21.525,21.513699999999996,21.04175,22.279629659995518,19.803870340004483
2023-10-05,921,21.525,21.525,21.525,21.525,0,0.0,0.0,0.06955451758617315,0.005396580928849987,0.06415793665732317,62.35625711116815,66.27782362803376,54.51312407743694,59.26310483969471,54.0284398571149,21.525,21.4836,21.07515,22.327997749812226,19.822302250187775
2023-10-06,921,21.525,21.525,21.525,21.525,0,0.0,0.0,0.07383395077753008,0.01908405489858601,0.05474989587894406,62.68552188976045,65.08038971527598,57.895786238729386,59.26310483969471,54.0284398571149,21.525,21.4754,21.13095,22.358018989609864,19.903881010390133
2023-10-09,921,21.497,21.314,21.616,21.168,5245343,122270420.1,0.00378,0.059513461673592616,0.027169936253587334,0.03234352542000528,52.19990424050016,60.786894557017376,35.02592360746573,40.91283055164336,49.17200977747355,21.4828,21.4635,21.173,22.36218919746499,19.983810802535007
2023-10-10,921,21.314,21.085,21.488,20.765,5530163,126930917.45,0.00398,0.029347682897903127,0.027605485582450493,0.0017421973154526336,46.004417953050556,55.859402355695096,26.29444914776147,29.15541901261983,44.44231638338783,21.394799999999996,21.432399999999998,21.1908,22.362535842333727,20.01906415766627
2023-10-11,921,21.085,20.71,21.122,20.582,5497017,124674581.18,0.00396,-0.024535450705784,0.01717729832480359,-0.041712749030587595,34.79598205251727,48.838262254635815,6.711421648280165,18.633055491884704,37.92556139148619,21.2318,21.3784,21.21,22.333668803049356,20.086331196950646
2023-10-12,921,22.494,22.503,22.759,21.643,23329479,566675034.77,0.01681,0.07655936428497156,0.029053711516837187,0.04750565276813438,52.61088743785946,50.09580398237703,57.64105434882434,73.50244319590723,64.82721746621635,21.4274,21.4762,21.333000000000002,22.457359934877115,20.20864006512289
2023-10-13,921,22.394,22.567,22.604,21.89,12227885,298558713.29,0.00881,0.15999764538273453,0.05524249829001667,0.10475514709271785,65.46743284404226,55.21968026959877,85.96293799292926,74.24632218951346,65.410922502241,21.6358,21.5804,21.44915,22.579766836765618,20.31853316323438
2023-10-16,921,22.394,22.22,22.503,21.872,9261651,223821235.32,0.00667,0.19586527136667087,0.08336705290534753,0.11249821846132334,68.72534108145152,59.72156720688301,86.73288883058854,62.77945570214092,59.564229342579154,21.817,21.6499,21.567149999999998,22.468871225446073,20.665428774553924
2023-10-17,921,22.22,22.494,22.641,21.964,6931038,169041988.09,0.00499,0.24359215472880535,0.11541207327003912,0.12818008145876625,75.092655805947,64.84526340657101,95.587440604699,67.53105989010086,62.455050357624756,22.0988,21.7468,21.639850000000003,22.59546372398715,20.684236276012854
2023-10-18,921,22.494,22.439,22.586,22.302,5390055,132320396.6,0.00388,0.2738215687050811,0.14709397235704755,0.12672759634803357,78.49539479085794,69.39530720133331,96.69556996990721,65.51640362295805,61.49238028570037,22.4446,21.8382,21.675949999999997,22.696198984058583,20.65570101594141
2023-10-19,921,22.256,22.32,22.741,22.211,4732090,116064389.6,0.00341,0.28489223129385266,0.17465362414440858,0.11023860714944408,78.9418081334245,72.57747417869703,91.67047604287944,60.80649097112566,59.333719920617426,22.407999999999998,21.9177,21.70065,22.75938773403642,20.64191226596358
2023-10-20,921,22.201,22.201,22.412,22.046,4933333,119673227.04,0.00355,0.28082631473185415,0.19588816226189773,0.08493815246995642,77.41733771442816,74.19076202394074,83.870489095403,55.97748818286144,57.1452930514423,22.3348,21.985300000000002,21.730349999999998,22.81112307126789,20.649576928732106
2023-10-23,921,21.881,21.79,22.43,21.68,3470800,83212916.94,0.0025,0.24165414289860365,0.20504135838923893,0.036612784509364726,70.10796025242996,72.82982810010381,64.66422455708226,42.11549861558767,50.17288273131146,22.2488,22.0329,21.7482,22.820050657310908,20.676349342689093
2023-10-24,921,22.037,22.119,22.339,21.378,5208774,125263763.36,0.00375,0.23445481575972948,0.21092404986333707,0.023530765896392414,64.62423032035034,70.09462884018598,53.683433280679054,53.238788122150986,54.97066607829221,22.1738,22.1363,21.784349999999996,22.854953818805523,20.71374618119447
2023-10-25,921,21.982,21.643,22.229,21.479,4344826,103240139.25,0.00313,0.18817095756536872,0.20637343140374342,-0.0182024738383747,49.563622365682335,63.250960015351424,22.188947066344156,39.92025139813559,47.718593804732116,22.014599999999998,22.229599999999998,21.804,22.847389416125672,20.760610583874325
2023-10-26,921,21.479,21.717,21.881,21.406,4094763,97274213.16,0.00295,0.15566741103058135,0.19623222732911103,-0.04056481629852968,41.332950493727054,55.94495684147663,12.108937798227899,42.59912885786921,48.862740993830826,21.894,22.151,21.8136,22.849688474173252,20.77751152582675
2023-10-27,921,21.735,22.458,22.577,21.717,5218020,127394268.48,0.00376,0.18753879296448872,0.19449354045618658,-0.00695474749169786,53.967626081168945,55.285846588040734,51.33118506742538,62.62446736464095,58.7290397264582,21.9454,22.140099999999997,21.86025,22.925239621891077,20.795260378108924
2023-10-30,921,22.458,22.412,22.586,22.147,4080830,100021552.28,0.00294,0.20670253900428293,0.19693534016580588,0.009767198838477043,61.265773709285014,57.27915562845549,69.23900987094406,61.03817301154673,57.97157898402478,22.0698,22.159299999999998,21.9046,22.984576685907665,20.82462331409233
2023-10-31,921,22.412,21.772,22.412,21.461,7258857,172799571.12,0.00523,0.16830715440295307,0.19120970301323534,-0.022902548610282264,50.47945686757417,55.01258937482838,41.41319185306574,42.896862694288096,48.48105859035469,22.0004,22.0871,21.91695,22.98422364911915,20.84967635088085
2023-11-01,921,21.698,21.543,21.808,21.396,5187320,122176363.5,0.00374,0.11803946385316166,0.17657565518122062,-0.058536191328058956,38.20595137749976,49.41037670905217,15.79710071439493,38.04209645494739,45.569073385481026,21.9804,21.9975,21.91785,22.983761475537747,20.851938524462255
2023-11-02,921,21.506,21.351,21.863,21.186,5124182,119809455.38,0.00369,0.061994527224658924,0.1536594295899083,-0.09166490236524938,29.399205680237916,42.73998636611409,2.717644308485575,34.153241752892555,43.195980622548355,21.9072,21.9006,21.90915,22.991279338509038,20.827020661490963
2023-11-03,921,21.278,21.223,21.68,21.131,5243461,122473414.2,0.00378,0.007167360040227777,0.1243610156799722,-0.11719365563974442,21.70714513848619,35.72903929023812,-6.336643165017676,31.571336897284723,41.6196747236021,21.6602,21.802799999999998,21.89405,23.006746009934954,20.781353990065046
2023-11-06,921,21.25,20.683,21.451,20.591,11290695,257211352.82,0.00813,-0.0789470001189585,0.08369941252018605,-0.16264641263914453,16.008606366342487,29.155561648939575,-10.28530419885169,22.832890419013978,35.63493243419397,21.3144,21.6921,21.8625,23.075691962074,20.649308037926
2023-11-07,921,20.683,20.793,20.857,20.372,7414194,167556698.95,0.00534,-0.13674090622523138,0.039611348771102554,-0.17635225499633395,17.010856517639944,25.10732660517303,0.8179163425737741,27.723031176892746,37.628008480300224,21.1186,21.5595,21.847900000000003,23.106660944654838,20.589139055345168
2023-11-08,921,20.729,20.683,20.756,20.491,4878800,109995674.69,0.00352,-0.1892376599412522,-0.006158452971368408,-0.18307920696988378,16.022895612783753,22.07918294104327,3.9103209562647123,25.763822602108363,36.398461224450976,20.946599999999997,21.4635,21.84655,23.110496613628964,20.582603386371037
2023-11-09,921,20.683,21.003,21.085,20.582,5246258,119945324.66,0.00378,-0.20268397513254044,-0.045463557403602826,-0.1572204177289376,20.182080965583637,21.44681561589006,17.65261166497079,40.45410992418189,42.374264938817625,20.877,21.3921,21.771549999999998,23.049423640898873,20.493676359101123
2023-11-10,921,20.957,21.058,21.122,20.674,3997443,91293331.04,0.00288,-0.20652158418403133,-0.07767516275968854,-0.12884642142434277,24.663870970519813,22.519167400766644,28.953278110026154,42.7891123313358,43.371878012220584,20.844,21.252100000000002,21.696099999999998,22.954262720627916,20.43793727937208
2023-11-13,921,21.149,20.72,21.149,20.436,5931835,133988343.21,0.00427,-0.23413769857839384,-0.1089676699234296,-0.12517002865496424,24.22259406082942,23.086976287454235,26.493829607579784,33.19090902116689,38.861547982226625,20.8514,21.082900000000002,21.621100000000002,22.92574141473876,20.316458585261245
2023-11-14,921,20.683,20.601,20.683,20.381,4429156,99420096.86,0.00319,-0.26259889705172057,-0.1396939153490878,-0.12290498170263278,21.26800256861016,22.48065171450621,18.84270427681807,30.317716890766974,37.36899309244138,20.813,20.9658,21.52645,22.83909305085058,20.213806949149422
2023-11-15,921,20.674,20.765,20.848,20.564,3899425,88312054.34,0.00281,-0.2688223557182674,-0.16551960342292374,-0.10330275229534366,24.193958898951134,23.051754109321184,26.47836847821103,39.04419010565914,40.78804030597467,20.8294,20.887999999999998,21.44275,22.723485458940853,20.162014541059147
2023-11-16,921,20.61,20.463,20.838,20.409,3256865,73212852.69,0.00235,-0.29472595033486826,-0.19136087280531267,-0.1033650775295556,18.9405509125538,21.681353043732052,13.45894665019729,30.581330967901295,36.75708132209354,20.7214,20.7992,21.349899999999998,22.632107455092086,20.06769254490791
2023-11-17,921,20.473,20.491,20.518,20.18,3249050,72232255.5,0.00234,-0.3094284708996078,-0.2149743924241717,-0.09445407847543608,23.32534835518721,22.22935148088377,25.517342103794093,32.215964666210155,37.38298506518291,20.607999999999997,20.726,21.264400000000002,22.535652908706112,19.993147091293892
2023-11-20,921,20.5,20.427,20.591,20.262,4422922,98523260.48,0.00319,-0.32252670244293213,-0.2364848544279238,-0.08604184801500833,24.046964262935248,22.835222408234262,26.47044797233722,30.26145780427599,36.48267355004674,20.5494,20.7004,21.19625,22.49471012037704,19.89778987962296
2023-11-21,921,20.399,20.646,20.765,20.335,6676721,150778319.21,0.00481,-0.3116432462168426,-0.25151653278570757,-0.060126713431135015,32.06158126644945,25.910675360972657,44.36339307740304,44.16993491867429,41.72200785187006,20.5584,20.6857,21.1226,22.366643898361982,19.878556101638015
2023-11-22,921,20.601,20.656,20.857,20.418,4171691,94446623.14,0.00301,-0.2987671110400818,-0.2609666484365824,-0.037800462603499396,37.7486565168142,29.856669079586503,53.53263139126959,44.77345499435758,41.96048792663255,20.5366,20.683,21.073249999999998,22.308649424008756,19.83785057599124
2023-11-23,921,20.683,21.067,21.223,20.656,7399561,170053763.09,0.00533,-0.2524878927558447,-0.25927089730043484,0.006783004544590132,53.51348593610563,37.742274698426215,85.05590841146446,63.97830154184785,50.958413779670366,20.657400000000003,20.6894,21.04075,22.238467632129904,19.843032367870094
2023-11-24,921,21.085,21.095,21.268,20.784,3671700,84544736.0,0.00265,-0.21111827281513484,-0.24964037240337483,0.03852209958823999,63.70874552603115,46.397764974294525,98.3307066295044,64.97405156776057,51.51702885800018,20.778200000000002,20.693099999999998,20.9726,21.968957872717134,19.976242127282866
2023-11-27,921,20.921,20.921,21.049,20.628,3945921,89703453.96,0.00284,-0.19018061305742862,-0.23774842053418563,0.04756780747675701,65.174702899707,52.656744282765345,90.21062013359031,53.86948892683124,47.82407010048192,20.877,20.713199999999997,20.898049999999998,21.62860119061184,20.167498809388157
2023-11-28,921,20.939,20.857,21.003,20.5,4256700,96696654.05,0.00307,-0.17671457634631693,-0.2255416516966119,0.04882707535029496,64.19122350176542,56.5015706890987,79.57052912709887,50.09087841025982,46.486939310452236,20.919199999999996,20.738799999999998,20.8523,21.455996368435564,20.248603631564436
2023-11-29,921,20.838,20.29,20.838,20.253,4647589,103694450.96,0.00335,-0.20938119058865112,-0.22230955947501974,0.012928368886368613,46.16424704039261,53.05579613953,32.381148842117824,28.693596984150346,36.597522395512485,20.846,20.691300000000002,20.78965,21.350053717256532,20.22924628274347
2023-11-30,921,20.29,20.134,20.381,19.969,5171223,113884860.07,0.00373,-0.24503302578604647,-0.22685425273722507,-0.0181787730488214,35.010190867575034,47.04059438221168,10.949383838301742,25.147020913151238,34.400974970402004,20.659399999999998,20.6584,20.7288,21.296798739805126,20.160801260194873
2023-12-01,921,20.216,19.951,20.271,19.585,8284539,180054855.47,0.00597,-0.28477126674371434,-0.23843765553852295,-0.04633361120519139,30.589087435186674,41.55675873320334,8.653744839153347,21.42007558626267,31.947189401362067,20.4306,20.6044,20.6652,21.282886208872075,20.047513791127923
2023-12-04,921,20.024,19.933,20.079,19.558,5785200,125643268.54,0.00417,-0.31409585704679444,-0.2535692958401773,-0.06052656120661715,27.702666477258944,36.938727981221874,9.230543469333085,21.051812129074975,31.704529983041468,20.233,20.555,20.627699999999997,21.326567083213384,19.92883291678661
2023-12-05,921,19.851,19.192,19.851,19.164,7249034,153737351.57,0.00522,-0.3926026345543683,-0.2813759635830155,-0.1112266709713528,18.91204381120176,30.929833257881832,-5.123535082158384,11.383623688644448,23.640454541512028,19.9,20.409599999999998,20.547649999999997,21.490849766751033,19.60445023324896
2023-12-06,921,19.283,19.247,19.43,19.027,4460041,93837105.86,0.00321,-0.4452492250853268,-0.31415061588347776,-0.13109860920184907,15.88037786134258,25.91334812570208,-4.185562667376416,14.866066924995323,25.18136042170157,19.691399999999998,20.268700000000003,20.47585,21.58048030729231,19.371219692707694
2023-12-07,921,19.238,19.521,19.622,19.11,5512120,117255222.6,0.00397,-0.45956493874820836,-0.34323348045642393,-0.11633145829178443,18.730670634894395,23.51912229543285,9.153767313817482,31.061754938431136,32.575796160334875,19.5688,20.1141,20.40175,21.555236591074518,19.24826340892548
2023-12-08,921,19.521,19.1,19.53,19.1,5965426,125835066.06,0.0043,-0.4991277920311177,-0.3744123427713627,-0.12471544925975497,13.718557751198158,20.25226744735462,0.651138358885234,22.995769545810717,27.94624591337795,19.398600000000002,19.9146,20.30385,21.551350621242037,19.056349378757965
2023-12-11,921,19.082,19.073,19.21,18.808,7436273,154916483.91,0.00536,-0.52659010965127,-0.40484789614734423,-0.12174221350392572,13.49710089817152,18.000545264293585,4.490212165927389,22.545213614701794,27.671114208466662,19.226599999999998,19.7298,20.2215,21.566933211391436,18.87606678860856
2023-12-12,921,19.137,19.219,19.338,18.625,4790310,100193876.5,0.00345,-0.5304584199274451,-0.42997000090336446,-0.10048841902408068,20.273693689137907,18.758261405908357,23.30455825559701,31.281819645409783,31.641108024100248,19.232000000000003,19.566000000000003,20.1524,21.55644639299544,18.74835360700456
2023-12-13,921,19.219,18.853,19.338,18.799,5112215,105936689.93,0.00368,-0.5566406183497783,-0.4553041243926472,-0.10133649395713107,18.133049741725827,18.549857517847514,17.299434189482454,23.35656889452514,27.511497646682813,19.153200000000002,19.4223,20.0568,21.54317809173113,18.57042190826887
2023-12-14,921,19.018,18.844,19.027,18.762,4096538,84585052.68,0.00295,-0.5715282026595823,-0.4785489400460342,-0.09297926261354805,17.109332565093723,18.06968253359625,15.18863262808867,23.18325313626532,27.415512562536748,19.0178,19.293300000000002,19.97585,21.543221017105555,18.408478982894447
2023-12-15,921,18.753,18.506,19.064,18.506,5087352,104212770.55,0.00367,-0.6036420854930746,-0.5035675691354424,-0.1000745163576322,11.406221710062482,15.848528925751658,2.5216072786841295,17.373358814456907,23.986844869104047,18.899,19.1488,19.8766,21.554139852848245,18.199060147151755
2023-12-18,921,18.414,18.561,18.799,18.295,4754100,96599237.0,0.00343,-0.6175359585336437,-0.5263612470150827,-0.09117471151856105,14.285886063427704,15.327647971643673,12.202362246995765,21.228076203749012,25.637727613451162,18.7966,19.011599999999998,19.7833,21.537748793330955,18.028851206669046
2023-12-19,921,18.771,18.872,18.881,18.57,3771678,77224405.8,0.00272,-0.5965749079696039,-0.5404039792059869,-0.056170928763616956,24.017769809680235,18.22435525098919,35.60459892706233,40.16822136456882,34.42317915105953,18.7272,18.9796,19.6946,21.444775497966884,17.94442450203312
2023-12-20,921,18.661,18.176,18.716,18.176,4132600,82989139.0,0.00298,-0.6288752255280379,-0.5580982284703971,-0.07077699705764073,16.011846539786823,17.486852347255066,13.061834924850338,24.407739154737214,26.7170353164354,18.5918,18.8725,19.5706,21.384240061777327,17.75695993822267
2023-12-21,921,18.122,18.469,18.478,18.067,3188298,63967749.97,0.0023,-0.6236418535236439,-0.5712069534810466,-0.05243490004259732,21.21744398220251,18.730382892237547,26.19156616213244,36.912366720925654,33.548842856556846,18.5168,18.7673,19.4407,21.173416650082515,17.707983349917484
2023-12-22,921,18.341,18.295,18.606,18.186,3439664,69057578.74,0.00248,-0.6263149455028376,-0.5822285518854048,-0.04408639361743283,20.124506321206116,19.195090701893733,21.983337559830886,33.01984270408465,31.638054644501082,18.4746,18.686799999999998,19.3007,20.919333484731567,17.68206651526843
2023-12-25,921,18.231,18.396,18.542,18.067,4645433,92913830.41,0.00335,-0.6132147760221187,-0.5884257967127476,-0.024788979309371073,22.044714153817463,20.14496518586831,25.844212089715768,37.60311529429184,34.01775768110245,18.4416,18.619100000000003,19.17445,20.648378295763465,17.700521704236536
2023-12-26,921,18.405,18.03,18.478,18.012,3443152,68337317.68,0.00248,-0.625159489095374,-0.595772535189273,-0.02938695390610102,15.26681830786819,18.518916226534934,8.762622470534701,28.979928529883907,29.90277411879383,18.273200000000003,18.5002,19.0331,20.36279341935398,17.70340658064602
2023-12-27,921,18.112,18.597,18.707,18.021,6498421,131426046.03,0.00468,-0.5821627886360154,-0.5930505858786215,0.010887797242606023,28.71400054491596,21.917277665995275,42.307446302757334,50.207184929339704,41.80068766965721,18.357400000000002,18.474600000000002,18.94845,20.15068256792022,17.74621743207978
2023-12-28,921,18.506,18.771,18.844,18.423,5690501,116199258.87,0.0041,-0.5279612394027708,-0.5800327165834513,0.0520714771806805,48.256591080576904,30.69704880418915,83.37567563335242,55.14434695540807,44.92993791164329,18.417800000000003,18.4673,18.880300000000002,19.946384444171713,17.81421555582829
2023-12-29,921,18.753,18.661,18.78,18.478,4544164,92470600.59,0.00327,-0.48825391462570167,-0.5616769561919014,0.07342304156619972,57.06557548831713,39.48655769889847,92.22361106715444,51.286554112216834,43.32344996120315,18.491000000000003,18.4828,18.815800000000003,19.758029740673784,17.873570259326222
2024-01-01,921,18.661,18.661,18.661,18.661,0,0.0,0.0,-0.4515800400610317,-0.5396575729657275,0.08807753290469578,64.04531955631398,47.67281165137031,96.79033536620133,51.286554112216834,43.32344996120315,18.544,18.492800000000003,18.752200000000002,19.535171828490785,17.96922817150922
2024-01-02,921,18.689,18.725,18.927,18.542,5446062,111665853.38,0.00392,-0.4125953230652293,-0.5142451229856279,0.10164979992039858,68.67137879346257,54.672334032067724,96.66946831625225,53.9836703377098,44.69271772231452,18.683,18.4781,18.72885,19.483955367342304,17.9737446326577
2024-01-03,921,19.1,19.082,19.457,18.606,9018918,189109019.29,0.0065,-0.34887116789114003,-0.48117033196673026,0.13229916407559023,70.46373349783318,59.93613385398954,91.51893278552045,66.4264531889603,51.781554614304305,18.78,18.5687,18.720599999999997,19.45519602933549,17.986003970664505
2024-01-04,921,19.046,19.841,20.061,18.936,14354355,309797551.71,0.01034,-0.23442208713774804,-0.43182068300093385,0.1973985958631858,76.73017404817315,65.53414725205073,99.122227640418,80.13233870062784,62.8309055349036,18.994,18.705900000000003,18.736600000000003,19.55388495320575,17.919315046794257
2024-01-05,921,19.805,19.979,20.226,19.539,10529758,229745736.8,0.00759,-0.13107398014135185,-0.37167134242901745,0.2405973622876656,80.76802328896576,70.6121059310224,101.0798580048525,81.75721248586545,64.44685387140089,19.257600000000004,18.874299999999998,18.780549999999998,19.7588031100733,17.802296889926698
2024-01-08,921,19.905,19.485,20.107,19.457,6556366,141350606.37,0.00472,-0.08801692787761084,-0.31494045951873617,0.22692353164112533,75.97686813368692,72.40035999857724,83.12988440390626,60.50177278946003,55.093225445072314,19.4224,18.9832,18.80115,19.821767620029874,17.780532379970126
2024-01-09,921,19.942,20.491,20.564,19.082,17070378,373206109.96,0.0123,0.02697098404273035,-0.24655817080644288,0.27352915484917323,82.84803819841933,75.8829193985246,96.7782757982088,75.84687151876292,66.04227787355123,19.775600000000004,19.229300000000002,18.864749999999997,20.125324785355204,17.60417521464479
2024-01-10,921,20.546,21.14,21.387,20.235,17686175,406531720.98,0.01274,0.16852594655532727,-0.16354134733408884,0.33206729388941614,85.7350620188385,79.16696693862923,98.87125217925706,81.43152551066788,71.01577275709904,20.1872,19.483600000000003,18.979100000000003,20.59891726064836,17.359282739351645
2024-01-11,921,20.948,20.646,21.04,20.527,10675353,241920480.06,0.00769,0.23810290069989648,-0.08321249772729176,0.32131539842718826,81.8081432791085,80.04735905212232,85.3297117330809,67.23230838772848,63.315533667493554,20.3482,19.671100000000003,19.069200000000002,20.84985813971293,17.288541860287076
2024-01-12,921,20.582,20.765,20.912,20.491,7089393,160817557.65,0.00511,0.2993942134832501,-0.006691155485183366,0.30608536896843347,80.58445638642382,80.22639149688948,81.30058616549252,68.80470529399216,64.33187194739928,20.5054,19.8815,19.18215,21.09412999053601,17.27017000946399
2024-01-15,921,20.738,21.342,21.689,20.619,11444764,266554776.94,0.00825,0.39003106294618206,0.07265328820108974,0.3173777747450923,83.30454731091892,81.25244343489928,87.40875506295822,75.61356942901712,68.89079629292699,20.876799999999996,20.1496,19.3212,21.43664929655979,17.205750703440213
2024-01-16,921,21.497,22.33,22.375,21.214,13385058,319522628.0,0.00964,0.5354128559676141,0.16520520175439465,0.37020765421321944,88.4335249010856,83.64613725696138,98.00830018933405,83.16418186105894,74.88670998109626,21.244600000000002,20.5101,19.4941,21.98661746760484,17.001582532395158
2024-01-17,921,22.275,22.458,22.759,22.22,12014427,295726333.61,0.00866,0.6534252253608379,0.26284920647568333,0.3905760188851546,89.56034286307526,85.617539125666,97.44595033789378,83.93736946466146,75.552657075149,21.5082,20.8477,19.7082,22.44741214950566,16.968987850494344
2024-01-18,921,22.348,22.348,22.531,21.68,10401573,250744036.99,0.00749,0.7296636888414412,0.35621210294883493,0.37345158589260624,89.31436509972399,86.84981445035199,94.24346639846797,80.14182698061943,73.7199526022793,21.848599999999998,21.098399999999998,19.90215,22.815682511357334,16.988617488642664
2024-01-19,921,22.302,22.348,22.677,21.845,9435827,230202189.03,0.0068,0.7810794230346083,0.44118556696598965,0.33989385606861866,89.15037992415647,87.6166696082868,92.21780055589579,80.14182698061941,73.7199526022793,22.1652,21.3353,20.1048,23.110027067347005,17.099572932652997
2024-01-22,921,22.229,21.671,22.247,21.461,8567965,205282581.99,0.00617,0.758455517652795,0.5046395571033507,0.2538159605494442,78.39819306090092,84.5438440924915,66.10689099771977,57.21338211965701,62.59810393332557,22.231,21.5539,20.268549999999998,23.238427011453016,17.29867298854698
2024-01-23,921,21.406,21.9,22.064,21.314,8373597,199547292.03,0.00603,0.7503546742037663,0.5537825805234339,0.19657209368033246,72.97386886011851,80.6871856817005,57.54723521695456,61.665192952827,64.57049227471671,22.145,21.6948,20.46205,23.320002264711153,17.60409773528885
2024-01-24,921,21.845,23.281,23.345,21.817,10723720,266111217.79,0.00773,0.8456220512826853,0.6121504746752842,0.23347157660740114,81.23509033561743,80.86982056633947,81.96562987417335,78.13130471838413,73.69616105137098,22.309599999999996,21.9089,20.69625,23.675778671663064,17.716721328336934
2024-01-25,921,23.235,22.924,23.409,22.796,11136052,280114187.82,0.00802,0.8821463831675054,0.6661496563737285,0.2159967267937769,81.695556042144,81.14506572494098,82.79653667655006,68.9447108802621,68.70554165878467,22.424799999999998,22.136699999999998,20.9039,23.897312761029422,17.91048723897058
2024-01-26,921,22.888,23.144,23.491,22.695,9998484,252250302.95,0.0072,0.9182592200212234,0.7165715691032275,0.2016876509179959,82.71725402077641,81.66912849021945,84.81350508189033,71.4289392351635,70.06819539569597,22.584,22.374599999999997,21.128049999999998,24.08546896538875,18.170631034611247
2024-01-29,921,23.089,23.382,23.674,22.833,9379300,238659160.64,0.00676,0.9550740156186279,0.7642720584063076,0.1908019572123203,84.35387556187356,82.56404418077082,87.93353832407905,74.11681491548748,71.5311499479101,22.9262,22.5786,21.3641,24.24505802048353,18.48314197951647
2024-01-30,921,23.098,23.244,23.711,22.878,6826631,173492992.03,0.00492,0.9620249350682322,0.8038226337386927,0.1582023013295395,83.07502147734974,82.73436994629712,83.75632453945497,69.56330392501376,69.38598648844007,23.195,22.669999999999998,21.590049999999998,24.303475605353555,18.87662439464644
2024-01-31,921,22.595,22.888,23.189,22.458,9384163,234319903.99,0.00676,0.9281087046077445,0.8286798479125032,0.09942885669524137,77.27181935230357,80.91351974829927,69.98841856031217,58.44735244983076,63.98580570456998,23.1164,22.713,21.780350000000002,24.27846720891404,19.282232791085963
2024-02-01,921,22.604,22.366,22.833,22.211,9818553,240747781.99,0.00707,0.8493183963596955,0.8328075576019418,0.01651083875775372,66.1439440933032,75.99032786330056,46.45117655330847,45.620312473820356,56.901905884490866,23.0048,22.714799999999997,21.9066,24.241954218596085,19.571245781403917
2024-02-02,921,22.43,23.18,23.354,22.375,9899954,248904787.39,0.00713,0.8428437286854695,0.8348147918186475,0.008028936866822045,70.04506577434232,74.0085738336478,62.11804965573134,61.451260797424176,63.73237255469324,23.012,22.798,22.066650000000003,24.2814097018279,19.851890298172105
2024-02-05,921,22.97,22.869,23.327,22.503,8096766,203152096.0,0.00583,0.8033568098103885,0.8285231954169958,-0.025166385606607333,65.21131804878718,71.07615523869426,53.48164366897302,54.21510723308282,59.783286117654384,22.909399999999998,22.9178,22.23585,24.111218794607638,20.36048120539236
2024-02-06,921,22.75,24.223,24.589,22.531,10450492,272615498.44,0.00753,0.8712760977594236,0.8370737758854815,0.03420232187394212,71.67718371741405,71.27649806493419,72.4785550223738,71.653735837575,68.92771491240863,23.1052,23.150100000000002,22.42245,24.309450457422937,20.535449542577066
2024-02-07,921,23.949,24.562,24.589,23.793,9215964,243347294.71,0.00664,0.9416028778020049,0.8579795962687862,0.08362328153321874,80.73965317634168,74.43088310207001,93.357193324885,74.56441380192275,70.74459281523293,23.44,23.2782,22.59355,24.607247983417466,20.579852016582535
2024-02-08,921,24.58,24.022,26.51,23.51,13033148,353934472.15,0.00939,0.9428947666923229,0.8749626303534934,0.06793213633882944,67.86846072809068,72.24340897741023,59.11856422945161,62.33029206843663,64.21928997437723,23.7712,23.388,22.76235,24.65075241864262,20.87394758135738
2024-02-09,921,24.022,24.022,24.022,24.022,0,0.0,0.0,0.9331616908463651,0.8866024424520678,0.04655924839429737,59.287665762590024,67.92482790580348,42.013341476163106,62.33029206843661,64.21928997437723,23.9396,23.4758,22.925199999999997,24.64234029099132,21.208059709008673
2024-02-12,921,24.022,24.022,24.022,24.022,0,0.0,0.0,0.9149017403591166,0.8922623020334775,0.022639438325639194,53.567135785589585,63.138930532398845,34.423546291971064,62.33029206843661,64.21928997437723,24.1702,23.5398,23.059199999999997,24.671197074569122,21.447202925430872
2024-02-13,921,24.022,24.022,24.022,24.022,0,0.0,0.0,0.8901692806855301,0.8918436977638879,-0.0016744170783578038,49.75344913425596,58.67710339968455,31.906140603398782,62.33029206843661,64.21928997437723,24.13,23.6176,23.1438,24.772176472699243,21.515423527300754
2024-02-14,921,24.022,24.022,24.022,24.022,0,0.0,0.0,0.86064761819841,0.8856044818507924,-0.024956863652382477,46.44587056350637,54.60002578762515,30.137560115268812,62.33029206843661,64.21928997437723,24.022,23.731,23.222,24.86188163886056,21.582118361139443
2024-02-15,921,24.022,24.022,24.022,24.022,0,0.0,0.0,0.8277101604868662,0.8740256175780071,-0.04631545709114093,43.60013365742782,50.93339507755937,28.93361081716472,62.33029206843661,64.21928997437723,24.022,23.8966,23.305699999999998,24.92854780231295,21.682852197687048
2024-02-16,921,24.022,24.022,24.022,24.022,0,0.0,0.0,0.7924718655791132,0.8577148671782284,-0.06524300159911522,41.557331293106344,47.80804048274169,29.055912913835655,62.33029206843661,64.21928997437723,24.022,23.9808,23.389400000000002,24.97655560209496,21.802244397905042
2024-02-19,921,24.013,24.058,24.241,23.189,10571408,275801829.45,0.00762,0.7587042913285451,0.8379127520082917,-0.07920846067974663,36.42715993664682,44.01441363404339,21.252652541853664,63.75103109563115,64.61932881093156,24.029199999999996,24.0997,23.50875,24.898546482639137,22.11895351736086
2024-02-20,921,24.196,25.156,25.156,23.83,10152441,274281537.97,0.00731,0.8111917554760701,0.8325685527018475,-0.021376797225777344,44.02782257344253,44.01888328050977,44.04570115930804,84.77186338494417,74.21231723434008,24.256,24.192999999999998,23.67155,25.030347219679488,22.312752780320512
2024-02-21,921,24.882,24.671,25.129,24.388,8189384,222309107.14,0.0059,0.8043806033924881,0.8269309628399756,-0.02255035944748751,54.46626910759582,47.501345222871784,68.3961168770439,64.84105314767426,65.63674956489139,24.385799999999996,24.203899999999997,23.741049999999998,25.156739004652113,22.325360995347882
2024-02-22,921,24.772,24.763,25.074,24.406,5605471,151011752.58,0.00404,0.7972165314934756,0.8209880765706756,-0.02377154507720003,62.98429125051385,52.6623272320858,83.62821928736994,66.62710647713908,66.43926428710799,24.534,24.278,23.833,25.26405025841282,22.401949741587178
2024-02-23,921,24.699,24.287,24.845,24.049,6026633,160282243.42,0.00434,0.7445470560000231,0.8056998724565453,-0.06115281645652215,60.59654326038323,55.30706590818494,71.17549796477982,50.65167078377316,58.70149747372477,24.587,24.304499999999997,23.89015,25.29642320472016,22.483876795279837
2024-02-26,921,24.717,25.101,25.504,24.699,9666921,264733754.43,0.00696,0.7597314036219629,0.7965061786896289,-0.03677477506766602,67.92829305911795,59.51414162516261,84.75659592702863,66.92560021253216,66.07280863772522,24.7956,24.412399999999998,23.9761,25.459610332037247,22.49258966796275
2024-02-27,921,25.11,26.876,27.489,24.955,15622062,450747837.84,0.01126,0.9045655061334905,0.8181180441784014,0.08644746195508912,73.86692405491584,64.29840243508035,93.00396729458683,82.2460244404642,76.18464467306096,25.139599999999998,24.6978,24.1577,26.086304196657903,22.229095803342094
2024-02-28,921,27.077,26.73,27.333,26.528,7945079,233662997.26,0.00572,0.996084355609657,0.8537113064646525,0.14237304914500448,76.69422843971134,68.43034443662401,93.22199644588599,78.65007398439946,74.20023893782448,25.5514,24.9686,24.3498,26.49869118041402,22.200908819585976
2024-02-29,921,26.528,27.251,27.361,26.51,7584478,222578205.93,0.00546,1.097997022799138,0.9025684497315497,0.19542857306758832,82.61785771949748,73.15951553091517,101.53454209666211,82.01695735615637,76.57547733559542,26.049,25.2915,24.59405,26.898396965376534,22.289703034623464
2024-03-01,921,27.068,27.617,27.672,26.922,5744141,170938669.92,0.00414,1.1945269241834957,0.960960144621939,0.2335667795615567,87.93472312307988,78.08458472830341,107.6349999126328,84.12710331286821,78.11925764355034,26.714999999999996,25.651,24.8159,27.386048953291063,22.245751046708936
2024-03-04,921,27.553,28.632,28.632,27.379,9940793,307042962.42,0.00716,1.3375115828272683,1.036270432263005,0.30124115056426337,91.95648208205324,82.70855051288669,110.45234522038635,88.58471537063079,81.75666889071839,27.4212,26.1084,25.10405,28.023621091426367,22.184478908573634
2024-03-05,921,28.193,27.855,28.495,27.077,9648328,291891285.49,0.00695,1.3723113970601126,1.1034786252224265,0.26883277183768617,88.98633462536183,84.80114521704508,97.35671344199534,70.41834658801683,71.79024557906384,27.617,26.378300000000003,25.28565,28.418511767239234,22.152788232760766
2024-03-06,921,27.626,27.827,28.23,27.589,4999353,152253631.02,0.0036,1.381703714227612,1.1591236430234637,0.22258007120414836,86.80258514627002,85.46829186012005,89.47117171856996,69.7993631189018,71.44784785741373,27.836400000000005,26.693900000000003,25.448900000000002,28.7582865801444,22.139513419855604
2024-03-07,921,27.9,28.33,28.669,27.635,6181567,191204882.86,0.00445,1.413441812131179,1.2099872768450068,0.20345453528617208,88.35537582379376,86.43065318134461,92.20482110869204,74.61041489554304,73.88844797627749,28.0522,27.050600000000003,25.664299999999997,29.13929150169317,22.189308498306826
2024-03-08,921,28.047,28.138,28.477,27.589,6383371,195090548.88,0.0046,1.4068840049373215,1.2493666224634699,0.1575173824738516,87.47116600423087,86.77749078897335,88.85851643474587,69.53641215233273,71.34884102903047,28.1564,27.435700000000004,25.8701,29.42223524517263,22.317964754827372
2024-03-11,921,28.001,27.635,28.394,27.022,8636419,259322299.69,0.00622,1.3455878995297468,1.2686108778767253,0.07697702165302145,75.68326305485084,83.07941487759918,60.89095940935417,57.2883923436037,64.96710556632257,27.957,27.689100000000003,26.05075,29.57452243276184,22.526977567238163
2024-03-12,921,27.452,26.117,27.544,26.016,15228694,440273683.21,0.01097,1.1611355331901336,1.247115808939407,-0.08598027574927336,51.72451234690775,72.62778070070203,9.917975639319195,34.97717196120797,50.18810620040294,27.6094,27.6132,26.1555,29.54743250305201,22.76356749694799
2024-03-13,921,25.961,26.126,26.217,25.568,10200311,288317693.69,0.00735,1.0041072059076512,1.1985140883330558,-0.1944068824254046,40.48107337154916,61.9122115909844,-2.381203067321323,35.1568408329169,50.261288380411976,27.2692,27.5528,26.260699999999996,29.50114948798897,23.02025051201102
2024-03-14,921,26.208,26.208,26.629,26.034,6367134,183070904.42,0.00459,0.8761778075420779,1.1340468321748602,-0.2578690246327824,33.86688348385979,52.56376888860952,-3.5268873256396915,37.058346920222114,50.977152713097446,26.844800000000003,27.448500000000003,26.369999999999997,29.435238240933593,23.304761759066402
2024-03-15,921,26.217,25.778,26.254,25.714,6900728,195503623.29,0.00497,0.7316612953463526,1.0535697248091587,-0.32190842946280607,24.835258665688286,43.32093214763577,-12.136088298206687,31.28524792511959,47.099279376471,26.3728,27.2646,26.4578,29.334665589673953,23.580934410326044
2024-03-18,921,26.117,25.522,26.199,25.367,7169915,201022398.8,0.00517,0.5896764348471777,0.9607910668167624,-0.3711146319695847,18.121547368080474,34.92113722111734,-15.477632337993256,28.152063550325508,44.88185453103111,25.950200000000002,26.9536,26.531,29.21907134930321,23.842928650696788
2024-03-19,921,25.522,25.339,25.861,25.321,5734006,159743224.02,0.00413,0.45711648505612246,0.8600561504646345,-0.402939665408512,12.260243048254337,27.367505830163005,-17.954282515563,25.92488252153332,43.292407463111694,25.794600000000003,26.701999999999998,26.54015,29.2096964053887,23.8706035946113
2024-03-20,921,25.229,25.559,25.65,25.083,9064462,251678734.07,0.00653,0.3655995274129147,0.7611648258542905,-0.3955652984413758,12.848411884850783,22.527807848392264,-6.510380042232178,33.513012748370144,45.80927516553176,25.6812,26.4752,26.58455,29.15073811920625,24.01836188079375
2024-03-21,921,25.559,24.9,25.559,24.863,6255238,171361389.11,0.00451,0.23716203037151473,0.6563642667577354,-0.4192022363862207,8.914895188408963,17.990170295064495,-9.235655024902101,24.49389194257907,40.006905049347786,25.4196,26.1322,26.5914,29.137770081011613,24.045029918988387
2024-03-22,921,24.927,25.568,25.842,24.9,8125704,226707110.27,0.00585,0.18711940983626363,0.562515295373441,-0.3753958855371774,14.708649508920677,16.896330033016554,10.333288460728923,43.11549321251768,47.377508156760065,25.377599999999997,25.8752,26.655450000000002,29.015380549825014,24.29551945017499
2024-03-25,921,25.568,26.537,27.013,25.54,10993674,318663503.97,0.00792,0.2230789588774691,0.49462802807424666,-0.27154906919677757,35.75925471137344,23.183971592468847,60.90982094918261,60.20121450826291,55.94300412124498,25.5806,25.7654,26.727249999999998,28.97265015188888,24.481849848111114
2024-03-26,921,26.528,26.327,26.803,26.181,6229558,179951858.8,0.00449,0.23195804762624306,0.44209403198464603,-0.21013598435840297,46.53717755952029,30.96837358148599,77.6747855155889,55.839496556652406,53.869944870341484,25.778200000000005,25.786399999999997,26.6998,28.95095910260926,24.44864089739074
2024-03-27,921,26.327,26.803,27.352,26.172,9378679,275894720.08,0.00676,0.27424271205760675,0.4085237679992381,-0.13428105594163137,57.00576803151092,39.647505064827634,91.7222939648775,63.109516149381655,57.74207805164544,26.027000000000005,25.8541,26.703449999999997,28.955051953696987,24.451848046303006
2024-03-28,921,26.803,27.306,27.974,26.62,10900977,325371642.22,0.00785,0.34437180570546033,0.3956933755404826,-0.051321569835022285,64.17978020915686,47.82493011293737,96.88948040159583,69.48067905952993,61.470376508470885,26.5082,25.963900000000002,26.706200000000003,28.960750168693362,24.451649831306643
2024-03-29,921,27.251,27.827,28.065,27.123,7164830,216591738.97,0.00516,0.4369530408346236,0.40394530859931094,0.03300773223531267,73.64223531745165,56.43069851444213,108.0653089234707,74.87422936667153,64.96326310396856,26.96,26.168799999999997,26.716700000000003,28.990980184562165,24.44241981543784
2024-04-01,921,28.083,28.815,29.163,27.086,9677378,299662963.35,0.00697,0.58332348954454,0.43982094478835676,0.1435025447561833,79.73048245969646,64.19729316286023,110.7968610533689,82.08068525573646,70.49641178693403,27.4156,26.4981,26.72585,29.03379866995678,24.41790133004322
2024-04-02,921,28.705,28.888,29.062,28.541,5259538,165237427.75,0.00379,0.6971769922141959,0.4912921542735246,0.20588483794067136,84.35520536072788,70.91659722881612,111.23242162455139,82.52507579449832,70.86725014102848,27.9278,26.853,26.777499999999996,29.23334317174527,24.321656828254724
2024-04-03,921,28.724,29.428,29.812,28.632,5523528,176461287.39,0.00398,0.8215103405483823,0.5573357915284962,0.26417454901988613,86.96427371496951,76.26582272420058,108.36117569650736,85.6779148611903,73.55008279943826,28.452800000000003,27.2399,26.857549999999996,29.550369963883966,24.164730036116026
2024-04-04,921,29.428,29.428,29.428,29.428,0,0.0,0.0,0.9095605668438473,0.6277807465915665,0.2817798202522809,88.31326112833173,80.28163552557763,104.37651233383991,85.6779148611903,73.55008279943826,28.8772,27.692700000000002,26.91245,29.771319888977562,24.053580111022438
2024-04-05,921,29.428,29.428,29.428,29.428,0,0.0,0.0,0.9681804242907894,0.6958606821314112,0.27231974215937826,88.69235723573763,83.08520942896429,99.90665284928431,85.6779148611903,73.55008279943826,29.1974,28.078700000000005,26.97695,30.005418953117616,23.94848104688238
2024-04-08,921,30.197,29.822,30.462,29.456,7533849,246983996.8,0.00543,1.0345044673128534,0.7635894391676997,0.27091502814515367,87.48876651768677,84.55306179187178,93.36017596931674,88.3320710617089,75.67226166500113,29.3988,28.4072,27.0863,30.362605563796777,23.809994436203226
2024-04-09,921,30.288,29.968,30.59,29.73,6922609,228023494.37,0.00499,1.086325247830846,0.8281366009003291,0.2581886469305169,86.43667557938144,85.180933054375,88.9481606293943,89.2203753257164,76.43652359554059,29.614800000000002,28.771300000000004,27.27885,30.761453035842642,23.796246964157355
2024-04-10,921,29.419,29.867,30.224,29.355,5076364,166015754.6,0.00366,1.1064888194864757,0.8838070446175585,0.22268177486891716,84.0799298383091,84.81393198235304,82.6119255502212,83.91682402294764,74.66632358881715,29.7026,29.0777,27.465900000000005,31.086897007222323,23.844902992777687
2024-04-11,921,29.73,30.636,30.873,29.611,5641010,188095018.53,0.00406,1.171021659735345,0.9412499676411158,0.22977169209422932,87.30053592072466,85.64279996181024,90.61600783855349,89.57743705687717,78.75333388176918,29.944200000000002,29.410700000000002,27.6873,31.519766684031012,23.85483331596899
2024-04-12,921,30.919,31.55,31.779,30.517,6268479,214496910.07,0.00452,1.281148282041606,1.0092296305212138,0.2719186515203922,89.17626833669064,86.82062275343704,93.88755950319782,93.0608183300668,82.42883448945388,30.368600000000004,29.783000000000005,27.975900000000003,32.06378401833583,23.888015981664175
2024-04-15,921,31.56,32.602,32.639,31.102,7470628,261754244.63,0.00538,1.4367500712326517,1.0947337186635016,0.3420163525691502,92.4763841985058,88.70587656845996,100.01739945859748,95.25237838042997,85.5644164387456,30.924599999999998,30.161700000000003,28.3299,32.73681169581758,23.922988304182415
2024-04-16,921,32.612,31.99,32.923,31.532,8628471,304140208.12,0.00622,1.4934665719238396,1.1744802893155692,0.31898628260827033,86.26788841933268,87.89321385208419,83.01723755382966,78.04524600403164,76.8599541090608,31.329,30.471899999999998,28.66245,33.1225230451886,24.2023769548114
2024-04-17,921,31.578,32.191,32.291,31.148,6316795,219445588.41,0.00455,1.536917202699847,1.246967671992425,0.289949530707422,84.00669392380027,86.59770720932288,78.82466735275506,79.50445664804664,77.67371789957983,31.793799999999997,30.748199999999997,28.994049999999998,33.468734039418685,24.519365960581307
2024-04-18,921,32.172,32.721,33.298,32.054,7587173,272905172.88,0.00547,1.5957241960121067,1.3167189767963614,0.2790052192157453,84.45995335895581,85.88512259253386,81.60961489179971,83.06580887743203,79.72473404139643,32.2108,31.077499999999997,29.3851,33.71805318764379,25.052146812356213
2024-04-19,921,32.749,33.197,33.234,32.548,5359506,192800944.12,0.00386,1.6615846700201544,1.3856921154411201,0.2758925545790343,88.7861351076782,86.85212676424864,92.65415179453734,85.73686397122034,81.39894397807748,32.5402,31.4544,29.766550000000002,34.02724040488891,25.505859595111097
2024-04-22,921,33.16,32.2,34.002,31.532,9769580,350151634.4,0.00704,1.6147165551259448,1.4314970033780852,0.18321955174785964,79.59818805614815,84.4341471948818,69.92626977868082,61.39632394013692,68.47857700380914,32.459799999999994,31.692199999999996,30.0497,34.15661971138784,25.942780288612163
2024-04-23,921,31.907,32.282,32.474,31.486,7124837,249195959.06,0.00513,1.5661365043669342,1.4584249035758552,0.107711600791079,73.34178148554562,80.73669195843641,58.55196053976405,62.448503367795745,68.92119357024254,32.5182,31.9236,30.34745,34.17171647799722,26.52318352200278
2024-04-24,921,32.118,31.99,32.273,31.285,9161437,317109100.62,0.0066,1.486934054292302,1.4641267337191448,0.022807320573157153,62.983473644596145,74.81895252048965,39.31251589280916,55.93392000773442,65.35614199201473,32.477999999999994,32.1359,30.6068,34.10893207842497,27.10466792157503
2024-04-25,921,33.298,32.648,34.203,32.2,11996657,430151050.91,0.00864,1.4604257637290736,1.4633865397211308,-0.0029607759920571297,58.607277603330694,69.41506088143666,36.99171104711877,65.62951663772535,69.26442474821083,32.4634,32.3371,30.8739,34.121661392583235,27.626138607416767
2024-04-26,921,32.813,33.846,34.066,32.63,10309535,379352369.82,0.00743,1.5185810829319095,1.4744254483632866,0.044155634568622926,68.509598053066,69.11323993864644,67.30231428190513,76.78782097642751,74.89062424699124,32.593199999999996,32.5667,31.17485,34.348463001644454,28.001236998355544
2024-04-29,921,33.846,33.508,34.029,32.246,10695156,388125790.03,0.00771,1.5198756369178206,1.4835154860741935,0.03636015084362709,71.42320175714494,69.88322721147927,74.50315084847628,69.18356657068976,70.89627841837283,32.8548,32.6573,31.4095,34.54216750297676,28.27683249702324
2024-04-30,921,33.819,35.383,35.685,33.453,12837747,491887205.69,0.00925,1.653142018109996,1.5174407924813542,0.13570122562864184,78.66092238355117,72.8091256021699,90.3645159463137,81.4271520140077,77.99787469199416,33.475,32.9966,31.734249999999996,35.10396389539796,28.364536104602028
2024-05-01,921,35.383,35.383,35.383,35.383,0,0.0,0.0,1.7387137752479092,1.5616953890346654,0.17701838621324373,83.48606946782199,76.3681068907206,97.72199462202477,81.4271520140077,77.99787469199416,34.153600000000004,33.3158,32.032,35.590757973757896,28.473242026242097
2024-05-02,921,35.383,35.383,35.383,35.383,0,0.0,0.0,1.7859427727178137,1.6065448657712955,0.17939790694651814,86.70283419066921,79.81301599070346,100.48247059060071,81.4271520140077,77.99787469199416,34.700599999999994,33.582,32.329750000000004,35.96677845017252,28.69272154982749
2024-05-03,921,35.383,35.383,35.383,35.383,0,0.0,0.0,1.802592924322802,1.645754477481597,0.15683844684120496,88.84734400590068,82.82445866243586,100.8931146928303,81.4271520140077,77.99787469199416,35.008,33.8006,32.6275,36.23923429692367,29.015765703076326
2024-05-06,921,35.713,38.338,38.923,35.411,20477146,838798348.09,0.01475,2.0308220411150515,1.7227679902082882,0.3080540509067633,90.01187165200919,85.22026299229363,99.59508897144033,91.91921608024288,85.75592001342076,35.974000000000004,34.4144,33.0533,37.23533763480711,28.87126236519289
2024-05-07,921,37.78,37.103,38.009,36.774,13872507,564484384.44,0.01,2.0879722375635055,1.7958088396793317,0.2921633978841738,84.31749844974543,84.9193414781109,83.11381239301451,71.62625608634698,73.87893194584265,36.318,34.896499999999996,33.41005,37.699827738076976,29.120272261923024
2024-05-08,921,37.076,37.368,37.753,36.774,7416418,302962685.77,0.00534,2.1300930782275316,1.8626656873889718,0.2674273908385598,81.78203156596777,83.87357150739652,77.59895168311027,73.15243068847579,74.69917830773105,36.714999999999996,35.4343,33.7851,38.08220629193716,29.487993708062838
2024-05-09,921,37.496,38.192,38.411,37.03,6245222,258266348.05,0.0045,2.2045513656055817,1.931042823032294,0.2735085425732877,84.20534419309737,83.98416240263013,84.64770777403186,77.64009286526078,77.13474147099657,37.2768,35.9887,34.1629,38.61991367568672,29.70588632431328
2024-05-10,921,38.182,38.558,38.795,37.506,7097078,297186870.72,0.00511,2.2669611193564165,1.998226482297119,0.26873463705929757,87.2459759581039,85.07143358778805,91.59506069873561,79.46926586873525,78.15376409150801,37.9118,36.4599,34.5133,39.20130633644212,29.82529366355788
2024-05-13,921,38.009,39.326,39.5,37.689,10478013,444392281.62,0.00755,2.351288292587327,2.068838844355161,0.2824494482321662,90.08852449510383,86.74379722355997,96.77797903819157,82.97603306506596,80.17615159054644,38.10940000000001,37.041700000000006,34.8495,39.90999864403804,29.78900135596196
2024-05-14,921,39.244,38.576,39.427,38.237,8710992,368065407.93,0.00628,2.330732222696028,2.1212175200233343,0.2095147026726938,85.91117405009189,86.46625616573726,84.80100981880116,69.13730455125848,72.97879461939218,38.404,37.361000000000004,35.1788,40.31243241051701,30.04516758948299
2024-05-15,921,38.622,38.155,39.216,38.036,5996079,252193002.93,0.00432,2.254481943177815,2.1478704046542307,0.1066115385235844,79.71764287332658,84.21671840160036,70.71949181677903,62.15466925193521,69.17608461597688,38.561400000000006,37.6382,35.477,40.5726062807497,30.381393719250287
2024-05-16,921,38.027,38.247,38.42,37.423,9780484,406405732.89,0.00705,2.1763886251145124,2.1535740487462873,0.022814576368225037,76.26403223429239,81.5658230124977,65.66045067788176,63.13112765698308,69.55428072146987,38.5724,37.924600000000005,35.7533,40.81887517282823,30.68772482717178
2024-05-17,921,37.963,37.451,38.384,36.545,13749601,558338132.95,0.00991,2.0269036764881108,2.1282399742946523,-0.10133629780654152,61.06265431524737,74.73143344674759,33.725096052246954,49.79248275535011,62.33528179952869,38.351,38.1314,35.966,40.93597164028708,30.996028359712923
2024-05-20,921,37.323,36.518,37.323,36.143,15082845,601266979.29,0.01087,1.812259871421979,2.0650439537201177,-0.25278408229813865,44.431998914960865,64.63162193615202,4.0327528725785555,38.38520835530816,55.031888829303234,37.7894,37.949400000000004,36.1819,40.82761399078819,31.536186009211807
2024-05-21,921,36.691,36.637,37.213,36.472,7617523,305922886.05,0.00549,1.6329319914251812,1.9786215612611304,-0.34568956983594923,34.52650587975844,54.59658325068749,-5.613648862099666,40.47249619086126,55.75320625888286,37.401599999999995,37.9028,36.39965,40.66868717851854,32.13061282148146
2024-05-22,921,36.618,35.905,36.71,35.612,7486306,295136708.07,0.00539,1.415430866169288,1.8659834222427618,-0.4505525560734738,25.529673329989844,44.907613277121605,-13.226206564273681,32.376465300905124,50.33512389293689,36.9516,37.7565,36.5954,40.33988441535501,32.85091558464499
2024-05-23,921,35.694,35.868,36.088,35.466,5042136,197317302.26,0.00363,1.2259421684198628,1.7379751714781821,-0.5120330030583193,20.341547217514307,36.718924590585836,-12.413207528628746,31.988336641199226,50.066833523035,36.47580000000001,37.524100000000004,36.7564,40.034051624016115,33.47874837598388
2024-05-24,921,35.667,36.307,36.627,35.392,7622902,301565523.88,0.00549,1.0985314545886027,1.6100864281002663,-0.5115549735116636,21.119891453559724,31.5192468782438,0.321180604191575,41.904288248485386,53.28939208876423,36.247,37.299,36.879450000000006,39.86918531481066,33.889714685189354
2024-05-27,921,36.362,37.89,38.512,36.188,14009153,577167287.98,0.01009,1.112468571050293,1.5105628566902718,-0.39809428563997873,35.854683563182064,32.964392439889885,41.63526580976642,64.37775047269041,62.74694119384082,36.5214,37.1554,37.09855,39.65948720303506,34.53761279696494
2024-05-28,921,37.597,37.734,38.045,37.222,8333145,342898689.48,0.006,1.098265815331665,1.4281034484185506,-0.32983763308688574,48.92448989682224,38.284424925534,70.2046198393987,61.561569743741906,61.41023461217928,36.7408,37.0712,37.2161,39.65856302778558,34.77363697221441
2024-05-29,921,37.323,37.496,37.826,36.865,5527351,225784053.0,0.00398,1.055636695434373,1.3536100978217152,-0.29797340238734216,55.09495907651397,43.88793630919399,77.50900461115393,56.99689801723738,59.30745510816194,37.059,37.0053,37.32175,39.608166260391734,35.03533373960827
2024-05-30,921,37.057,37.295,38.219,36.957,6675359,274243827.22,0.00481,0.9941735764785449,1.2817227935530813,-0.2875492170745364,57.06116929887256,48.279013972420174,74.62547995177732,53.01321858253747,57.493690891074785,37.3444,36.9101,37.41735,39.51450338645269,35.32019661354731
2024-05-31,921,37.295,37.204,37.762,36.682,13591767,552726880.09,0.0098,0.9274298385333424,1.2108642025491336,-0.28343436401579125,57.39975389155605,51.319260612132126,69.5607404504039,51.07385866885925,56.638200990303204,37.52380000000001,36.8854,37.5084,39.37961603017212,35.63718396982788
2024-06-03,921,36.819,36.929,37.634,36.271,11177757,450752804.67,0.00806,0.8426314132083803,1.137217644680983,-0.29458623147260266,54.68744276531087,52.44198799652504,59.17835230288253,45.09187668785937,53.98978525386773,37.3316,36.9265,37.43795,39.28357577891177,35.592324221088234
2024-06-04,921,36.746,37.725,37.881,36.499,8487373,346550052.7,0.00612,0.8300898388003972,1.0757920835048658,-0.24570224470446855,61.38350885208759,55.422494948379224,73.30553665950433,60.97019311794228,59.909337728388806,37.329800000000006,37.0353,37.469049999999996,39.3118711181985,35.62622888180149
2024-06-05,921,37.396,35.758,37.716,35.456,15166453,598120695.04,0.01093,0.6538924247907332,0.9914121517620392,-0.33751972697130606,44.83259564498147,51.892528513913305,30.71272990711779,32.82357324456086,44.48179463314717,36.9822,37.0206,37.388549999999995,39.384273161371915,35.392826838628075
2024-06-06,921,35.502,36.124,36.655,35.493,11040457,436290106.9,0.00796,0.5375908334750008,0.9006478881046316,-0.3630570546296308,37.17461001113947,46.98655567965535,17.550718674107713,39.10093652672528,47.23967243459656,36.748000000000005,37.0462,37.28515,39.31951531160136,35.250784688398646
2024-06-07,921,36.124,35.539,36.133,35.054,7496324,290189985.94,0.0054,0.39367829516808683,0.7992539695173226,-0.4055756743492358,29.891024894208826,41.28804541783984,7.096983846946799,33.157957925745094,43.47407976752659,36.415,36.9694,37.1342,39.21831158404035,35.05008841595965
2024-06-10,921,35.539,35.539,35.539,35.539,0,0.0,0.0,0.27643994412800055,0.6946911644394583,-0.4182512203114578,25.035301482921728,35.87046410620047,3.3649762363642424,33.157957925745094,43.47407976752659,36.13700000000001,36.734300000000005,36.94485,38.872779489318496,35.01692051068151
2024-06-11,921,35.466,35.539,36.307,35.081,6516613,252973254.03,0.0047,0.18143622243985646,0.592040176039538,-0.4106039535996815,21.798152542063665,31.179693584821536,3.0350704565479276,33.157957925745094,43.47407976752659,35.699799999999996,36.5148,36.793,38.65734286433154,34.92865713566846
2024-06-12,921,35.585,35.859,36.133,35.173,5589400,218370511.6,0.00403,0.1304625234256207,0.4997246455167545,-0.3692621220911338,24.023906906358683,28.79443135866725,14.48285800174154,41.55459242344305,46.50252379432236,35.72,36.3511,36.678200000000004,38.47079642330242,34.88560357669759
2024-06-13,921,33.892,34.999,35.566,33.664,16908060,642517543.02,0.01219,0.020435123646073805,0.4038667411426184,-0.3834316174965446,26.568463429628427,28.05244204898764,23.600506190910004,29.573665586584966,40.189699487791046,35.495,36.121500000000005,36.5158,38.29845108313576,34.73314891686424
2024-06-14,921,34.761,34.898,35.95,34.414,18612574,713349381.66,0.01342,-0.07405853855893696,0.30828168520230737,-0.3823402237612443,27.466478583944856,27.857120893973377,26.68519396388782,28.41892813511177,39.50265486225606,35.3668,35.8909,36.38815,38.2525844733076,34.523715526692406
2024-06-17,921,34.093,34.514,35.31,34.048,11260740,425424164.92,0.00812,-0.17788054127159114,0.21104923990752766,-0.3889297811791188,25.303417443590757,27.005886410512502,21.89847950974726,24.121794971536573,36.8872165309592,35.1618,35.6494,36.28795000000001,38.329947316868946,34.24595268313107
2024-06-18,921,34.597,34.67,34.816,34.121,6781985,255622992.2,0.00489,-0.2447509930690117,0.11988919331221977,-0.36464018638123147,28.080356976213075,27.364043265746027,29.51298439714718,29.331036119063356,38.68632554132787,34.98800000000001,35.343900000000005,36.1896,38.34702530760382,34.032174692396175
2024-06-19,921,34.642,34.487,34.926,33.846,7264631,273896956.81,0.00524,-0.308951478174464,0.03412105901488299,-0.343072537189347,29.099857103829272,27.94264787844044,31.414275554606945,26.746231340987393,37.32471865451669,34.7136,35.216800000000006,36.118700000000004,38.40486489712288,33.83253510287713
2024-06-20,921,34.423,34.304,34.624,34.011,5504366,206301867.4,0.00397,-0.3703284795741766,-0.04676884870292895,-0.3235596308712476,27.47154050332218,27.785612086734353,26.84339733649783,24.188310373952433,35.94459985574005,34.574600000000004,35.034800000000004,36.040499999999994,38.46554880037604,33.61545119962395
2024-06-21,921,34.231,34.011,34.844,33.993,6805117,255752015.97,0.00491,-0.43756882563294397,-0.12492884408893198,-0.31263998154401196,22.69070035320484,26.087308175557848,15.897484708498816,20.433667580758197,33.7639861676799,34.397200000000005,34.882000000000005,35.9257,38.509795492775815,33.34160450722418
2024-06-24,921,33.993,34.322,34.697,33.545,8627371,321830069.14,0.00622,-0.46045435230995224,-0.1920339457331361,-0.26842040657681615,25.134861544073715,25.769825965063134,23.864932702094876,33.56816240035124,38.111456922516645,34.3588,34.7603,35.7473,38.25183097615526,33.242769023844744
2024-06-25,921,34.286,34.56,35.292,34.084,8911915,338473243.86,0.00642,-0.4541515102214504,-0.24445745863079898,-0.2096940515906514,30.824488430629877,27.45471345358538,37.56403838471886,42.31314081414258,41.326519716369425,34.3368,34.662400000000005,35.5886,37.96188104219836,33.21531895780164
2024-06-26,921,34.542,33.837,34.78,33.417,12923116,476578142.64,0.00932,-0.5017130839672532,-0.29590858369808987,-0.20580450026916336,26.076701985731162,26.995376297633975,24.239353361925538,28.592440293627007,35.25675997608778,34.2068,34.4602,35.405649999999994,37.72330364788917,33.08799635211082
2024-06-27,921,33.279,30.745,33.279,30.462,37119069,1274481222.14,0.02676,-0.7799141678539385,-0.39270970052925963,-0.3872044673246789,19.330287572445645,24.4403467225712,9.11016927219454,10.732432846608646,20.921114879377285,33.495000000000005,34.034800000000004,35.07815,38.03473417950877,32.121565820491234
2024-06-28,921,30.123,29.492,30.636,29.181,26983995,873564552.87,0.01945,-1.0889444852255181,-0.5319566574685114,-0.5569878277570067,14.583252861530063,21.15464876889082,1.4404610468085508,8.231940775420426,17.733477588760493,32.5912,33.494200000000006,34.692550000000004,38.39841133037859,30.98668866962142
2024-07-01,921,29.355,29.081,30.16,28.998,16275718,523061644.84,0.01173,-1.3514389562690496,-0.6958531172286191,-0.6555858390404306,10.161740653582262,17.490346063787968,-4.495470166829151,7.540435163517316,16.816619573485227,31.543,32.950900000000004,34.30015,38.620040801494596,29.980259198505408
2024-07-02,921,28.971,28.111,29.081,27.9,17412709,536905291.4,0.01255,-1.6190749212602071,-0.8804974780349368,-0.7385774432252703,7.725972845533926,14.23555499103662,-5.293191445471461,6.091284569221571,14.841054222121173,30.253200000000003,32.295,33.81945,38.64474407775711,28.9941559222429
2024-07-03,921,28.102,27.178,28.175,27.114,13031807,390550700.37,0.00939,-1.8847375727916251,-1.0813454969862748,-0.8033920758053503,5.411511040252421,11.294207007441885,-6.353880894126508,4.985403176386384,13.21238666175661,28.9214,31.564100000000003,33.39045,38.95852650714944,27.82237349285056
2024-07-04,921,27.242,26.977,27.69,26.821,13532737,401669018.28,0.00976,-2.0874335240166175,-1.2825631023923434,-0.8048704216242741,4.221533075353417,8.936649030079062,-5.2086988340978735,4.761903985165205,12.880191734011518,28.1678,30.831400000000002,32.9331,39.0330253800437,26.833174619956303
2024-07-05,921,26.803,26.611,26.913,25.998,12192271,352691889.72,0.00879,-2.2516490581784616,-1.4763802935495671,-0.7752687646288945,5.012906420079953,7.628734826746025,-0.2187503932521917,4.33705296117455,12.267500864762468,27.5916,30.0914,32.4867,39.07114658906173,25.902253410938265
2024-07-08,921,26.556,26.254,26.602,26.007,10534455,301576156.95,0.00759,-2.38312676661662,-1.6577295881629779,-0.7253971784536419,4.313622119573534,6.523697257688527,-0.10652815665645221,3.926961219107369,11.676474950038454,27.0262,29.2846,32.022450000000006,38.99842988514095,25.04647011485906
2024-07-09,921,26.172,25.87,26.172,25.467,14640951,413159163.08,0.01055,-2.4896107060867827,-1.8241058117477393,-0.6655048943390434,4.595324799292417,5.880906438223157,2.024161521430937,3.4998158112412057,11.051689822258908,26.578000000000003,28.4156,31.539000000000005,38.82225320603057,24.255746793969443
2024-07-10,921,25.851,25.321,25.989,25.202,13989331,389375967.65,0.01008,-2.5884615338074326,-1.9769769561596782,-0.6114845776477544,3.7935216487983046,5.185111508414872,1.01034192956517,2.9494167998910683,10.200421033966094,26.2066,27.564,31.012100000000004,38.5012654204413,23.522934579558708
2024-07-11,921,25.431,26.181,26.3,25.028,17807592,502259943.55,0.01284,-2.567806637761695,-2.0951428924800815,-0.4726637452816136,10.01797260348571,6.796065206771818,16.461787396913493,25.093563352166086,20.64576614525079,26.0474,27.1076,30.571199999999997,38.11018489886139,23.032215101138604
2024-07-12,921,25.989,26.867,27.041,25.888,16907651,492291941.04,0.01219,-2.467637626469326,-2.1696418392779306,-0.2979957871913954,21.80324746474672,11.79845929276345,41.812823808713254,38.52103529152189,27.93965369276752,26.098599999999998,26.845100000000002,30.16965,37.592905698709174,22.746394301290827
2024-07-15,921,26.345,25.824,26.519,25.668,13588532,385001172.03,0.0098,-2.444238684556847,-2.224561208333714,-0.21967747622313327,22.96680855239022,15.521242379305706,37.85794089855925,29.027529338790757,24.243625460426586,26.012600000000003,26.5194,29.735149999999997,37.1048309407476,22.365469059252398
2024-07-16,921,25.604,25.705,25.861,25.165,10612204,296158601.46,0.00765,-2.40754448579856,-2.2611578638266834,-0.1463866219718768,23.788541038432932,18.27700859901478,34.81160591726924,28.080048514620202,23.850916734576174,25.979599999999998,26.2788,29.286900000000003,36.481250704765195,22.092549295234807
2024-07-17,921,25.577,24.992,25.678,24.671,11902399,324776622.22,0.00858,-2.4082365581583254,-2.2905736026930117,-0.11766295546531369,20.373795291444758,18.97593749649144,23.169510881351393,22.742693713504963,21.56741089261469,25.913800000000002,26.060200000000002,28.812150000000003,35.812166760130154,21.81213323986985
2024-07-18,921,24.809,25.01,25.138,24.653,7448744,202864912.73,0.00537,-2.3798985913956514,-2.3084386004335395,-0.07145999096211186,18.565779775536072,18.839218256172984,18.018902814262248,23.18501555799834,21.773673983066104,25.6796,25.8635,28.347450000000002,35.03959969710175,21.655300302898254
2024-07-19,921,24.863,24.79,25.092,24.543,6455325,175456083.99,0.00465,-2.3481249867651215,-2.316375877699856,-0.03174910906526529,15.673156626444914,17.78386437959696,11.451741120140824,21.388959428977728,21.036061697816052,25.2642,25.681400000000004,27.8864,34.19523141735692,21.577568582643078
2024-07-22,921,24.799,25.239,25.513,24.717,13866852,381596524.84,0.01,-2.2606542140572614,-2.3052315449713374,0.04457733091407601,19.736201028251788,18.434643262481902,22.339316559791563,33.924859332802725,26.574123359130795,25.1472,25.579900000000002,27.43225,33.06155613187044,21.80294386812956
2024-07-23,921,25.239,24.388,25.33,24.379,10287686,278647310.64,0.00742,-2.23424658057894,-2.291034552092858,0.05678797151391768,13.270164572303099,16.713150365755634,6.384192985398023,24.89549462501111,23.20861962236532,24.8838,25.4317,26.923650000000002,31.598607349650496,22.248692650349508
2024-07-24,921,24.324,23.894,24.644,23.747,8898882,234161904.42,0.00642,-2.2275027471634026,-2.278328191106967,0.05082544394356425,10.334329508432772,14.586876746648013,1.8292350320022877,21.001706174670502,21.4854738591588,24.6642,25.289,26.426499999999997,29.98809435025779,22.864905649742205
2024-07-25,921,23.784,23.528,23.857,23.418,7539659,194464501.49,0.00544,-2.226031051499799,-2.2678687631855334,0.04183771168573447,8.071967280586907,12.415240257960978,-0.6145786741612334,18.437831370296138,20.26914547138938,24.3678,25.023699999999998,26.065649999999998,29.22463513183535,22.906664868164647
2024-07-26,921,25.293,25.879,25.879,25.293,14867783,418146942.77,0.01072,-2.0119659788117907,-2.216688206310785,0.20472222749899416,38.7146448537246,21.18170845654885,73.78051764807611,57.97955861451583,42.91497398633681,24.5856,24.9249,25.885,28.601166571126345,23.168833428873658
2024-07-29,921,27.26,26.345,27.653,25.714,40617954,1172427967.01,0.02928,-1.7841490018760382,-2.130180365423836,0.3460313635477976,48.84793718308126,30.40378469872632,85.73624215179113,62.324109884273085,46.21806161111649,24.8068,24.976999999999997,25.748200000000004,28.026995305003133,23.469404694996875
2024-07-30,921,26.062,25.065,26.62,24.516,25292569,695036145.48,0.01823,-1.687435997132912,-2.041631491765651,0.354195494632739,45.52869169151503,35.445420362989225,65.69523434856663,46.48305009071349,39.38867260918264,24.9422,24.913,25.5959,27.600439364332114,23.591360635667886
2024-07-31,921,25.065,27.224,27.516,24.616,25475081,735524395.32,0.01836,-1.4202057398882104,-1.9173463413901628,0.4971406015019524,60.30917108438665,43.733337270121694,93.46083871291654,64.66269765777429,52.34565484316379,25.6082,25.1362,25.598200000000002,27.610473351735386,23.585926648264618
2024-08-01,921,27.141,26.803,28.276,26.739,18939612,565601660.52,0.01365,-1.2282366695125795,-1.7795244070146463,0.5512877375020668,63.43240745546183,50.2996939985684,89.69783436924868,59.90123297616309,50.06880039392382,26.2632,25.3155,25.5895,27.57803815653588,23.600961843464123
2024-08-02,921,26.62,25.961,27.041,25.824,14860914,427115464.21,0.01072,-1.1310046437822407,-1.6498204543681652,0.5188158105859244,59.73715320689358,53.445513734676794,72.32043215132714,50.9050398200322,45.72904437801109,26.2796,25.4326,25.557,27.495869665280903,23.618130334719094
2024-08-05,921,25.861,25.44,26.967,25.403,14507347,412661337.31,0.01047,-1.0834980179959963,-1.5365559670937317,0.45305794909773534,53.698791035966664,53.52993950177341,54.03649410435315,45.79792428864686,43.201432057717035,26.098599999999998,25.4527,25.5163,27.427542318493167,23.605057681506835
2024-08-06,921,25.751,25.275,26.025,25.019,13022290,359883418.14,0.0094,-1.0470925645395788,-1.4386632865829012,0.39157072204332244,48.541063105904485,51.86698070315043,41.889227911412604,44.1158804181847,42.391896433328,26.1406,25.5414,25.48655,27.393128359812263,23.57997164018774
2024-08-07,921,25.193,25.147,25.568,24.79,7866257,216560554.55,0.00568,-1.016847920782677,-1.3543002134228566,0.3374522926401795,37.95468036847533,47.22954725825873,19.404946588908544,42.65742411335073,41.730133883331895,25.7252,25.6667,25.47785,27.389191141160804,23.566508858839196
2024-08-08,921,25.11,25.54,26.025,24.598,11813462,326326922.52,0.00852,-0.950213536975621,-1.2734828781334095,0.3232693411577885,34.38113443004738,42.946742982188276,17.249917325765594,48.88361499049308,44.62547980519047,25.4726,25.8679,25.4458,27.3287829191162,23.562817080883796
2024-08-09,921,25.421,25.156,26.345,25.156,8295956,231677907.45,0.00599,-0.9178109452524161,-1.202348491557211,0.2845375463047948,28.59451515194648,38.162667038774345,9.458211378290756,43.36303368163613,42.38080773466319,25.3116,25.7956,25.36025,27.122994018195325,23.597505981804677
2024-08-12,921,25.257,25.476,25.797,24.927,8712212,242721039.3,0.00629,-0.8564378497968939,-1.1331663632051476,0.2767285134082538,27.020233229809524,34.44852243578607,12.16365481785644,49.110181859822816,44.90037502737454,25.3188,25.7087,25.34285,27.093145887767562,23.592554112232435
2024-08-13,921,25.467,24.836,25.467,24.616,9587300,260332551.0,0.00692,-0.8496476713084036,-1.076462624825799,0.22681495351739533,20.170458187282833,29.68916768628499,1.13303918927852,39.492359789120144,40.989697004369965,25.230999999999998,25.6858,25.2994,27.054979424517356,23.54382057548264
2024-08-14,921,24.845,23.875,24.882,23.802,15543312,409788738.04,0.01121,-0.9113061050133382,-1.0434313208633068,0.1321252158499686,14.198232802018959,24.52552272486298,-6.4563470436690835,29.191275734340834,35.871844399357855,24.976599999999998,25.3509,25.24355,27.107999513790308,23.37910048620969
2024-08-15,921,23.704,23.39,23.79,23.266,17343204,427950725.72,0.01251,-0.9879181985996723,-1.03232869641058,0.04441049781090767,10.582303809830186,19.877783086518715,-8.00865474354687,25.20904961941355,33.56456096175707,24.546599999999998,25.0096,25.16255,27.202245485528042,23.122854514471957
2024-08-16,921,23.447,23.124,23.799,23.048,14929797,366360133.63,0.01077,-1.0579029648157565,-1.0374435500916153,-0.020459414724141256,7.823244497221746,15.859603556753058,-8.249473621840878,23.13217423162,32.32074241465587,24.1402,24.725900000000003,25.07925,27.31012491687368,22.848375083126317
2024-08-19,921,23.209,23.438,24.075,23.133,15420333,381155860.61,0.01113,-1.0756300270669286,-1.045080845486678,-0.03054918158025055,9.158474796752628,13.625893970086246,0.2236364500853938,31.16540073680288,35.403379694922265,23.732599999999998,24.5257,24.9892,27.335341970846557,22.643058029153444
2024-08-20,921,23.266,22.753,23.381,22.591,15212717,363796517.58,0.01098,-1.131904733650412,-1.0624456231194248,-0.06945911053098719,7.5441155011559795,11.598634480442822,-0.5649224574177047,24.470665993898663,31.941070911149964,23.316,24.273500000000002,24.90745,27.447707050813932,22.36719294918607
2024-08-21,921,22.505,22.144,22.648,21.934,11973853,278377104.09,0.00864,-1.211676600818091,-1.0922918186591581,-0.11938478215893289,6.616352070671637,9.93787367718576,-0.026691142356607855,19.90819162110121,29.17392989515548,22.9698,23.9732,24.81995,27.614973884654454,22.024926115345544
2024-08-22,921,22.144,22.163,22.343,21.772,11327683,262991424.1,0.00817,-1.2588519770797468,-1.125603850343276,-0.1332481267364709,7.648996618543008,9.174914657638176,4.597160540352672,20.46337868908519,29.382149291683433,22.7244,23.6355,24.7517,27.739564585108702,21.763835414891297
2024-08-23,921,22.134,23.114,23.771,21.963,19989206,485104307.32,0.01442,-1.2056036026171668,-1.1416038007980542,-0.06399980181911258,17.20578123689969,11.85187018405868,27.91360334258171,43.843981810527794,39.15009854335,22.7224,23.4313,24.61345,27.637349014952562,21.58955098504744
2024-08-26,921,23.286,23.171,23.504,22.439,14085325,339736972.87,0.01016,-1.1455987097747808,-1.1424027825933996,-0.003195927181381286,26.465161767793784,16.722967378637044,45.94955054610726,45.00669861329294,39.695506504501765,22.669,23.200799999999997,24.45475,27.428760857234202,21.4807391427658
2024-08-27,921,22.867,22.734,23.095,22.553,7842120,187319952.72,0.00566,-1.12039147225126,-1.1380005205249717,0.01760904827371168,31.567308597837375,21.671081118370488,51.35976355677114,37.80528178267291,36.92726557452912,22.6652,22.9906,24.3382,27.39311545924883,21.283284540751172
2024-08-28,921,22.562,22.191,22.952,22.067,7355227,172486006.88,0.00531,-1.1311904574137337,-1.1366385079027241,0.005448050488990441,27.109425879525105,23.483862705422027,34.36055222773126,30.52299772720869,33.7380124780194,22.674599999999998,22.822200000000002,24.08655,26.96461539371954,21.208484606280457
2024-08-29,921,22.086,22.01,22.315,21.839,8732100,202584765.0,0.0063,-1.1411988878696455,-1.1375505838961084,-0.0036483039735371037,21.517732754536535,22.82848605512686,18.896226153355883,28.33943200221789,32.7107082172798,22.644,22.684199999999997,23.846899999999998,26.566412487270618,21.127387512729378
2024-08-30,921,21.982,23.124,23.647,21.715,20313784,491770687.3,0.01466,-1.0471690383650802,-1.119474274789903,0.07230523642482267,37.18886463791408,27.61527891605593,56.336036081630375,53.11265782892292,44.132494990303215,22.645999999999997,22.684199999999997,23.70505,26.250656781144798,21.159443218855202
2024-09-02,921,23.485,23.552,24.161,23.219,26754244,669813345.63,0.0193,-0.9274229279171706,-1.0810640054153564,0.15364107749818579,49.826645653948695,35.01906782868685,79.44180130447238,59.558368498205354,47.84311813969661,22.7222,22.6956,23.61065,26.02183824386822,21.19946175613178
2024-09-03,921,23.314,24.97,25.113,23.314,23534651,607805482.14,0.01698,-0.7099190188435429,-1.0068350081009938,0.2969159892574509,65.14831115011135,45.06214893582835,105.32063557867738,73.85039968402346,57.93982356817912,23.169400000000003,22.917299999999997,23.595399999999998,25.9657789081961,21.225021091803896
2024-09-04,921,24.97,25.065,25.588,24.494,23054839,608171692.72,0.01663,-0.5238413804656972,-0.9102362825739344,0.38639490210823724,72.26429281080667,54.129530227487784,108.53381797744443,74.57282348522531,58.52660130569876,23.7442,23.2094,23.5913,25.95063675782878,21.231963242171222
2024-09-05,921,25.132,24.751,25.465,24.599,11207121,292710578.48,0.00809,-0.39713278765723103,-0.8076155835905937,0.4104827959333627,74.30581049251299,60.854956982496184,101.2075175125466,67.20841403444405,55.723520065286486,24.2924,23.4682,23.551849999999998,25.797645067278054,21.306054932721942
2024-09-06,921,24.646,24.732,25.35,24.513,10613979,278572641.88,0.00766,-0.29484961337531246,-0.7050623895475375,0.41021277617222507,75.50329701996776,65.7377369949867,95.03441706992987,66.72991276313556,55.54790467417609,24.614,23.63,23.530649999999998,25.719980421552847,21.34131957844715
2024-09-09,921,24.656,24.047,24.875,23.695,12575828,317956366.21,0.00907,-0.2659969883581397,-0.617249309309658,0.35125232095151837,70.40610540637492,67.29385979878278,76.63059662155919,51.016007425139435,49.422004448466566,24.713,23.717599999999997,23.4592,25.46695733488622,21.451442665113778
2024-09-10,921,24.028,24.028,24.17,23.419,11924091,298361641.79,0.0086,-0.24187602017251209,-0.5421746514822289,0.3002986313097168,66.84445240363026,67.14405733373194,66.24524254342688,50.619251365114664,49.25763262871289,24.5246,23.847,23.4188,25.340585748505248,21.497014251494754
2024-09-11,921,23.961,24.446,24.865,23.523,10835786,277563403.83,0.00782,-0.1868766744980448,-0.47111505608539206,0.28423838158734727,68.06757279615458,67.45189582120614,69.29892674605145,59.03084100591878,53.008546787807205,24.4008,24.072499999999998,23.44735,25.41411097870798,21.48058902129202
2024-09-12,921,24.437,23.847,24.913,23.818,8925970,227242912.93,0.00644,-0.18943984612632647,-0.4147800140935789,0.22534016796725242,54.21474038387229,63.03951067542819,36.565199800760496,45.656918773235255,47.51745533645506,24.22,24.2562,23.470200000000002,25.444758988736464,21.49564101126354
2024-09-13,921,23.714,23.266,24.19,23.238,10833581,269224128.49,0.00782,-0.23563674872824691,-0.3789513610205125,0.1433146122922656,36.54032337648221,54.2064482424462,1.208073644554247,36.129550769398186,42.82355984556627,23.9268,24.270400000000002,23.4773,25.447634206222506,21.506965793777493
2024-09-16,921,23.266,23.266,23.266,23.266,0,0.0,0.0,-0.2691455841146144,-0.3569902056393329,0.0878446215247185,24.75737870488883,44.39009172992707,-14.508047345187649,36.129550769398186,42.82355984556628,23.770599999999998,24.2418,23.468700000000002,25.441256673857282,21.49614332614272
2024-09-17,921,23.266,23.266,23.266,23.266,0,0.0,0.0,-0.2923317590285528,-0.34405851631717693,0.05172675728862414,16.92401807387737,35.23473384457717,-19.69741346752223,36.129550769398186,42.82355984556628,23.618199999999998,24.0714,23.494349999999997,25.440891145616728,21.547808854383266
2024-09-18,921,22.829,24.475,24.485,22.743,13557332,340007350.75,0.00978,-0.21072170508330856,-0.3173911540704033,0.10666944898709474,33.42818440572775,34.632550698294025,31.019451820595194,63.509767394969,54.86786981793373,23.624,24.012400000000003,23.6109,25.49515094987509,21.726649050124912
2024-09-19,921,24.266,25.674,25.76,24.085,23813594,630482764.44,0.01718,-0.048734093529809286,-0.2636597419622845,0.2149256484324752,54.668618352023095,41.31123991620372,81.38337522366186,75.83693046423645,63.24448817885621,23.9894,24.1047,23.78645,25.755046558598576,21.81785344140142
2024-09-20,921,25.36,25.979,26.112,25.265,14799750,400385126.97,0.01068,0.10306513596115963,-0.19031476637759565,0.29337990233875527,68.4631592417069,50.36187969137144,104.66571834237783,78.09572767031308,65.04486375863647,24.532,24.229400000000002,23.9297,26.09899259388736,21.76040740611264
2024-09-23,921,25.931,26.245,27.073,25.788,16604167,462945298.62,0.01198,0.24204099797304224,-0.10384361350746805,0.3458846114805103,72.60130554527959,57.77502164267415,102.25387335049047,80.04773066749223,66.6013315894366,25.1278,24.4492,24.0834,26.452730742724793,21.71406925727521
2024-09-24,921,26.464,26.74,26.911,25.379,21157095,583924713.48,0.01526,0.38765409786300253,-0.005544071233373917,0.39319816909637645,79.17069330424334,64.90691219653054,107.69825551966895,83.35926309761999,69.37010129017726,25.8226,24.720399999999998,24.2837,26.84245998751034,21.72494001248966
2024-09-25,921,26.835,26.74,27.872,26.645,22684024,648942597.86,0.01637,0.4973207248666647,0.09502888798663384,0.40229183688003084,78.75693584941367,69.52358674749158,97.22363405325785,83.35926309761999,69.37010129017726,26.275599999999997,24.9498,24.511149999999997,27.09526326743759,21.927036732562403
2024-09-26,921,26.74,29.414,29.414,26.483,21742654,639253705.81,0.01569,0.7908849400420017,0.23420009839770745,0.5566848416442942,85.83795723294244,74.96171024264186,107.59045121354359,92.73674940116511,80.01905648164747,27.0236,25.5065,24.881349999999998,28.018899246415696,21.7438007535843
2024-09-27,921,30.575,30.794,32.354,29.652,30908002,998064277.42,0.0223,1.1219579298227664,0.41175166468271934,0.7102062651400471,85.14817098226406,78.35719715584926,98.73011863509367,94.61578563946163,83.28981789877142,27.9866,26.259300000000003,25.264850000000003,29.25667661130669,21.273023388693314
2024-09-30,921,31.593,33.782,33.782,31.108,26394684,896831021.23,0.01904,1.6069187288837945,0.6507850775229346,0.9561336513608599,90.0987806548427,82.27105832218041,105.75422532016728,96.78012659312644,87.94928118802912,29.493999999999993,27.310899999999997,25.77635,31.20657869635673,20.346121303643272
2024-10-01,921,33.782,33.782,33.782,33.782,0,0.0,0.0,1.9685613067363512,0.914340323365618,1.0542209833707332,93.39918710322846,85.98043458252975,108.23669214462589,96.78012659312644,87.94928118802912,30.9024,28.3625,26.216950000000004,32.69968394162478,19.73421605837523
2024-10-02,921,33.782,33.782,33.782,33.782,0,0.0,0.0,2.229465761672266,1.1773654110269476,1.0521003506453184,95.59945806881896,89.18677574462615,108.42482271720456,96.78012659312644,87.94928118802912,32.31079999999999,29.293199999999995,26.652799999999996,33.932569013108136,19.37303098689185
2024-10-03,921,33.782,33.782,33.782,33.782,0,0.0,0.0,2.4084710666884703,1.4235865421592522,0.9848845245292182,97.06630537921264,91.81328562282164,107.57234489199465,96.78012659312644,87.94928118802912,33.1844,30.103999999999996,27.10435,34.983130650382456,19.225569349617544
2024-10-04,921,33.782,33.782,33.782,33.782,0,0.0,0.0,2.521270424559418,1.6431233186392857,0.8781471059201325,98.04420358614175,93.89025827726167,106.35209420390191,96.78012659312644,87.94928118802912,33.782,30.884300000000003,27.556849999999997,35.88846343507832,19.22523656492167
2024-10-07,921,33.782,33.782,33.782,33.782,0,0.0,0.0,2.580913563352219,1.8306813675818727,0.7502321957703462,98.69613572409449,95.49221742620594,105.10397231987162,96.78012659312644,87.94928118802912,33.782,31.637999999999998,28.043599999999998,36.64494506984372,19.442254930156274
2024-10-08,921,37.16,33.458,37.16,31.679,32607938,1162400137.26,0.02353,2.5723842440206326,1.9790219428696247,0.5933623011510079,87.57320352946563,92.8525461272925,77.0145183338119,85.6345112202439,83.68451153135119,33.7172,32.309799999999996,28.515099999999997,37.2228018516277,19.807398148372293
2024-10-09,921,32.354,30.108,32.354,30.108,30188191,982089839.44,0.02178,2.2691503414785537,2.0370476225914107,0.23210271888714296,60.4066428786386,82.03724504440787,17.14543854710007,35.2566391368463,54.09627842083426,32.9824,32.64659999999999,28.798199999999998,37.3149473801235,20.281452619876497
2024-10-10,921,30.08,30.537,31.745,29.985,18876682,611913968.58,0.01362,2.0399368811794503,2.0376254743090185,0.0023114068704317425,42.83555518273932,68.97001509051836,-9.433364632818751,40.62439522855671,56.25692768865243,32.3334,32.7589,29.1327,37.350939306886936,20.914460693113064
2024-10-11,921,30.537,29.404,31.098,28.928,17912549,560945911.76,0.01292,1.7467247754615798,1.9794453345395309,-0.23272055907795108,30.484474430216235,56.14150153708432,-20.829579783519932,32.17123455148061,49.53887103966616,31.4578,32.619899999999994,29.439600000000002,37.17991285645404,21.699287143545963
2024-10-14,921,29.604,29.309,29.947,28.548,18868997,578540560.38,0.01361,1.4895161481844816,1.8814594972685212,-0.3919433490840396,23.268485353229785,45.18382947579947,-20.56220289190958,31.511489578095407,49.003594944590326,30.563200000000002,32.172599999999996,29.741750000000003,36.918641744011566,22.564858255988444
2024-10-15,921,29.262,28.063,29.262,27.929,15869254,476621273.67,0.01145,1.171628863016565,1.7394933704181301,-0.5678645074015651,15.996200360788947,35.454619770795965,-22.92063845922509,23.822471765947483,42.44198475281127,29.484199999999998,31.6007,29.981599999999997,36.541353442092976,23.421846557907017
2024-10-16,921,27.596,27.644,28.043,27.158,11327452,329138947.6,0.00817,0.8757954759133071,1.5667537915171657,-0.6909583156038586,12.283809638646332,27.73101639341275,-18.610603870886507,21.687068011637052,40.45480506439224,28.9914,30.986900000000002,30.140049999999995,36.27937684377814,24.000723156221856
2024-10-17,921,27.967,27.311,28.672,27.216,11015536,322599322.05,0.00795,0.6074725033861021,1.374897533890953,-0.7674250305048509,8.699104446160138,21.387045744328546,-16.676778150176677,19.97909700853073,38.8766521397112,28.3462,30.339799999999997,30.221899999999998,36.15055955915998,24.293240440840016
2024-10-18,921,27.149,28.167,29.033,27.12,18577990,548268237.15,0.0134,0.4586100889743463,1.1916400449076319,-0.7330299559332856,9.275498581636644,17.34986335676458,-6.873230968619229,35.619408305558736,44.90388587046091,28.0988,29.778299999999994,30.3313,36.005596918190605,24.657003081809393
2024-10-21,921,28.186,27.71,28.31,27.054,18574798,538416311.87,0.0134,0.3002978259568856,1.0133716011174827,-0.7130737751605971,10.309451884613122,15.003059532714094,0.9222365884111774,31.655571345721498,42.46509799749611,27.778999999999996,29.171100000000003,30.40455,35.89146977534305,24.917630224656957
2024-10-22,921,27.672,28.434,29.081,27.596,18909712,565403019.26,0.01364,0.2305967899636343,0.856816638886713,-0.6262198489230787,16.678979434480244,15.561699499969476,18.913539303501782,43.58970880303534,47.40216370686221,27.853200000000005,28.6687,30.48925,35.78702569511841,25.191474304881588
2024-10-23,921,28.434,27.872,28.434,27.596,16770651,492380421.56,0.0121,0.1285279237015331,0.711158895849677,-0.5826309721481439,17.861818798720435,16.32840593288646,20.928644530388382,37.49153091947531,44.19103293053207,27.8988,28.445100000000004,30.54585,35.697131507393955,25.394568492606048
2024-10-24,921,27.872,27.444,27.929,27.311,8958618,259119408.0,0.00646,0.012952282912682023,0.571517573262278,-0.558565290349596,16.40148445320849,16.35276543966047,16.49892248030453,33.24155775634675,41.836467061735235,27.925400000000003,28.1358,30.44735,35.7624907279481,25.132209272051902
2024-10-25,921,27.501,27.844,28.148,27.358,10898069,318172820.57,0.00786,-0.045837205259914526,0.4480466175578395,-0.493883822817754,22.860651471221146,18.52206078351403,31.537832846635382,40.771339564633266,44.833273473165285,27.8608,27.9798,30.299850000000003,35.73682021956338,24.86287978043663
2024-10-28,921,27.977,27.967,28.595,27.625,13893538,410001945.66,0.01002,-0.08156301844061176,0.34212469035814924,-0.423687708798761,30.254412278298062,22.432844615108706,45.897547604676774,43.137941113876856,45.77056920171997,27.912200000000002,27.8456,30.0091,35.28145438869563,24.73674561130437
2024-10-29,921,27.977,27.748,28.329,27.463,12674454,371386494.12,0.00914,-0.12609392029511568,0.24848096822749627,-0.37457488852261195,31.582204797931354,25.482631342716253,43.781351708361555,39.74485846526718,44.30834973134467,27.775,27.814100000000003,29.707399999999996,34.75655865424999,24.658241345750003
2024-10-30,921,27.644,27.52,28.548,27.12,14722995,427946852.96,0.01062,-0.17773386994983653,0.1632380005920297,-0.34097187054186623,28.71801648590919,26.561093057113894,33.03186334349978,36.1887083480444,42.7569894754523,27.7046,27.8017,29.394299999999998,34.14754235487827,24.641057645121723
2024-10-31,921,26.987,26.645,26.987,25.864,21707497,602790754.21,0.01566,-0.2859676325573872,0.0733968739621463,-0.3593645065195335,27.23776997931195,26.786652031179912,28.140005875576023,25.628426217935143,37.29073554351042,27.5448,27.7351,29.03745,33.46411886638586,24.610781133614136
2024-11-01,921,26.435,26.673,27.197,26.197,17986146,506120691.5,0.01298,-0.3652736558817331,-0.014337232006629614,-0.3509364238751035,26.54106435052252,26.704789470960783,26.213614109646002,26.45256658106109,37.56935985681662,27.3106,27.585699999999996,28.682000000000006,32.619167349356715,24.744832650643296
2024-11-04,921,26.645,27.748,27.834,26.549,16930977,486939116.5,0.01222,-0.3374903561400515,-0.07896785683331402,-0.2585224993067375,40.689282739235225,31.36628722705226,59.33527376360115,51.310355487697464,47.364393455265336,27.2668,27.589500000000005,28.3803,31.51492866767485,25.245671332325145
2024-11-05,921,27.787,27.844,28.158,27.025,16279121,473100918.37,0.01175,-0.30421865000465687,-0.12401801546758259,-0.18020063453707427,51.29316029802306,38.00857825070919,77.8623243926508,53.01221596505084,48.15680578335424,27.286,27.5305,28.099600000000002,30.131023706094517,26.068176293905488
2024-11-06,921,27.844,27.216,27.929,26.978,18550135,533405539.69,0.01338,-0.32478106086718483,-0.16417062454750309,-0.16061043631968175,50.697332057585996,42.238162853001455,67.61567046675509,41.5983429445192,43.48496835585773,27.2252,27.4649,27.955000000000002,29.786343251622085,26.12365674837792
2024-11-07,921,26.94,28.234,28.358,26.797,22744070,662951450.49,0.01641,-0.2559820259490273,-0.18253290482780796,-0.07344912112121935,62.72535429006895,49.06722666535728,90.0416095394923,58.83784065285288,51.760721824734986,27.543,27.543899999999997,27.839849999999995,29.222186888635623,26.457513111364367
2024-11-08,921,28.548,30.07,30.708,28.072,34615573,1062252654.27,0.02497,-0.052700935617714606,-0.1565665109857893,0.1038655753680747,70.75992515566944,56.298126162128,99.6835231427523,74.88366086426848,62.55031748167082,28.2224,27.7665,27.87315,29.43461952040586,26.311680479594138
2024-11-11,921,29.623,29.214,29.928,28.795,24646645,755190893.92,0.01778,0.0388805560733978,-0.11747709757395187,0.15635765364734966,70.22585706772126,60.94070313065908,88.79616494184562,61.47603315931027,56.16133839205849,28.5156,27.891200000000005,27.868399999999998,29.411953712430023,26.324846287569972
2024-11-12,921,29.128,29.766,30.955,28.957,30246759,955868078.86,0.02182,0.1542235418020681,-0.06313696969874787,0.21736051150081598,72.36559134836233,64.74899920322683,87.59877563863333,66.16405611488705,59.100186560044506,28.9,28.093,27.95355,29.71483881937681,26.19226118062319
2024-11-13,921,29.461,29.395,29.909,29.081,13876492,428658852.15,0.01001,0.21323900307892174,-0.007861775143213925,0.22110077822213567,70.64809915027435,66.71536585224267,78.51356574633772,60.250664412037246,56.33137373574871,29.3358,28.2805,28.0411,29.9084828463214,26.1737171536786
2024-11-14,921,29.328,28.795,29.775,28.738,13062243,401661203.8,0.00942,0.20918286586757517,0.03554715305894391,0.17363571280863127,64.09071339932046,65.8404817012686,60.59117679542419,51.34491357653352,52.03075652843761,29.448,28.495500000000003,28.115299999999998,29.97846200951038,26.252137990489615
2024-11-15,921,28.529,28.005,29.071,27.825,13422512,398092336.2,0.00968,0.14060118724481185,0.05655795989611751,0.08404322734869435,52.411285283689985,61.364082895409055,34.50569006025185,41.623954316071625,46.88895401301743,29.035000000000004,28.628700000000002,28.1072,29.970824154563424,26.243575845436574
2024-11-18,921,27.958,27.463,28.434,27.282,10360538,303983347.13,0.00748,0.04203034288515539,0.05365243649392509,-0.011622093608769701,40.279962194898665,54.33604266190559,12.167801260884815,36.010901476629776,43.65973775252448,28.684800000000003,28.600199999999994,28.09485,29.972775874328445,26.216924125671557
2024-11-19,921,27.406,28.015,28.224,27.358,9933871,290495802.54,0.00717,0.008357683140300054,0.04459348582320009,-0.03623580268290003,36.617617894242215,48.42990107268446,12.99305153735773,45.064655368838665,47.66428224019021,28.334600000000002,28.6173,28.073900000000002,29.945232303326232,26.20256769667377
2024-11-20,921,27.834,28.272,28.424,27.615,10127956,298751644.99,0.00731,0.002382149914094356,0.03615121864137894,-0.033769068727284586,33.39622661322291,43.41867625286394,13.351327333940844,49.089124067544084,49.48781277260707,28.110000000000003,28.7229,28.093899999999998,29.96469672304233,26.223103276957666
2024-11-21,921,28.177,28.205,28.453,27.929,8387259,248741014.14,0.00605,-0.007671412014282453,0.02738669251024666,-0.035058104524529114,30.64059176882978,39.159314758185886,13.603145790117566,47.989297965179496,49.0022325809345,27.992,28.72,28.13195,29.97788145507645,26.28601854492355
2024-11-22,921,28.082,27.292,28.976,27.263,12597577,374100430.1,0.00909,-0.08829261965601987,0.004250830076993349,-0.09254344973301322,20.68888855372328,33.002506023365015,-3.9383463855601875,35.12182996652581,42.76445130439112,27.849400000000003,28.442200000000003,28.10435,29.98459715900488,26.22410284099512
2024-11-25,921,27.216,27.054,27.844,26.711,9414047,268764128.01,0.00679,-0.16943695476385656,-0.030486726891176645,-0.1389502278726799,17.367743505275598,27.790918517335207,-3.4786065188436197,32.403928021037274,41.27045915209606,27.767599999999998,28.2262,28.058699999999998,29.996441832784978,26.12095816721502
2024-11-26,921,26.835,26.131,27.082,26.112,11712535,327078276.68,0.00845,-0.30471030044932945,-0.08533144160280723,-0.21937885884652222,11.751395843083921,22.444410959251442,-9.634634389251119,23.824091878614794,35.95609578644034,27.390800000000002,27.8627,27.97785,30.096651277286327,25.859048722713673
2024-11-27,921,26.083,26.34,26.454,25.988,12548442,345613630.56,0.00905,-0.39054884421487657,-0.14637492212522113,-0.24417392208965544,11.640080740453612,18.8429675529855,-2.7656928846101607,28.93681017038932,37.93044390598853,27.004399999999997,27.5572,27.918850000000003,30.153861859146375,25.68383814085363
2024-11-28,921,26.34,25.331,26.34,25.217,19694619,528547326.33,0.01421,-0.5338405939546718,-0.2238680564911113,-0.30997253746356046,8.770960983127633,15.485632029699541,-4.658381110016183,20.83537889230199,32.632265293232535,26.4296,27.2108,27.85315,30.311883715596128,25.39441628440387
2024-11-29,921,25.369,25.731,26.017,25.284,13189973,356642953.73,0.00952,-0.6081137244464756,-0.30071719008218417,-0.30739653436429143,10.40525713143157,13.792173730276883,3.6314239337409475,30.13983091206528,36.46999967863311,26.117399999999996,26.9834,27.80605,30.392733019255335,25.219366980744663
2024-12-02,921,25.645,25.979,26.169,25.265,11335012,306880664.88,0.00818,-0.6395913768324064,-0.36849202743222864,-0.27109934940017777,13.693954341944007,13.759433934165923,13.562995157500175,35.75748666178919,38.827017544569564,25.9024,26.835,27.717599999999997,30.430539241176334,25.00466075882366
2024-12-03,921,26.055,25.988,26.093,25.684,8538835,232343951.08,0.00616,-0.6562466158603293,-0.42604294511784885,-0.23020367074248044,15.966227608649028,14.495031825660291,18.9086191746265,35.98166926613993,38.91673679496651,25.8738,26.632299999999997,27.6248,30.44441136553076,24.80518863446924
2024-12-04,921,25.969,26.074,26.549,25.75,13016773,357571248.31,0.00939,-0.6549565995333673,-0.47182567600095254,-0.18313092353241472,18.24369062355446,15.74458475829168,23.241902354080025,38.4447665063735,39.836557460956314,25.820600000000002,26.4125,27.567699999999995,30.467287781954845,24.668112218045145
2024-12-05,921,26.017,25.855,26.254,25.693,7041000,191590429.06,0.00508,-0.6639520955788178,-0.5102509599165257,-0.15370113566229215,20.257879778727983,17.249016431770446,26.275606472643055,34.4002574327734,38.23700310220117,25.925400000000003,26.1775,27.44875,30.427359627962044,24.470140372037957
2024-12-06,921,25.798,26.34,26.473,25.703,9837055,270608868.1,0.0071,-0.624743984553696,-0.5331495648439598,-0.09159441970973614,33.576745589750736,22.691592817763876,55.34705113372445,48.733414227501505,43.698633682637656,26.047199999999997,26.082299999999996,27.26225,30.007783319871585,24.516716680128418
2024-12-09,921,26.226,26.283,26.959,25.998,11452909,318029821.87,0.00826,-0.5914527980291311,-0.5448102114809941,-0.04664258654813702,42.78250701008261,29.388564215203452,69.57039259984093,47.276612556556216,43.20875628242945,26.107999999999997,26.005200000000002,27.115700000000004,29.732461445595817,24.49893855440419
2024-12-10,921,27.406,27.568,28.51,27.377,28583357,843160767.53,0.02062,-0.456122634250292,-0.5270726960348536,0.07095006178456165,52.31962659868449,37.0322516763638,82.89437644332588,70.84999024943845,55.48228058681037,26.424,26.148900000000005,27.0058,29.321161388184052,24.69043861181595
2024-12-11,921,27.349,28.576,28.805,27.149,19281209,575669151.98,0.01391,-0.2644864930076132,-0.4745554554294055,0.21006896242179235,66.0567755478989,46.70709296687549,104.7561407099457,79.48452212367043,62.430442799216706,26.924400000000002,26.372500000000002,26.964850000000002,29.12613521949299,24.803564780507013
2024-12-12,921,28.576,29.319,29.49,28.358,15029042,457038669.85,0.01084,-0.05205947074616546,-0.3900562584927575,0.33799678774659203,76.02207127256375,56.47875240210491,115.10870901348143,83.74374311226865,66.61976080237594,27.617200000000004,26.771300000000004,26.99105,29.25596895753675,24.72613104246325
2024-12-13,921,29.166,28.196,29.214,27.996,15491695,462142276.71,0.01118,0.02538118168939718,-0.3069687704563266,0.33234995214572377,72.6817311724256,61.87974532554514,94.28570286618653,60.836035568416115,56.273353886589184,27.988400000000002,27.0178,27.0006,29.285046762462446,24.71615323753755
2024-12-16,921,28.177,28.024,28.481,27.406,10198801,299218752.51,0.00736,0.07204401557265427,-0.2311662132505304,0.3032102288231847,68.91801128289,64.22583397799343,78.30236589268316,57.9238654967499,54.85004000187593,28.336599999999997,27.2223,27.02865,29.35047362764564,24.706826372354357
2024-12-17,921,28.053,27.844,28.786,27.787,8740431,259234057.77,0.00631,0.0934232271270794,-0.16624832517500845,0.2596715523020878,64.8286697991631,64.42677925171665,65.63245089405598,54.63924054500805,53.31066439534361,28.3918,27.4079,27.020100000000003,29.32784694407632,24.712353055923685
2024-12-18,921,28.082,27.977,28.405,27.882,10129595,299463226.79,0.00731,0.11971835609847403,-0.10905498892031196,0.228773345018786,63.234956875174845,64.02950512620271,61.64586037311912,56.810762239506666,54.34351572863507,28.272000000000002,27.5982,27.00535,29.282980742679516,24.727719257320484
2024-12-19,921,27.634,28.377,28.805,27.463,9650636,286924968.77,0.00696,0.1708644730293578,-0.05307109653037799,0.22393556955973581,64.86568717222423,64.30823247487655,65.98059656691959,63.173373490053386,57.433027104776194,28.0836,27.8504,27.01395,29.311861772846886,24.716038227153117
2024-12-20,921,28.367,27.948,28.548,27.882,8033231,237972252.9,0.0058,0.17476682135948707,-0.007503512952404964,0.18227033431189205,54.62069590493434,61.07905361822914,41.70398047834473,53.104717564287114,53.219516250617104,28.034000000000002,28.011200000000002,27.046749999999996,29.379830807136862,24.71366919286313
2024-12-23,921,27.863,28.691,29.005,27.787,12575479,378312826.56,0.00907,0.23510322735763012,0.041017835109602066,0.19408539224802807,58.3702261465047,60.17611112765432,54.75845618420544,64.77338195582205,58.91448364395131,28.167400000000004,28.252000000000002,27.1286,29.574865932094283,24.682334067905714
2024-12-24,921,28.538,29.166,29.813,28.481,14746536,453541715.91,0.01064,0.31758783915266875,0.09633183591821542,0.22125600323445332,63.28683958859905,61.213020614635894,67.43447753652538,70.41986673082968,62.12975754812538,28.4318,28.4118,27.28035,29.839966030003602,24.720733969996395
2024-12-25,921,29.005,28.862,29.423,28.681,7295772,222220346.22,0.00526,0.35434258811854846,0.14793398635828206,0.2064086017602664,62.354638662168085,61.593559963813284,63.87679605887767,62.701168447256215,58.9109585999849,28.608799999999995,28.4404,27.40645,30.018954221099346,24.793945778900653
2024-12-26,921,28.909,28.548,28.909,28.338,7260855,217502771.64,0.00524,0.35405251864032294,0.18915769281469025,0.1648948258256327,57.38474318233999,60.190621036655514,51.77298747370892,55.2015761408768,55.66162219426893,28.643,28.3633,27.5673,30.033824774486682,25.100775225513317
2024-12-27,921,28.548,28.234,28.814,27.986,7384295,219227315.79,0.00533,0.324742036642963,0.21627456158034483,0.10846747506261814,49.192665667659305,56.52463591365677,34.52872517566438,48.27295029923983,52.502495151608976,28.700199999999995,28.3671,27.692449999999997,30.016558293064975,25.36834170693502
2024-12-30,921,28.224,28.205,28.643,28.005,6801228,202135252.7,0.00491,0.2957638295322944,0.23217241517073475,0.06359141436155966,43.319933140141636,52.123068322485054,25.713662775454793,47.61065844313188,52.20397632440076,28.602999999999998,28.385199999999998,27.80375,29.991566491390135,25.615933508609867
2024-12-31,921,28.215,27.501,28.434,27.406,13554455,395771205.62,0.00978,0.21353003388111702,0.22844393891281123,-0.014913905031694208,30.19556268337378,44.813899776114624,0.9588884978920902,34.015632728782904,45.37204681286813,28.27,28.350900000000003,27.879399999999997,29.901192888554398,25.857607111445596
2025-01-01,921,27.501,27.501,27.501,27.501,0,0.0,0.0,0.1466684557056226,0.21208884227137348,-0.06542038656575089,21.445982378861874,37.02459397703038,-9.71124081747513,34.015632728782904,45.37204681286813,27.9978,28.3033,27.95075,29.797409672859896,26.104090327140103
