date,symbol,open,close,high,low,volume,amount,turnover,macd,macds,macdh,kdjk,kdjd,kdjj,rsi_6,rsi_12,close_5_sma,close_10_sma,boll,boll_ub,boll_lb
2022-01-03,988,27.394,27.394,27.394,27.394,0,0.0,0.0,0.0,0.0,0.0,33.33333333333333,44.444444444444436,11.111111111111114,,,27.394,27.394,27.394,,
2022-01-04,988,27.394,27.217,27.63,26.932,12434537,343905939.0,0.01237,-0.0039711538461553175,-0.0022061965811973985,-0.001764957264957919,35.83253740846864,41.573808765785834,24.349994693834248,0.0,0.0,27.3055,27.3055,27.3055,27.555815800540035,27.055184199459962
2022-01-05,988,27.246,26.529,27.335,26.45,9812351,266697764.0,0.00976,-0.026394877054080723,-0.012119590217624989,-0.014275286836455734,26.119996690391538,36.42253807398773,5.51491392319916,0.0,0.0,27.046666666666667,27.046666666666667,27.046666666666667,27.96059518320028,26.132738150133054
2022-01-06,988,26.47,26.263,26.637,26.234,8395844,224927652.0,0.00835,-0.04555058321807692,-0.023444452345149358,-0.022106130872927565,18.105785759210402,30.316953969061952,-6.316550660492702,0.0,0.0,26.850749999999998,26.850749999999998,26.850749999999998,27.93286690680813,25.768633093191866
2022-01-07,988,26.273,25.83,26.47,25.683,9282069,245277385.0,0.00923,-0.0722306195051452,-0.03795723410383446,-0.03427338540131074,14.587216186674397,25.07370804159943,-6.385767523175673,0.0,0.0,26.6466,26.6466,26.6466,27.954949035999185,25.338250964000814
2022-01-10,988,25.83,25.958,26.007,25.299,8523477,223004849.0,0.00848,-0.08143788909380234,-0.04974290908376764,-0.0316949800100347,19.148520214825673,23.098645432674843,11.248269779127334,11.062496623993951,9.121099708109895,26.3594,26.531833333333335,26.531833333333335,27.830114915528302,25.233551751138368
2022-01-11,988,25.978,25.988,26.47,25.84,8628425,228540390.0,0.00858,-0.08458081093171188,-0.05855945265083213,-0.02602135828087975,22.618389995926968,22.938560287092216,21.978049413596466,13.746136518413849,11.192186163717892,26.1136,26.45414285714286,26.45414285714286,27.708581073275976,25.199704641009742
2022-01-12,988,26.037,25.673,26.194,25.565,8563251,224360262.0,0.00852,-0.10030962916508557,-0.0685928051794506,-0.03171682398563497,20.42713201215664,22.101417528780356,17.07856097890921,9.959539371304146,8.875336503494523,25.9424,26.3565,26.3565,27.642542434314336,25.070457565685665
2022-01-13,988,25.742,25.132,25.919,25.083,11420731,295541966.0,0.01136,-0.13651626548911722,-0.08428346148100781,-0.05223280400810941,14.259365327827014,19.487400128462575,3.803295726555895,6.352869763651995,6.395048787491888,25.716199999999997,26.220444444444443,26.220444444444443,27.674255680854145,24.76663320803474
2022-01-14,988,25.142,25.231,25.506,24.995,10372659,266117056.0,0.01032,-0.15511470011216844,-0.10015377068214751,-0.05496092943002093,12.49169579729898,17.155498684741374,3.164090022414193,13.251285014706383,11.34118041182883,25.5964,26.121499999999997,26.121499999999997,27.62826024783123,24.614739752168767
2022-01-17,988,25.29,25.998,26.116,25.29,10483326,276281684.0,0.01043,-0.12551650450467022,-0.10570299192147571,-0.019813512583194512,22.61554648594861,18.97551461847712,29.895610220891584,48.51253892813189,38.71214053389937,25.604400000000005,25.981900000000003,26.11027272727273,27.541649712111898,24.67889574243356
2022-01-18,988,26.076,26.066,26.214,25.821,7923627,209628411.0,0.00788,-0.09837365793248054,-0.10412895836103853,0.005755300428557986,36.818809309755395,24.923279515569877,60.60986889812643,50.6467871424989,40.4890570676493,25.620000000000005,25.8668,26.106583333333333,27.471587085131926,24.74157958153474
2022-01-19,988,26.047,26.096,26.253,25.781,6531159,172854858.0,0.0065,-0.07524417571524467,-0.0980159348080085,0.02277175909276384,49.427228805373666,33.091262612171136,82.09916119177873,51.706589579923104,41.308034866047336,25.7046,25.823500000000003,26.10576923076923,27.412674010224908,24.798864451313552
2022-01-20,988,25.958,25.358,26.017,25.25,11861763,307058915.0,0.0118,-0.09972583955839553,-0.09837364815757633,-0.0013521914008191999,41.154875700757586,35.77913364169995,51.90635981887286,31.645972635329755,30.166895930175343,25.7498,25.732999999999997,26.052357142857144,27.370073023787906,24.73464126192638
2022-01-21,988,25.25,24.788,25.437,24.66,13838010,350305158.0,0.01376,-0.15074100529533752,-0.10922906045041758,-0.041511944844919935,29.793858201978356,33.784041828459415,21.81349094901624,23.276248891626338,24.580907598069317,25.6612,25.628800000000002,25.96806666666667,27.395876671367507,24.54025666196583
2022-01-24,988,24.847,25.103,25.25,24.532,9100155,230650693.0,0.00905,-0.16845170167210455,-0.12141663852008691,-0.04703506315201764,30.922033688012714,32.83003911497718,27.106022834083774,34.724963801643966,32.154700445999865,25.4822,25.5433,25.914,27.359619959279293,24.46838004072071
2022-01-25,988,25.132,24.454,25.506,24.385,9105751,231258338.0,0.00906,-0.22003117855877363,-0.141593898019642,-0.07843728053913163,21.84595250863944,29.1686769128646,7.20050370018911,25.366526981721663,26.23348555914285,25.1598,25.3899,25.82811764705882,27.396797487299164,24.25943780681848
2022-01-26,988,24.641,24.473,24.906,24.139,7813699,194443695.0,0.00777,-0.25563362141392076,-0.16482025148575846,-0.0908133699281623,19.830445791000866,26.055933205576686,7.379470961849222,26.066518565342022,26.66478252563853,24.8352,25.2699,25.75283333333333,27.403312800212042,24.10235386645462
2022-01-27,988,24.434,23.382,24.572,23.372,12229286,296455807.0,0.01216,-0.34987146342081843,-0.20237166680083513,-0.1474997966199833,13.335997760933372,21.815954724028913,-3.623916165257711,15.83371859818999,19.516776139626998,24.440000000000005,25.094900000000003,25.628052631578946,27.56611391643545,23.68999134672244
2022-01-28,988,23.834,24.041,24.464,23.51,14069433,344328835.0,0.01399,-0.3753265428326422,-0.23736610035708183,-0.13796044247556039,16.631033101758433,20.08764751660542,9.717804272064463,34.47782821879335,31.59927624973332,24.2906,24.9759,25.5487,27.564175192760153,23.533224807239847
2022-01-31,988,24.041,24.041,24.041,24.041,0,0.0,0.0,-0.39049538138013773,-0.2682770598410296,-0.12221832153910811,18.82772332897514,19.667672787395325,17.147824412134767,34.47782821879335,31.59927624973332,24.078200000000002,24.7802,25.38105,27.306014139105482,23.456085860894515
2022-02-01,988,24.041,24.041,24.041,24.041,0,0.0,0.0,-0.39758636179578133,-0.29433116560038486,-0.10325519619539647,20.982817443009267,20.106054339266638,22.736343650494526,34.47782821879335,31.59927624973332,23.9956,24.5777,25.22225,27.0299374293155,23.4145625706845
2022-02-02,988,24.041,24.041,24.041,24.041,0,0.0,0.0,-0.39837230429709436,-0.3152629528026147,-0.08310935149447968,24.438404380937765,21.55017101982368,30.214871103165933,34.477828218793334,31.59927624973332,23.9092,24.3722,25.09785,26.868962320727178,23.326737679272824
2022-02-03,988,24.041,24.041,24.041,24.041,0,0.0,0.0,-0.39428065333896356,-0.33114147712092273,-0.06313917621804083,26.74212900622343,23.280823681956928,33.66473965475644,34.477828218793334,31.59927624973332,24.041,24.2405,24.986749999999997,26.72864719619307,23.244852803806925
2022-02-04,988,24.041,24.041,24.041,24.041,0,0.0,0.0,-0.38646278367784603,-0.34224769654298753,-0.0442150871348585,28.27794542308054,24.94653092899813,34.94077441124536,34.477828218793334,31.59927624973332,24.041,24.1658,24.8973,26.640607455445128,23.153992544554875
2022-02-07,988,24.287,23.825,24.464,23.677,10934327,266056557.0,0.01087,-0.39101469650701404,-0.3520306637398848,-0.03898403276712925,28.695509899611267,26.19619058586917,33.69414852709546,28.334835314993967,29.179223276037476,23.9978,24.038,24.790650000000003,26.521672365996174,23.05962763400383
2022-02-08,988,23.893,23.775,23.893,23.392,8409458,201805914.0,0.00836,-0.39353630507190474,-0.3603519115489443,-0.03318439352296043,30.32478437751859,27.572388516418975,35.82957609971781,26.998611989024354,28.625608993533206,23.9446,23.9701,24.68,26.37122266578449,22.98877733421551
2022-02-09,988,23.746,23.982,24.139,23.677,9241457,224921127.0,0.00919,-0.37611418061446855,-0.36351047491213334,-0.01260370570233521,38.56229406262434,31.235690365154095,53.21550145756482,40.85520532883822,34.25886703047453,23.932799999999997,23.921,24.595450000000003,26.246242023624784,22.944657976375222
2022-02-10,988,23.992,23.913,24.139,23.726,5861190,142563783.0,0.00583,-0.3631208863226867,-0.36343243643555057,0.0003115501128638787,41.9084447979685,34.79327517609223,56.13878404172104,37.972165079469924,33.30306330627705,23.9072,23.9741,24.5345,26.191882019298745,22.877117980701257
2022-02-11,988,23.874,23.008,23.893,22.763,14386568,339367874.0,0.01431,-0.41449317700223887,-0.37365724224539415,-0.040835934756844716,32.74006059233561,34.10887031484002,30.002441147326792,17.990595895329236,23.801608940674356,23.7006,23.8708,24.423350000000003,26.17929332422627,22.667406675773737
2022-02-14,988,22.871,23.126,23.539,22.733,10206745,240585300.0,0.01015,-0.44118390256408446,-0.387175962601299,-0.05400793996278547,29.394586899800885,32.537442509826974,23.108875679748706,24.229111753422004,26.773258560839935,23.5608,23.7793,24.27975,25.961667811997913,22.597832188002087
2022-02-15,988,23.136,23.402,23.677,23.018,9545029,227308866.0,0.00949,-0.436618429702353,-0.3970722967051765,-0.039546132997176464,32.479118014078715,32.51800101124422,32.40135201974769,37.560752660564276,33.400577885302525,23.486200000000004,23.7154,24.146549999999998,25.644755027779315,22.64834497222068
2022-02-16,988,23.598,23.5,23.648,23.421,4903582,117310380.0,0.00488,-0.42074905793368345,-0.4018106522404971,-0.018938405693186333,36.422627876899774,33.819543299796074,41.62879703110717,41.91528323757098,35.6562707755149,23.3898,23.6613,24.01675,25.225720658300546,22.80777934169945
2022-02-17,988,23.451,23.51,23.657,23.343,6415338,153402026.0,0.00638,-0.4027423993154571,-0.4019970961938049,-0.0007453031216521633,39.244201369117505,35.62776265623655,46.47707879487942,42.407105026213394,35.89795254746183,23.309199999999997,23.6082,23.92435,24.973634121876024,22.875065878123976
2022-02-18,988,23.48,23.707,23.864,23.461,6734230,162122768.0,0.0067,-0.3692742375769562,-0.3954498685993984,0.026175631022442192,49.2543134779418,40.16994626347163,67.42304790688215,52.01261533591193,40.68591045649216,23.449,23.5748,23.8703,24.840667071077572,22.89993292892243
2022-02-21,988,23.884,24.041,24.08,23.746,7990083,194368197.0,0.00795,-0.3137260328098428,-0.37909979553942563,0.06537376272958284,63.84616631104135,48.06201961266153,95.414459707801,64.17041113091855,47.88547177117808,23.631999999999998,23.5964,23.8172,24.602037254333386,23.032362745666614
2022-02-22,988,23.844,23.569,23.844,23.264,10600203,253429820.0,0.01054,-0.3023085225454736,-0.3637375526743668,0.061429030128893225,62.38393069384736,52.8359899730568,81.47981213542849,44.88571845745473,40.33733939283359,23.6654,23.5758,23.77295,24.504607519824603,23.0412924801754
2022-02-23,988,23.598,24.582,24.69,23.569,14938718,370071973.0,0.01486,-0.2130744060210077,-0.33359866374136193,0.12052425772035424,73.08307013042386,59.58501669217915,100.07917700691328,68.93174912415705,56.42057004899621,23.8818,23.6358,23.7784,24.53326921836978,23.02353078163022
2022-02-24,988,24.749,24.12,24.867,23.805,15685261,387924829.0,0.0156,-0.17596110167734835,-0.30206591205151795,0.1261048103741696,70.38715140841128,63.185728264256525,84.7899976967208,55.644989273384134,49.74834884490952,24.003800000000002,23.6565,23.8153,24.560672559618123,23.06992744038188
2022-02-25,988,24.473,24.424,24.739,24.385,11911979,297153633.0,0.01185,-0.12166950790026121,-0.2659818348247014,0.14431232692444018,72.27180203863436,66.21441952238246,84.38656707113819,61.50404628987769,53.680389787330796,24.147199999999998,23.7981,23.83445,24.62268546441943,23.04621453558057
2022-02-28,988,24.228,24.139,24.375,23.943,9775777,239486652.0,0.00972,-0.09961628747757345,-0.23270518677510035,0.1330888992975269,66.3762523052322,66.26836378333236,66.59202934903189,53.54666792033018,49.702898403958855,24.166800000000002,23.8994,23.839350000000003,24.63418259409241,23.044517405907595
2022-03-01,988,24.277,24.169,24.434,24.031,6613299,162768198.09,0.00658,-0.07890330967546078,-0.20194219432920166,0.12303888465374088,63.069716134450914,65.20214790037187,58.804852602609,54.29363361698519,50.127246142451675,24.2868,23.9761,23.845750000000002,24.64943123426884,23.042068765731166
2022-03-02,988,24.051,24.65,24.827,23.854,13601750,337566085.06,0.01353,-0.024706886075616552,-0.1664927201122861,0.14178583403666956,70.86743812165719,67.09057797413364,78.42115841670429,65.09305896637468,56.540469241305196,24.300400000000003,24.0911,23.8762,24.75377959003283,22.99862040996717
2022-03-03,988,24.729,24.238,24.749,24.179,10714606,266039845.3,0.01066,-0.013826673500691555,-0.13595784831341529,0.12213117481272373,67.49864974382052,67.2266018973626,68.04274543673637,52.373573507574086,50.47542861227528,24.324,24.1639,23.88605,24.7757563915461,22.996343608453902
2022-03-04,988,24.159,24.011,24.395,23.844,8971044,219306917.51,0.00892,-0.02273214354506692,-0.11331172098178595,0.09057957743671903,60.53247475123487,64.99522618198668,51.606971889731255,46.38134840536143,47.418142751248396,24.2414,24.194300000000002,23.884549999999997,24.773257038342827,22.995842961657168
2022-03-07,988,23.815,23.156,23.815,22.94,13155261,310459945.78,0.01308,-0.09581932529846071,-0.10981311993666706,0.013993794638206353,44.091360956799676,58.02727110692434,16.219540656550336,30.571824930306406,37.968623685295334,24.0448,24.1058,23.8511,24.797718558204373,22.904481441795625
2022-03-08,988,23.058,22.733,23.343,22.123,13747972,317415940.08,0.01367,-0.1848633777263231,-0.12482358992543144,-0.06003978780089167,36.80434753776926,50.952963250539305,8.50711611222917,25.42645383453518,34.281499314420756,23.7576,24.022199999999998,23.799,24.8698068772758,22.7281931227242
2022-03-09,988,22.723,21.878,22.861,20.757,15186182,339395796.02,0.0151,-0.3191176100834845,-0.1636832605566553,-0.1554343495268292,33.71723087284534,45.207719124641315,10.736254369253402,18.055642691033412,28.23544691518717,23.203200000000002,23.7518,23.6938,25.061232569298777,22.32636743070122
2022-03-10,988,22.359,22.005,22.861,21.996,13829936,315801874.34,0.01375,-0.4107000072819389,-0.21308749130264132,-0.19761251597929758,32.699284136360426,41.03824079521435,16.02137081865257,22.081769265310697,30.22938120008658,22.7566,23.5403,23.5984,25.1546346460879,22.042165353912104
2022-03-11,988,21.927,22.094,22.133,21.435,13108010,290287546.97,0.01304,-0.4707741687047502,-0.2646255623589931,-0.2061486063457571,32.74956370761456,38.275348432681085,21.697994257481525,25.173429385901372,31.68055697531547,22.3732,23.307299999999998,23.552699999999998,25.230840713001058,21.874559286998938
2022-03-14,988,21.829,21.534,22.064,21.534,9076789,200819118.4,0.00903,-0.5562999832197129,-0.322961112605373,-0.23333887061433983,28.196678835379384,34.915791900247186,14.758452705643776,19.37023809111288,27.722624592502825,22.0488,23.0468,23.4731,25.372855984330656,21.573344015669342
2022-03-15,988,21.337,20.314,21.809,20.216,15258974,326407063.93,0.01518,-0.7126030928040343,-0.40089022047959755,-0.3117128723244368,19.5184271138723,29.783336971455554,-1.0113926012942116,12.086251057390442,21.375779624090768,21.565,22.6613,23.3187,25.68696235210992,20.95043764789008
2022-03-16,988,20.619,20.855,20.924,19.665,15756497,328354374.9,0.01567,-0.7844123988358476,-0.4775952166732351,-0.30681718216261245,21.39847219853644,26.98838204714918,10.218652501310956,26.74481019763816,29.215290964299356,21.3604,22.281799999999997,23.18645,25.795273608650614,20.577626391349387
2022-03-17,988,21.268,20.865,21.298,20.845,14291479,306182965.08,0.01421,-0.8309143182499703,-0.5482594500921536,-0.2826548681578167,23.904202349225084,25.960322147841147,19.791962751992955,27.01474172583235,29.357324557881043,21.1324,21.944499999999998,23.054199999999998,25.855062919661908,20.25333708033809
2022-03-18,988,20.757,20.619,20.855,20.422,17513747,367375864.39,0.01742,-0.8772097972377964,-0.6140498272100625,-0.26315997002773384,24.58213816212613,25.500927485936142,22.744559514506115,24.364480270656315,27.857247743424267,20.8374,21.6053,22.8998,25.88362379894626,19.915976201053738
2022-03-21,988,20.668,20.835,21.091,20.56,15072530,318452776.62,0.01499,-0.8864418783328922,-0.6685284412633226,-0.21791343706956967,28.590845549886353,26.53090017391954,32.71073630181998,31.45034805633992,31.223482581649705,20.6976,21.3732,22.7395,25.808439847809648,19.67056015219035
2022-03-22,988,20.776,20.501,20.826,20.363,13170152,275480458.52,0.0131,-0.9098890549296357,-0.7168007084829803,-0.1930883464466554,27.779796073724835,26.94719880718797,29.444990606798562,26.7927820158926,28.945190540755732,20.735,21.15,22.586100000000002,25.784439760102558,19.387760239897446
2022-03-23,988,20.58,21.75,21.976,20.481,27268450,595274882.31,0.02712,-0.8193004597392388,-0.7373007078219781,-0.08199975191726072,46.680317857901926,33.524905157425955,72.99114325885388,56.01994054532411,45.244243402094554,20.913999999999998,21.1372,22.444499999999998,25.519149385231675,19.36985061476832
2022-03-24,988,21.455,21.337,21.809,21.13,19080964,415681783.26,0.01898,-0.7716044708485796,-0.7441614735699147,-0.02744299727866495,54.35211408673245,40.46730813386145,82.12172599247444,48.35904916763708,41.786586043345146,21.0084,21.0704,22.305349999999997,25.31186848139133,19.298831518608665
2022-03-25,988,21.209,20.747,21.573,20.609,15541620,332994556.27,0.01546,-0.7720682155070548,-0.7497428305107472,-0.02232538499630765,51.841262268697164,44.258626178806686,67.00653444847812,39.17509127125888,37.339480687598396,21.034,20.9357,22.1215,25.030641273188486,19.212358726811516
2022-03-28,988,20.708,20.757,20.796,20.236,12453928,259646197.31,0.01239,-0.7628300589735595,-0.7523602794122928,-0.010469779561266712,50.311598760409424,46.2762837060076,58.38222886921308,39.40913044192127,37.46254080054836,21.018400000000003,20.857999999999997,21.9524,24.759136137824274,19.145663862175727
2022-03-29,988,20.845,21.101,21.72,20.826,19934590,430165252.4,0.01983,-0.719663103959288,-0.7458208379078263,0.026157733948538264,50.11194706632657,47.55483815944726,55.22616488008521,47.713989706823746,41.755209856806,21.1384,20.9367,21.799,24.425197250779217,19.172802749220782
2022-03-30,988,22.133,20.688,22.34,20.334,39097911,829144909.8,0.03888,-0.7103412502816511,-0.7387249148148624,0.028383664533211284,40.568927955497784,45.22620142479743,31.254381016898492,39.84571413282031,38.3109910639128,20.926,20.92,21.600900000000003,23.89879742797063,19.303002572029374
2022-03-31,988,20.649,19.832,20.688,19.724,26415959,539627735.59,0.02627,-0.7627589109171637,-0.7435317170526013,-0.019227193864562397,28.42209875932269,39.62483386963918,6.016628538689702,28.256440049611186,32.28892025606359,20.625,20.8167,21.3806,23.447158226923097,19.314041773076905
2022-04-01,988,19.675,19.459,19.734,19.134,27866965,549325328.31,0.02771,-0.8246913205304125,-0.7597636458993211,-0.06492767463109139,22.32714672954637,33.85893815627491,-0.7364361239107069,24.52631617363879,30.043985890564414,20.367399999999996,20.7007,21.153,22.989653478476654,19.316346521523343
2022-04-04,988,19.459,19.459,19.459,19.459,0,0.0,0.0,-0.8638030740309759,-0.7805715398849012,-0.08323153414607465,18.263845376362163,28.660573896303994,-2.5296116635215,24.52631617363879,30.043985890564414,20.107799999999997,20.5631,20.96815,22.697000701295185,19.239299298704818
2022-04-05,988,19.459,19.459,19.459,19.459,0,0.0,0.0,-0.8845915528370654,-0.8013755491614849,-0.08321600367558046,15.554977807572689,24.29204186672689,-1.9191503107357164,24.52631617363879,30.043985890564414,19.7794,20.4589,20.80445,22.447571352471513,19.161328647528485
2022-04-06,988,19.42,19.056,19.459,18.839,18527844,359538023.0,0.01843,-0.9227776034752679,-0.8256559662669816,-0.09712163720828637,12.436061564183964,20.340048432545913,-3.371912172539936,19.67678368517511,27.374328682324318,19.453,20.1895,20.66335,22.400295931346605,18.926404068653397
2022-04-07,988,18.977,18.338,18.987,18.328,17959120,339258852.57,0.01786,-0.9991832145215973,-0.8603614230564031,-0.13882179146519424,8.373791790546052,16.35129621854596,-7.581217065453764,13.830252184434528,23.34288624184157,19.1542,19.889599999999998,20.48,22.386528617257436,18.573471382742564
2022-04-08,988,18.377,18.181,18.495,17.699,16508135,303324533.67,0.01642,-1.0601182003000176,-0.9003127850791409,-0.15980541522087666,9.04442543990867,13.915672625666863,-0.6980689316077182,12.829962000480194,22.55067623348407,18.898600000000002,19.633000000000003,20.28435,22.293820763004263,18.274879236995737
2022-04-11,988,18.19,17.384,18.19,17.325,19267342,344407503.57,0.01916,-1.1590960704639386,-0.9520694489693665,-0.20702662149457207,6.421773822684218,11.41770635800598,-3.5700912479593043,8.906039383646586,18.982914156920003,18.483600000000003,19.2957,20.07685,22.378778278639572,17.77492172136043
2022-04-12,988,17.276,17.856,17.905,17.207,14225963,253833284.09,0.01415,-1.185907015734795,-0.9988369672476466,-0.18707004848714848,10.49587181399288,11.110428176668279,9.266759088642083,25.17028974511311,26.49601845373998,18.163,18.971200000000003,19.95395,22.456306655550822,17.451593344449176
2022-04-13,988,17.738,17.463,17.836,17.423,8712995,155810561.63,0.00867,-1.2246344656618824,-1.0439964707351743,-0.18063799492670807,10.374111086653478,10.864989146663344,9.392354966633746,21.359854736338335,24.437570282978584,17.8444,18.648699999999998,19.78435,22.481762192610294,17.086937807389706
2022-04-14,988,17.6,17.571,17.758,17.384,10977357,196230476.62,0.01092,-1.2324237707037504,-1.0816819332688845,-0.1507418374348659,12.303877491753607,11.344618595026764,14.222395285207288,25.099115407443733,26.15740238316633,17.691,18.4226,19.61965,22.438748271284364,16.800551728715636
2022-04-15,988,17.404,17.305,17.502,17.06,10202989,179807127.89,0.01015,-1.2456329807576907,-1.1144721445346903,-0.13116083622300034,11.606781187360552,11.432006125804694,11.956331310472265,22.006464893425886,24.649953210666027,17.515800000000002,18.2072,19.45395,22.411883878838328,16.49601612116167
2022-04-18,988,17.237,17.669,17.748,17.001,10400045,184957919.62,0.01034,-1.2128210624735338,-1.1341419289709331,-0.0786791335026007,16.796709562932524,13.220240604847303,23.949647479102968,35.13167103923762,30.618898052088724,17.5728,18.0282,19.295650000000002,22.28112679521002,16.310173204789983
2022-04-19,988,17.699,17.541,17.984,17.453,11427549,205386724.55,0.01137,-1.1834732058557513,-1.1440081846883687,-0.0394650211673826,20.261250484049675,15.56724389791476,29.649263656319505,32.80228505439655,29.715873240302344,17.509800000000002,17.8364,19.14765,22.174718707164637,16.12058129283536
2022-04-20,988,17.492,17.286,17.728,17.217,8636785,153356871.44,0.00859,-1.1672838580915794,-1.148663319497525,-0.018620538594054326,19.866268729660966,17.000252175163496,25.598301838655907,28.314223869101838,27.925940520852365,17.4744,17.6594,18.92445,21.79799865701126,16.05090134298874
2022-04-21,988,17.197,16.696,17.443,16.607,12016204,207430840.16,0.01195,-1.1882587555877606,-1.1565824068904698,-0.03167634869729086,15.118257906529127,16.372920752285374,12.608932215016637,20.519320667756233,24.240494335640122,17.299400000000002,17.495200000000004,18.6924,21.494306749265515,15.890493250734483
2022-04-22,988,16.607,16.617,16.893,16.224,12960599,218479370.66,0.01289,-1.1974355182629708,-1.1647530293093322,-0.03268248895363857,17.522020422534574,16.75595397570177,19.05415331620018,19.650105536698604,23.78204111140444,17.1618,17.3388,18.4859,21.258844313977797,15.712955686022207
2022-04-25,988,16.401,15.191,16.509,15.113,20348135,325291999.42,0.02024,-1.304522738449382,-1.1927069715324647,-0.1118157669169173,12.58695475051592,15.366287567306486,7.028289116934786,10.247413177341528,17.328527674328654,16.6662,17.119500000000002,18.2076,21.133824396906938,15.28137560309306
2022-04-26,988,15.25,14.769,15.604,14.729,15973131,246820654.37,0.01589,-1.407157703248508,-1.2355971183606673,-0.17156058488784076,8.80092938308845,13.177834839233807,0.047118470797734346,8.75902187885545,15.932740917073048,16.111800000000002,16.8108,17.891,20.868838990380837,14.91316100961916
2022-04-27,988,14.611,15.624,15.663,14.533,16804901,258809740.61,0.01671,-1.4034294702971906,-1.269163589051623,-0.1342658812455675,16.405294562163284,14.253654746876965,20.708574192735924,32.570555455522,28.63758085389601,15.7794,16.6269,17.637800000000002,20.47197561391794,14.803624386082062
2022-04-28,988,15.467,15.811,16.067,15.241,18964505,303653493.63,0.01886,-1.3696155029978954,-1.2892539719862717,-0.08036153101162369,23.28111108548739,17.262806859747105,35.31771953696795,36.8930212132218,31.12123828379447,15.6024,16.4509,17.43675,20.184720801576432,14.688779198423566
2022-04-29,988,15.958,16.548,16.578,15.722,20864556,343832300.86,0.02075,-1.2687987406914054,-1.285162925703613,0.0163641850122076,34.98369832049007,23.16977067999476,58.611553601480686,51.57432926772505,40.08646930221882,15.5886,16.3752,17.2912,19.8926395690809,14.689760430919103
2022-05-02,988,16.548,16.548,16.548,16.548,0,0.0,0.0,-1.1753503813917021,-1.2632004167395074,0.08785003534780533,44.34489642857916,30.228145929522892,72.57839742669171,51.57432926772505,40.086469302218816,15.86,16.2631,17.14565,19.555055279317052,14.736244720682949
2022-05-03,988,16.548,16.548,16.548,16.548,0,0.0,0.0,-1.0887401560046932,-1.2283083644632573,0.1395682084585641,52.64459303715125,37.70029496539901,82.53318918065574,51.57432926772505,40.08646930221882,16.215799999999998,16.1638,17.0001,19.159864207403167,14.84033579259683
2022-05-04,988,16.548,16.548,16.548,16.548,0,0.0,0.0,-1.0084746515657983,-1.184341621753436,0.17586697018763764,63.55684733550193,46.31914575543331,98.03225049563918,51.57432926772505,40.08646930221882,16.4006,16.089999999999996,16.8747,18.811595410593938,14.937804589406063
2022-05-05,988,16.421,16.824,17.06,16.381,14970035,256226519.49,0.01489,-0.9120995427732765,-1.1298932058282838,0.21779366305500725,72.5915191180091,55.07660354295857,107.62135026811016,58.98412046014502,43.95552346190198,16.603199999999998,16.1028,16.799,18.60930046939026,14.98869953060974
2022-05-06,988,16.47,16.617,16.784,16.342,11955191,201497564.83,0.01189,-0.8426948113912651,-1.072453526831909,0.22975871544064397,75.88412315293738,62.012443412951505,103.62748263290912,51.844494228614906,41.749640528699445,16.616999999999997,16.1028,16.7208,18.41086615878005,15.030733841219952
2022-05-09,988,16.607,16.47,16.765,16.381,9355600,157284589.63,0.0093,-0.7904304070200325,-1.016048902783928,0.22561849576389537,76.14013433781105,66.72167372123802,94.9770555709571,46.996783068343774,40.18723876145919,16.6014,16.2307,16.6751,18.33888350059226,15.011316499407743
2022-05-10,988,16.273,17.414,17.502,16.224,17845790,310534747.71,0.01775,-0.6652280459606565,-0.9458847313340827,0.28065668537342614,82.79606184219104,72.07980309488903,104.22857933679506,69.19420151913171,52.6111733716404,16.7746,16.4952,16.653,18.261563530476764,15.044436469523234
2022-05-11,988,17.414,17.473,18.19,17.286,20016352,362175954.31,0.01991,-0.5548509717904686,-0.8676779793493951,0.31282700755892645,78.8467532756692,74.33545315514908,87.86935351670945,70.13233110309957,53.27293620950358,16.959600000000002,16.6801,16.6535,18.26312950951319,15.043870490486814
2022-05-12,988,17.65,17.846,18.082,17.581,15775508,286760236.54,0.01569,-0.43231513960546764,-0.7806054113329483,0.3482902717274806,80.06534992877775,76.24541874635864,87.70521229361597,75.7376601254106,57.377876840629156,17.163999999999998,16.883599999999998,16.667250000000003,18.31414677879366,15.020353221206346
2022-05-13,988,17.945,17.886,18.043,17.63,10146437,183707108.75,0.01009,-0.3281959922003601,-0.6901235274501822,0.36192753524982213,81.55594369616037,78.01559372962588,88.63664362922935,76.30979832522505,57.81146019713073,17.4178,17.0174,16.6963,18.409716175210974,14.982883824789026
2022-05-16,988,17.895,17.689,18.072,17.63,10644507,192486777.49,0.01059,-0.2585873715868381,-0.6038162962345909,0.3452289246477528,79.20955758109571,78.41358168011581,80.8015093830555,66.97568804400028,54.815502225545295,17.6616,17.1315,16.697300000000002,18.413128122910145,14.98147187708986
2022-05-17,988,17.836,17.974,18.023,17.581,9671416,175341138.7,0.00962,-0.17838101204256063,-0.5187292393623322,0.34034822731977155,82.4774466613883,79.76820334053997,87.89593330308497,72.76008676855763,58.23164740351031,17.7736,17.274099999999997,16.71895,18.489651493461924,14.948248506538075
2022-05-18,988,18.043,18.584,18.8,17.915,19216643,362736147.99,0.01911,-0.064871676672972,-0.42795772679556876,0.36308605012259676,85.52326671835823,81.68655779981272,93.19668455544925,81.21221726802602,64.49871609529269,17.9958,17.477700000000002,16.78385,18.72865135908959,14.839048640910415
2022-05-19,988,18.22,18.574,18.682,18.19,13636197,255790459.42,0.01356,0.02400158546952369,-0.33756586431953384,0.3615674497890575,87.42441383708355,83.59917647890299,95.07488855344468,80.71950838384794,64.32610722715663,18.1414,17.6527,16.87775,18.97969264782314,14.775807352176859
2022-05-20,988,18.633,18.613,18.908,18.387,12033711,227941237.71,0.01197,0.09646750681838512,-0.25075919007426717,0.3472266968926523,87.9525898506538,85.05031426948659,93.7571410129882,81.25182959389947,64.72771197193083,18.2868,17.852300000000003,16.97755,19.212684516145295,14.742415483854705
2022-05-23,988,18.702,19.154,19.203,18.446,17582485,337931759.09,0.01749,0.19528292082814147,-0.1615507678792478,0.3568336887073893,91.11636749911436,87.07233201269585,99.20443847195139,87.15517098229746,69.86203789607167,18.5798,18.120700000000003,17.1757,19.446340076695474,14.905059923304524
2022-05-24,988,18.987,18.397,19.528,18.387,19053379,366603806.6,0.01895,0.21011085543225505,-0.08721844320725652,0.2973292986395116,74.71445557978963,82.95303986839377,58.237287002581354,57.0121722246993,57.16105783134669,18.6644,18.219,17.3571,19.38487190661673,15.32932809338327
2022-05-25,988,18.407,18.653,18.849,18.407,8713133,164814063.13,0.00867,0.23974838407964683,-0.021825077743055588,0.2615734618227024,68.16265879604532,78.02291284427761,48.442150699580736,62.303019155651235,59.85367393398022,18.678199999999997,18.337,17.50855,19.441549248509354,15.575550751490645
2022-05-26,988,18.613,19.026,19.233,18.377,12334366,236573453.99,0.01227,0.2899820148348482,0.0405363407777284,0.24944567405711982,70.18068710011994,75.40883759622506,59.72438610790971,68.97862711166418,63.50023275152758,18.7686,18.455000000000002,17.6693,19.541674017967235,15.796925982032763
2022-05-27,988,19.321,19.567,19.665,19.223,19257339,381950377.59,0.01915,0.3691782024074861,0.10626471310806727,0.2629134892994188,78.55295966623481,76.4568782862283,82.74512242624783,76.28725389766835,68.08677227963229,18.9594,18.6231,17.820249999999998,19.79592895058644,15.844571049413554
2022-05-30,988,19.37,19.695,19.891,19.174,12785270,255003886.76,0.01272,0.4372270505645055,0.17245718060288956,0.26476986996161594,82.39563033079625,78.43646230108428,90.3139663902202,77.77397825500691,69.08931958959774,19.0676,18.8237,17.9776,20.026558492811414,15.928641507188582
2022-05-31,988,19.705,20.108,20.137,19.469,13647102,276440902.62,0.01357,0.5184964127008698,0.24166502702544213,0.27683138567542764,87.76726322686537,81.54672927634464,100.20833112790686,82.11553825650269,72.16699545100565,19.409799999999997,19.037100000000002,18.1556,20.298041538845176,16.013158461154823
2022-06-01,988,20.039,19.98,20.088,19.783,10357907,210053949.05,0.0103,0.5660512926802639,0.30654228015862367,0.2595090125216402,88.87135730275872,83.98827195181599,98.6375280046442,76.55402154391497,69.81670183450119,19.6752,19.1767,18.327199999999998,20.47724975217853,16.177150247821466
2022-06-02,988,19.773,20.059,20.196,19.724,9462450,192796923.6,0.00941,0.6031590014217372,0.36586562441286835,0.23729337700886882,90.07036794345541,86.01563728236246,98.17982926564133,77.67392024807135,70.46434499799548,19.8818,19.3252,18.488950000000003,20.649561558162187,16.32833844183782
2022-06-03,988,20.059,20.059,20.059,20.059,0,0.0,0.0,0.6253580926811644,0.4177641180676626,0.20759397461350176,90.86970837058654,87.63366097843715,97.34180315488533,77.67392024807134,70.46434499799548,19.980200000000004,19.4698,18.66105,20.740657399689415,16.581442600310584
2022-06-06,988,20.137,20.599,20.668,19.99,15773333,327011986.03,0.01569,0.6786928274798818,0.4699498599510195,0.2087429675288623,92.9092104981853,89.39217748501986,99.9432765245162,84.81377493727817,74.85358183273988,20.161,19.6143,18.8675,20.84873624351879,16.88626375648121
2022-06-07,988,20.629,20.275,20.658,20.059,11690456,241260922.0,0.01163,0.6869027860083463,0.5133404451630923,0.17356234084525402,89.55477993637203,89.44637830213725,89.77158320484159,68.93998638269753,68.21796946046248,20.1944,19.8021,19.010550000000002,20.962838209417978,17.058261790582026
2022-06-08,988,20.226,20.363,20.619,20.088,9804578,202955443.34,0.00975,0.6925257800861431,0.5491775121481037,0.14334826793803934,86.23152218872816,88.37475959766755,81.94504737084941,70.72573028331807,69.03139223152999,20.271,19.9731,19.15505,21.055285162732517,17.25481483726748
2022-06-09,988,20.334,19.99,20.334,19.636,11534120,233150925.87,0.01147,0.6592883259317937,0.5711996749050391,0.08808865102675456,75.6938394243462,84.14778620656043,58.78594585991772,54.72297856366052,61.726391031980526,20.2572,20.069499999999998,19.26225,21.09214431676455,17.432355683235453
2022-06-10,988,19.842,20.177,20.206,19.714,11557199,235237160.11,0.01149,0.6406496042203749,0.5850896607682058,0.05555994345216908,70.14562884058441,79.48040041790175,51.47608568594973,60.14777912410325,63.820309841221025,20.2808,20.130499999999998,19.3768,21.129134214697892,17.624465785302107
2022-06-13,988,19.99,20.845,20.944,19.95,20895448,439390277.76,0.02078,0.6720268268482208,0.6024770939843086,0.0695497328639122,77.57415011390641,78.8449836499033,75.03248304191266,73.67051146648191,70.17825637842823,20.330000000000002,20.2455,19.5346,21.21386254491004,17.855337455089963
2022-06-14,988,20.55,21.386,21.406,20.236,18844555,397594105.59,0.01874,0.7321032877975604,0.6284023327470779,0.10370095505048249,84.67278557499598,80.78758429160087,92.44318814178621,80.19999998618238,74.18613392923139,20.5522,20.373299999999997,19.705199999999998,21.409976892332978,18.000423107667018
2022-06-15,988,21.416,20.963,21.711,20.944,15973777,344232052.69,0.01589,0.7370884492378238,0.6501395560453069,0.08694889319251686,77.76579279296924,79.78032045872365,73.7367374614604,65.06143453132762,66.5565023628585,20.672199999999997,20.471600000000002,19.82415,21.531517598319233,18.116782401680766
2022-06-16,988,21.22,21.279,21.615,21.062,12677508,274336566.06,0.01261,0.7577997066976145,0.6716715861758317,0.08612812052178287,78.23743615916825,79.26602569220518,76.18025709309441,70.1179237504607,69.1427676681019,20.93,20.593600000000002,19.9594,21.67831071994994,18.240489280050056
2022-06-17,988,21.062,21.299,21.397,20.756,11869417,254441768.23,0.0118,0.7669857317281021,0.6907344152863304,0.07625131644177174,78.87315021052984,79.1350671983134,78.34931623496274,70.44280999105698,69.30665188176211,21.154400000000003,20.717599999999997,20.0937,21.789242900169953,18.398157099830044
2022-06-20,988,21.289,21.022,21.467,20.865,14842043,316399918.2,0.01476,0.7433470413977687,0.7012569405086378,0.0420901008891309,74.84716038131708,77.70576492598128,69.12995129198868,59.6620423735902,64.15826586150334,21.189799999999998,20.7599,20.187099999999997,21.87044540346578,18.503754596534215
2022-06-21,988,21.141,21.378,21.555,21.022,13395825,289332703.16,0.01332,0.7447520754127375,0.7099559674894708,0.034796107923266706,77.88204266384996,77.7645241719375,78.11707964767487,67.36486505823876,67.53904123372422,21.188200000000002,20.8702,20.33615,21.8737018853037,18.7985981146963
2022-06-22,988,21.437,20.963,21.496,20.924,9321422,199754204.29,0.00927,0.7042625489993419,0.7088172837914436,-0.004554734792101667,72.76930035042847,76.09944956476781,66.10900192174978,53.163530620832134,60.30520370380978,21.188200000000002,20.930200000000003,20.451649999999997,21.791127867639368,19.112172132360627
2022-06-23,988,20.973,22.375,22.641,20.825,27586756,614480978.3,0.02744,0.7771448201482265,0.7224827910628133,0.05466202908541318,78.55126650390267,76.91672187781276,81.82035575608248,74.8288907270699,71.59681766173028,21.407400000000003,21.1687,20.6191,22.042843161344305,19.195356838655695
2022-06-24,988,22.414,22.898,23.144,22.286,36478796,841500885.15,0.03628,0.8671080545654277,0.7514078437633585,0.11570021080206927,82.8810369081497,78.90482688792507,90.83345694859895,79.12156505504954,74.5249641592581,21.7272,21.440800000000003,20.78565,22.450149580244045,19.121150419755956
2022-06-27,988,22.977,23.135,23.322,22.651,20734430,484184232.94,0.02062,0.9466152563239589,0.7904493262755025,0.15616593004845647,86.15815554853526,81.32260310812846,95.82926042934886,80.89345091981735,75.76030870423573,22.149800000000003,21.669800000000002,20.95765,22.843799101099908,19.071500898900094
2022-06-28,988,23.371,24.872,25.444,22.848,53411590,1324026108.97,0.05312,1.1366762293798978,0.8596947068964156,0.2769815224834822,86.70498196978573,83.11672939534755,93.88148711866208,89.05945376803952,82.53266705149176,22.8486,22.018400000000003,21.19585,23.724167457998917,18.667532542001084
2022-06-29,988,24.329,23.668,26.313,22.681,70597739,1704958861.29,0.07021,1.1765897411307478,0.9230737137433069,0.25351602738744083,75.27077977399068,80.50141285489525,64.80951361218155,65.7024650398368,68.1375667512734,23.3896,22.288899999999998,21.38025,24.068118094743102,18.692381905256898
2022-06-30,988,23.648,22.868,23.648,22.7,36340969,850447477.61,0.03614,1.1306376909696532,0.9645865091885892,0.16605118178106393,62.589411977607,74.53074589579916,38.706744141222686,54.33938016966426,60.48998147953073,23.4882,22.447799999999997,21.520699999999998,24.211432250170265,18.82996774982973
2022-07-01,988,22.967,23.056,23.539,22.848,23314608,547287770.51,0.02319,1.096747065896718,0.9910186205302216,0.10572844536649639,55.277052105576686,68.112847965725,29.605460385280082,56.46274555317317,61.595030528191394,23.5198,22.6235,21.67055,24.35232745259823,18.988772547401766
2022-07-04,988,23.687,23.214,24.24,23.154,43564440,1044859177.8,0.04333,1.070299473136803,1.006874791051541,0.06342468208526197,51.36181510634169,62.52917034593055,29.027104627163965,58.41312752822081,62.555212377485994,23.5356,22.8427,21.8013,24.517868121342786,19.084731878657216
2022-07-05,988,23.49,22.602,23.756,22.286,34432732,791857705.32,0.03424,0.9885624609396331,1.003212325029159,-0.014649864089525844,45.03445594067094,56.69759887751067,21.70817006699147,48.3462072894909,56.5780265372324,23.0816,22.9651,21.91765,24.557209714083328,19.27809028591667
2022-07-06,988,22.404,22.375,22.75,22.148,18127581,411055987.95,0.01803,0.8951501297809621,0.9815998859795169,-0.08644975619855477,31.83969731779023,48.411631690937185,-1.304171428503679,44.90186555266694,54.4719732293242,22.823,23.106299999999997,22.01825,24.559877483160946,19.47662251683905
2022-07-07,988,22.296,22.562,22.789,22.207,18169030,416000279.22,0.01807,0.8266795864579812,0.9506158260752066,-0.12393623961722533,24.539790208658886,40.454351196844414,-7.28933176771217,48.52697023285598,55.945690829723446,22.7618,23.125,22.14685,24.51041067473612,19.78328932526388
2022-07-08,988,22.681,22.118,22.779,22.078,14579226,330565276.74,0.0145,0.7281959078350688,0.9061318424271755,-0.17793593459210666,16.67469681757896,32.52779973708926,-15.03150902144165,40.86622842622217,51.617905182301506,22.574199999999998,23.047,22.2439,24.41876308341011,20.06903691658989
2022-07-11,988,22.207,21.615,22.207,21.269,22807343,497878065.01,0.02268,0.602613497164203,0.8454281733745769,-0.2428146762103739,13.403009615102864,26.152869696427125,-12.096710547545655,33.64550158034322,47.1136836855275,22.254399999999997,22.895,22.2824,24.37884254066668,20.185957459333316
2022-07-12,988,21.615,21.536,21.861,21.467,11781394,258516429.57,0.01172,0.4910534932574464,0.774553237351147,-0.2834997440937006,11.930964112301302,21.412234501718515,-7.031576666533127,32.56118303429862,46.41966835512067,22.041199999999996,22.5614,22.2899,24.37387614896977,20.205923851030228
2022-07-13,988,21.526,21.437,21.615,21.299,12995923,282211530.42,0.01292,0.3901556288424928,0.6976737156494129,-0.30751808680692017,9.838863318219973,17.554444107219002,-5.592298259778083,31.056081210647648,45.5033176290368,21.8536,22.3383,22.3136,24.344134531647203,20.2830654683528
2022-07-14,988,21.397,21.822,21.96,21.17,13336346,292630436.93,0.01326,0.33736999010342217,0.6256129705402124,-0.2882429804367902,13.638503884242176,16.24913069956006,8.417250253606412,43.289224749014686,49.71461196820421,21.705599999999997,22.233700000000002,22.34075,24.32707778076348,20.35442221923652
2022-07-15,988,21.615,21.496,22.069,21.476,13765266,303368239.92,0.01369,0.2661638537979556,0.5537231471917591,-0.2875592933938035,13.294449869721609,15.264237089613907,9.35487542993701,36.67665916513998,46.40230542830315,21.581200000000003,22.0777,22.3506,24.317030632282805,20.384169367717195
2022-07-18,988,21.516,21.615,21.684,21.249,12771933,278492252.55,0.0127,0.2168350749524386,0.4863455327438935,-0.26951045779145494,18.025000757290144,16.184491645505986,21.70601898085846,40.647991328198096,47.78758730461722,21.5812,21.9178,22.38025,24.279051935293644,20.481448064706356
2022-07-19,988,21.644,22.217,22.454,21.624,18949287,424989569.82,0.01885,0.22373811001421373,0.43382404819795667,-0.21008593818374294,33.573183539655176,21.980722276889047,56.758106065187434,57.01365684605253,54.305309868837625,21.7174,21.8793,22.422199999999997,24.263985815309393,20.5804141846906
2022-07-20,988,22.513,22.384,22.602,22.157,12646273,286170935.3,0.01258,0.2399184730970383,0.3950429331777724,-0.1551244600807341,47.53231916938271,30.4979212410536,81.60111502604093,60.6276765760532,55.968692752750194,21.906799999999997,21.8802,22.49325,24.202916865057315,20.783583134942685
2022-07-21,988,22.286,22.236,22.473,22.108,12015527,271610282.03,0.01195,0.23805517417232025,0.36364538137668156,-0.12559020720436131,56.5019930402961,39.16594517413443,91.17408877261944,55.65184075844123,54.06593282179797,21.9896,21.8476,22.4863,24.199118065737576,20.773481934262424
2022-07-22,988,22.227,21.901,22.384,21.615,13421654,298599715.69,0.01335,0.20715914619143305,0.33234813433963156,-0.1251889881481985,54.683824038037216,44.338571462102024,75.3743291899076,45.50714466833444,49.878713317082365,22.0706,21.825899999999997,22.43645,24.156833736263863,20.71606626373614
2022-07-25,988,21.911,21.733,22.276,21.615,10127400,224822443.9,0.01007,0.16719052232436482,0.299316611936578,-0.13212608961221317,49.56109684472498,46.07941325630968,56.52446402155559,41.00852407345458,47.851270846432925,22.0942,21.8377,22.36635,24.081131591125924,20.651568408874077
2022-07-26,988,21.753,21.743,21.842,21.348,8691366,190675719.99,0.00864,0.13476848119049478,0.26640698578736116,-0.13163850459686638,46.37872005663223,46.17918218975053,46.77779579039564,41.42214755941421,47.988552189798256,21.9994,21.8584,22.209899999999998,23.473813038314827,20.94598696168517
2022-07-27,988,21.713,21.674,22.0,21.417,14989076,328481814.69,0.01491,0.10232655909265276,0.23359090044841932,-0.13126434135576656,41.38970595546855,44.58269011165653,35.00373764309259,39.14930020814993,47.056110948621985,21.857400000000002,21.8821,22.1102,23.19116868838293,21.029231311617067
2022-07-28,988,21.871,22.542,22.789,21.871,33680213,767174137.38,0.0335,0.14498447768947997,0.2158696158966314,-0.07088513820715142,55.58015029065869,48.248510171323915,70.24343052932824,66.71739830177596,58.20167192185145,21.918599999999998,21.9541,22.093899999999998,23.13588391744387,21.051916082556126
2022-07-29,988,22.503,21.782,22.631,21.733,23554461,528118131.93,0.02343,0.11612743780452206,0.19592118027820948,-0.07979374247368742,47.09275807024714,47.86325947096499,45.55175526881143,45.201174225887456,48.457787918886794,21.8948,21.9827,22.0302,22.975850564148736,21.084549435851265
2022-08-01,988,21.624,22.799,22.878,21.358,35186916,803391311.19,0.03499,0.17332278596756368,0.1914015014160803,-0.018078715448516636,63.007372482561266,52.91129714149708,83.19952316468964,63.897402795670324,58.58050999718586,22.107999999999997,22.1011,22.00945,22.859065510563816,21.159834489436186
2022-08-02,988,22.513,22.266,22.838,21.615,35073535,788805518.22,0.03488,0.17364057030614788,0.1878493151940938,-0.014208744887945934,62.00491498837414,55.94250309045609,74.12973878421023,52.60904691905207,52.666726728268706,22.212600000000002,22.105999999999998,21.99265,22.805420253030746,21.179879746969256
2022-08-03,988,22.276,23.174,23.895,22.276,59949279,1423176566.62,0.05962,0.24434326531482142,0.19914810521823936,0.04519516009658206,65.23400562109381,59.03967060066866,77.62267566194413,65.18314643107945,60.14414371904566,22.5126,22.185,22.032600000000002,22.990152230264936,21.075047769735068
2022-08-04,988,23.391,23.283,23.658,23.046,27020068,638486572.72,0.02687,0.30564766743283656,0.22044801766115885,0.08519964977167771,68.81324756365032,62.29752958832921,81.84468351429254,66.46489549712875,60.95196165822401,22.6608,22.289700000000003,22.068649999999998,23.15565927706354,20.981640722936458
2022-08-05,988,23.292,23.855,23.885,23.006,28807325,687687588.35,0.02865,0.3958243604235676,0.2555232862136406,0.140301074209927,78.6853400195308,67.7601330653964,100.53575392779959,72.77612776487211,65.0117355077598,23.0754,22.4851,22.1555,23.504987310055622,20.806012689944378
2022-08-08,988,23.687,23.677,23.766,23.253,23380572,557249393.31,0.02325,0.447765437629176,0.2939717164967477,0.15379372113242828,82.92595128880558,72.8154058065328,103.14704225335115,67.9974027167489,62.79536311855407,23.250999999999998,22.679499999999997,22.2586,23.74258686332713,20.774613136672873
2022-08-09,988,23.529,23.421,23.677,23.144,17562413,415371382.46,0.01747,0.46293572142332806,0.3277645174820638,0.13517120394126425,82.38947271572715,76.00676144293091,95.15489526131964,61.075988896864715,59.60707677341659,23.482,22.8473,22.35285,23.882342007171395,20.823357992828605
2022-08-10,988,23.204,23.292,23.668,23.135,13740319,324724030.75,0.01367,0.45925509745826076,0.3540626334773032,0.10519246398095755,80.33690507943763,77.45014265509981,86.11042992811326,57.53468480944603,57.98858476744914,23.5056,23.0091,22.4456,23.966199798556353,20.925000201443645
2022-08-11,988,23.441,23.677,23.766,23.391,17889590,427758576.97,0.01779,0.48184985015084436,0.3796200768120115,0.10222977333883287,84.02699466207679,79.64242665742546,92.79613067137944,64.83658684374349,61.400902516570575,23.5844,23.1226,22.53835,24.123709368192905,20.952990631807097
2022-08-12,988,23.5,22.987,23.677,22.957,18087369,426819074.36,0.01799,0.4390186150618476,0.39149978446197875,0.04751883059986883,76.07647597354826,78.45377642946639,71.32187506171198,47.332757702871,52.986482855250195,23.410800000000002,23.243100000000002,22.6129,24.130662882805566,21.095137117194433
2022-08-15,988,22.908,23.164,23.243,22.809,11763124,275221614.87,0.0117,0.4145779206107747,0.396115411691738,0.018462508919036724,69.00054132228729,75.30269806040668,56.396227846048504,51.37375943795789,54.72284873891161,23.308200000000003,23.2796,22.690350000000002,24.150707313883064,21.22999268611694
2022-08-16,988,23.125,23.49,24.299,23.085,23305110,559654852.39,0.02318,0.416710296866853,0.400234388726761,0.016475908140092033,61.23526021038387,70.61355211039907,42.47867641035347,58.42417774608685,57.850670967751576,23.322,23.402,22.754,24.238261999854394,21.26973800014561
2022-08-17,988,23.391,23.983,24.161,23.095,24808048,596635272.53,0.02467,0.4529596292761582,0.4107794368366405,0.042180192439517705,67.08748890983087,69.43819771020966,62.38607130907326,67.08483406282481,62.16287211278285,23.4602,23.4829,22.833949999999998,24.404073089375704,21.263826910624292
2022-08-18,988,23.934,24.427,24.526,23.786,24757760,610129653.94,0.02462,0.511616861461814,0.43094692176167526,0.0806699397001387,76.13636903831473,71.67092148624468,85.0672641424548,73.13325840733992,65.61872274527805,23.6102,23.597299999999997,22.9435,24.638716241446623,21.248283758553377
2022-08-19,988,24.418,23.885,24.576,23.875,18678276,456479094.83,0.01858,0.5085066418586806,0.4464588657810763,0.062047776077604255,71.05563632925944,71.46582643391626,70.2352561199458,57.62242037713776,58.50298836158732,23.7898,23.600299999999997,23.0427,24.71307053563485,21.37232946436515
2022-08-22,988,23.806,23.687,23.835,23.352,15425593,367701076.79,0.01534,0.48448007993317077,0.4540631086114953,0.03041697132167548,63.93333687749535,68.95499658177596,53.89001746893413,52.72069871892606,56.079448569250275,23.894399999999997,23.601300000000002,23.1404,24.7140017552773,21.566798244722698
2022-08-23,988,23.648,23.342,23.668,23.214,17273775,408550154.56,0.01718,0.43261340782335367,0.449773168453867,-0.017159760630513332,52.67693124411778,63.52897480255656,30.972844127240222,44.75951458541522,51.98589834527095,23.8648,23.5934,23.22035,24.651001860995436,21.789698139004564
2022-08-24,988,23.243,22.148,23.342,21.97,22508560,513246686.07,0.02239,0.29179940959186723,0.41817841668146705,-0.12637900708959982,37.39475129756228,54.81756696755846,2.549119957569914,27.50812755335619,40.754258335280035,23.4978,23.479,23.24405,24.579370576530803,21.9087294234692
2022-08-25,988,22.266,21.713,22.296,21.338,16391923,360310724.61,0.0163,0.14344892214302618,0.36323251777377885,-0.21978359563075267,28.79024185742365,46.14179193084685,-5.912858289422758,23.54136294427815,37.53150481983548,22.955000000000002,23.2826,23.2026,24.67419153371666,21.731008466283342
2022-08-26,988,21.733,21.753,21.95,21.615,9840689,216985604.06,0.00979,0.028776041651124018,0.2963412225492479,-0.26756518089812387,23.465679047629756,38.58308763644115,-6.769138129993024,24.73892437851447,38.02314001012949,22.5286,23.1592,23.201150000000002,24.67868041112214,21.723619588877863
2022-08-29,988,21.368,21.476,21.743,21.289,11405563,248701118.19,0.01134,-0.08349213992318383,0.22037455005476153,-0.30386668997794536,17.54014542735197,31.568773566744753,-10.5171108514336,21.88978456933509,35.889330657174,22.0864,22.9904,23.134999999999998,24.79547602559634,21.474523974403656
2022-08-30,988,21.476,21.723,21.861,21.309,13388630,293136996.48,0.01332,-0.15079639082271967,0.14614036187926527,-0.29693675270198494,16.094606636184118,26.41071792322454,-4.5376159378967245,30.459548947293158,39.20796977605741,21.7626,22.8137,23.107850000000003,24.844176948960218,21.371523051039787
2022-08-31,988,21.585,20.884,21.624,20.677,16067090,341610156.58,0.01598,-0.2687378349905636,0.06316472250529948,-0.33190255749586306,12.49942229195211,21.77361937946706,-6.04897188307779,21.047145971745948,32.89768909068124,21.5098,22.503800000000002,22.99335,24.993317186573243,20.993382813426756
2022-09-01,988,20.776,20.667,21.042,20.608,6782266,142705450.82,0.00675,-0.37539007525551327,-0.024546237046863106,-0.35084383820865017,8.942389368067246,17.496542709000455,-8.16591731379917,19.20520769920678,31.46866680832798,21.3006,22.1278,22.862550000000002,25.10966328035284,20.615436719647164
2022-09-02,988,20.687,20.884,21.101,20.667,6751381,142843807.87,0.00671,-0.43736105227036504,-0.10710920009156352,-0.3302518521788015,8.968128859757247,14.653738092586051,-2.4030896059003624,26.88372172557824,34.569254633439485,21.1268,21.8277,22.714,25.074801469617597,20.3531985303824
2022-09-05,988,20.776,20.795,21.101,20.628,8627086,182305737.73,0.00858,-0.488029345204648,-0.18329322911418047,-0.3047361160904676,8.258684297141277,12.522053494104458,-0.26805409678508596,25.682448604691004,33.883355734198275,20.9906,21.5385,22.569899999999997,25.03282371401427,20.106976285985724
2022-09-06,988,20.884,21.151,21.269,20.786,9118332,194523638.77,0.00907,-0.4937663077221188,-0.2453878448357682,-0.24837846288635063,16.228538346593385,13.757548444934098,21.170518149911963,38.807270804770155,39.15162123846988,20.8762,21.319399999999998,22.4564,24.963011417831098,19.9497885821689
2022-09-07,988,21.101,21.674,21.763,21.032,12769415,278574012.47,0.0127,-0.4509133572413262,-0.28649294731687985,-0.16442040992444634,37.29691925540403,21.604005381757407,68.68274700269728,53.335727242062184,46.04213859574435,21.034200000000002,21.272,22.3755,24.87298315415027,19.87801684584973
2022-09-08,988,21.624,21.101,21.624,21.052,10787544,233076932.6,0.01073,-0.45790985170055976,-0.32077632819361585,-0.1371335235069439,37.97980304709826,27.06260460353769,59.814199934219396,40.64779561371276,40.553410717367186,21.121000000000002,21.2108,22.246699999999997,24.72720988816097,19.766190111839023
2022-09-09,988,21.17,21.032,21.22,20.776,10862114,230127699.22,0.0108,-0.4636773575463238,-0.34935653406415745,-0.11432082348216632,36.599464335203024,30.241557847426133,49.315277310756805,39.296945637642054,39.928125497119254,21.1506,21.1387,22.148950000000003,24.6605133608951,19.637386639104907
2022-09-12,988,21.032,21.032,21.032,21.032,0,0.0,0.0,-0.46291198549441503,-0.372067624350209,-0.09084436114420602,36.63629512678756,32.37313694054661,45.16261149926946,39.296945637642054,39.928125497119254,21.198,21.0943,22.04235,24.553493356699477,19.53120664330052
2022-09-13,988,21.052,20.766,21.23,20.707,9433974,199510487.8,0.00938,-0.47825634105866044,-0.39330536769189933,-0.0849509733667611,28.984081311076192,31.243451730723134,24.465340471782305,33.17634910911082,37.29024179637683,21.121000000000002,20.9986,21.90615,24.38193226021619,19.43036773978381
2022-09-14,988,20.43,20.381,20.499,20.026,11088365,227825445.52,0.01103,-0.5155402855069937,-0.4177523512549182,-0.09778793425207549,26.135232867909938,29.5407121097854,19.32427438415902,26.112470123114534,33.7677756341986,20.8624,20.948299999999996,21.72605,24.087101101790115,19.364998898209887
2022-09-15,988,20.489,19.887,20.726,19.641,11575074,236240845.38,0.01151,-0.5782836307456698,-0.4498586071530686,-0.12842502359260122,21.287767560699017,26.789730593423272,10.283841495250506,19.665371891651006,29.824319983689037,20.6196,20.870299999999997,21.49905,23.628322915191838,19.369777084808163
2022-09-16,988,19.789,19.345,19.986,19.345,11186394,222254659.26,0.01113,-0.664087835341121,-0.4927044527906791,-0.17138338255044194,14.19184504046601,22.590435409104185,-2.605335696810336,14.841064537993347,26.166805074426918,20.2822,20.7164,21.27205,23.29570791523564,19.24839208476436
2022-09-19,988,19.295,19.137,19.572,18.94,8612743,167793715.01,0.00857,-0.7403379812730719,-0.5422311584871577,-0.19810682278591418,11.787360620908135,18.9894104797055,-2.6167390966865938,13.334602558476249,24.88896920564801,19.903200000000002,20.550599999999996,21.04455,22.944327768167142,19.14477223183286
2022-09-20,988,19.236,19.414,19.493,19.226,7095790,139347457.07,0.00706,-0.7695443683360956,-0.5876938004569453,-0.18185056787915033,13.744976628543832,17.24126586265161,6.752398160328276,25.430833997756736,29.864797931166677,19.6328,20.3769,20.84815,22.54969397688223,19.14660602311777
2022-09-21,988,19.364,19.404,19.483,19.009,6745904,131914567.48,0.00671,-0.7844548485084104,-0.6270460100672384,-0.15740883844117204,15.917320663570688,16.799950796291302,14.152060398129457,25.277990006692946,29.787084070593664,19.4374,20.1499,20.71095,22.413698796258252,19.00820120374175
2022-09-22,988,19.167,19.581,19.927,19.147,8238537,164257374.18,0.00819,-0.7730775397275949,-0.6562523159993098,-0.11682522372828508,19.941969234229056,17.847290275603886,24.131327151479397,33.736893517754666,33.14621352042316,19.3762,19.997899999999998,20.60435,22.30990381035047,18.89879618964953
2022-09-23,988,19.621,19.049,19.72,18.812,7562764,146935555.88,0.00752,-0.7977924216738295,-0.6845603371342138,-0.11323208453961564,16.56180910073498,17.41879655064758,14.84783420090978,23.955665589492128,28.651660981583987,19.317,19.7996,20.46915,22.219426763077603,18.718873236922395
2022-09-26,988,18.92,18.94,19.325,18.802,6577063,127086663.37,0.00654,-0.8167594343351752,-0.7110001565744062,-0.10575927776076899,13.432058458009074,16.089883853101412,8.116407667824397,22.361664794875708,27.808833409152896,19.2776,19.5904,20.34235,22.151942251251768,18.53275774874823
2022-09-27,988,19.127,19.157,19.246,18.841,6826143,131604599.28,0.00679,-0.8050012938486475,-0.7298003840292545,-0.07520090981939298,15.105086789053875,15.761618165085565,13.792024036990497,33.0104873842221,32.1439361215314,19.2262,19.4295,20.21405,21.97467829395493,18.45342170604507
2022-09-28,988,19.098,18.446,19.127,18.397,8058751,152373601.95,0.00801,-0.8433332012126122,-0.7525069474659262,-0.09082625374668607,11.09795800621219,14.20706477879444,4.879744461047693,21.445370193837334,26.46372223665078,19.0346,19.236,20.09215,21.989743076560796,18.194556923439205
2022-09-29,988,18.614,18.693,18.891,18.506,6661224,126401406.77,0.00662,-0.8440509892948391,-0.7708157558317088,-0.07323523346313032,13.847440413727576,14.087189990438818,13.367941260305091,31.456296534477772,31.079351333353173,18.857,19.116600000000002,19.99345,21.968900219170806,18.017999780829193
2022-09-30,988,18.506,18.239,18.772,18.219,5919422,110691638.03,0.00589,-0.8712110577427801,-0.7908948162139232,-0.08031624152885686,9.621947004936253,12.598775661937962,3.668289690932834,24.55435649406465,27.605065810353608,18.695,19.006,19.861200000000004,21.93720989755294,17.785190102447068
2022-10-03,988,18.239,18.239,18.239,18.239,0,0.0,0.0,-0.8825619820117474,-0.809228249373488,-0.07333373263825937,6.804951399075371,10.66750090765043,-0.920147618074747,24.55435649406465,27.605065810353608,18.5548,18.9162,19.7334,21.88083542516744,17.58596457483256
2022-10-04,988,18.239,18.239,18.239,18.239,0,0.0,0.0,-0.8813974694673306,-0.8236620933922566,-0.05773537607507395,4.926954328501449,8.753985381267436,-2.727107777030522,24.55435649406465,27.605065810353608,18.371199999999998,18.7987,19.5878,21.725392310102986,17.450207689897017
2022-10-05,988,18.239,18.239,18.239,18.239,0,0.0,0.0,-0.8704406861187906,-0.8330178119375634,-0.03742287418122714,3.7287845645483704,7.07891844236108,-2.9714831910770485,24.55435649406465,27.605065810353608,18.3298,18.6822,19.416050000000002,21.393887678934096,17.438212321065908
2022-10-06,988,18.239,18.239,18.239,18.239,0,0.0,0.0,-0.8519367594098206,-0.8368016014320151,-0.015135157977805513,3.0886291310370573,5.748822005253072,-2.231756617394973,24.55435649406465,27.605065810353622,18.239,18.548000000000002,19.27295,21.149008968324942,17.39689103167506
2022-10-07,988,18.239,18.239,18.239,18.239,0,0.0,0.0,-0.8277306996476881,-0.8349874210751497,0.007256721427461588,2.7082259770042443,4.735289995836796,-1.3459020606608583,24.55435649406465,27.605065810353608,18.239,18.467000000000002,19.1333,20.86855913126323,17.398040868736768
2022-10-10,988,18.328,18.002,18.367,17.864,6384133,117274330.68,0.00635,-0.8182389888420722,-0.8316377346285342,0.01339874578646194,5.447605916577607,4.972728636083732,6.397360477565355,18.296650512513153,25.13299107440143,18.1916,18.373200000000004,18.9818,20.539029199234395,17.424570800765604
2022-10-11,988,18.032,18.219,18.387,17.933,5784348,106798208.07,0.00575,-0.7841672637437753,-0.8221436404515825,0.03797637670780718,15.153970318938828,8.366475863702098,28.728959229412286,36.16993980965959,31.2798969131573,18.187599999999996,18.279400000000003,18.85445,20.199437337056715,17.509462662943285
2022-10-12,988,18.14,19.068,19.078,18.091,9645033,181374990.18,0.00959,-0.6808100275755251,-0.7938769178763712,0.11306689030084605,43.161405802960914,19.964785843455033,89.55464572197266,68.51094278233104,49.11246859765489,18.3534,18.3416,18.788800000000002,19.933283997727116,17.644316002272888
2022-10-13,988,19.078,19.127,19.305,18.999,8215396,159553885.68,0.00817,-0.5873670650858003,-0.752574947318257,0.16520788223245675,57.99009288090059,32.639888189270216,108.69050226416134,69.78750049562322,50.09424743728492,18.531,18.384999999999998,18.7508,19.78711058136711,17.714489418632894
2022-10-14,988,19.216,19.838,19.868,19.197,9879981,196403478.72,0.00983,-0.450745183743134,-0.6922089946032325,0.2414638108600985,71.49439325792578,45.59138987882207,123.30040001613321,80.95345474543247,60.19114815781696,18.8508,18.5449,18.77545,19.89164569591526,17.65925430408474
2022-10-17,988,19.651,19.986,20.035,19.542,11132584,224176949.7,0.01107,-0.3267622846566134,-0.6191196526139087,0.2923573679572953,80.24392070104616,57.1422334862301,126.4472951306783,82.56317346872841,61.939745602453144,19.2476,18.719600000000003,18.8179,20.05049792394198,17.585302076058024
2022-10-18,988,20.134,20.144,20.381,19.907,11979790,244353481.48,0.01191,-0.21329691181863808,-0.5379551044548546,0.32465819263621654,83.6906233358583,65.9916967694395,119.08847646869592,84.26663389493135,63.7919919742966,19.632600000000004,18.9101,18.854400000000002,20.199427865100034,17.50937213489997
2022-10-19,988,20.124,19.878,20.292,19.828,8354340,169602981.67,0.00831,-0.1431881769978105,-0.45900171896344577,0.31581354196563527,82.46571286885322,71.48303546924407,104.4310676680715,70.37672357838423,58.5580734628708,19.7946,19.074,18.8781,20.279429278709767,17.476770721290233
2022-10-20,988,19.7,19.917,20.174,19.335,10510159,210520251.46,0.01045,-0.0835167961895138,-0.38390473440865935,0.30038793821914556,82.16559377324953,75.04388823724588,96.40900484525682,71.21160624810227,59.09487048309412,19.9526,19.2418,18.8949,20.339110787939497,17.450689212060503
2022-10-21,988,19.986,19.789,20.055,19.552,7079996,142177025.54,0.00704,-0.04602478134217591,-0.3163287437953627,0.2703039624531868,80.04939367018379,76.71239004822519,86.72340091410098,64.09691451255492,56.475688829258935,19.942800000000002,19.3968,18.931900000000002,20.429658029786623,17.434141970213382
2022-10-24,988,19.887,19.572,20.282,19.384,9581354,192523691.84,0.00953,-0.03343673661326818,-0.2597503423589438,0.2263136057456756,74.92375880777898,76.11617963474312,72.53891715385069,53.26970360706652,52.1971001649272,19.860000000000003,19.553800000000003,18.963500000000003,20.488399789632712,17.438600210367294
2022-10-25,988,19.453,19.443,19.808,19.009,12287006,242259022.91,0.01222,-0.0334838604868537,-0.21449704598452576,0.18101318549767206,60.6582897599376,70.9635496764746,40.04776992686362,47.54096875056948,49.75268987799273,19.7198,19.6762,18.977800000000002,20.51564916103827,17.439950838961735
2022-10-26,988,19.552,19.739,19.808,19.058,16333894,322672627.5,0.01624,-0.009526664494064363,-0.17350296968643347,0.1639763051923691,58.17452553480777,66.70054162925231,41.122493345918684,59.525971155519166,55.024875173572184,19.692,19.7433,19.04245,20.594811660927192,17.490088339072805
2022-10-27,988,19.572,19.917,20.213,19.572,16365543,330519775.4,0.01628,0.023551213640303104,-0.13409213302108616,0.15764334666138927,60.84326969570278,64.74811765140247,53.0335737843034,65.25430589541614,57.921267257885354,19.692,19.822300000000002,19.103650000000002,20.69404819906205,17.513251800937955
2022-10-28,988,17.943,17.923,18.367,17.923,19019838,345685199.9,0.01892,-0.10986697723790328,-0.1292471018644496,0.019380124626546313,40.56217979713519,56.6861383666467,8.314262658112156,22.481639355660178,32.41244262652609,19.3188,19.6308,19.08785,20.72014335276308,17.455556647236918
2022-10-31,988,17.173,16.551,17.213,16.186,43162227,724244474.91,0.04293,-0.3225921407705492,-0.16791610964566953,-0.15467603112487968,30.00459656551989,47.79229109960443,-5.570792502649184,14.586987702953735,24.359727483160796,18.714599999999997,19.2873,19.00345,20.962418952764587,17.044481047235415
2022-11-01,988,16.7,17.706,17.716,16.7,26459439,463165145.42,0.02631,-0.39344414371971936,-0.21302171646047954,-0.18042242725923982,32.37285604367992,42.65247941429625,11.813609302447247,36.95261912926068,38.411909028036625,18.3672,19.0435,18.9768,20.993216581854995,16.960383418145007
2022-11-02,988,17.647,17.667,17.983,17.45,14860085,266948294.6,0.01478,-0.4475823891874491,-0.25993385100587346,-0.18764853818157562,33.634312883286626,39.64642390395971,21.610090841940462,36.564663042948595,38.150833669343896,17.952800000000003,18.8224,18.9482,21.024028975817355,16.872371024182645
2022-11-03,988,17.529,17.933,18.002,17.489,12387492,223834596.85,0.01232,-0.4636783671259934,-0.3006827542298975,-0.16299561289609593,36.639997651357746,38.64428181975905,32.631429314555135,41.584224394483996,41.12807356136957,17.556,18.624000000000002,18.9329,21.03508171381438,16.83071828618562
2022-11-04,988,17.864,18.21,18.387,17.805,13570681,249613671.56,0.0135,-0.4489082268669762,-0.33032784875731325,-0.11858037810966293,41.180245102560654,39.48960291402625,44.561529479629456,46.84068341690079,44.18054936856189,17.613400000000002,18.4661,18.93145,21.03568597586062,16.827214024139383
2022-11-07,988,18.259,18.131,18.367,18.012,10100158,185959990.29,0.01004,-0.43852241042206686,-0.351966761090264,-0.08655564933180288,43.55315735916095,40.84412106240448,48.971229952673895,45.44128209354393,43.47915708695256,17.9294,18.322,18.9379,21.030901058666664,16.844898941333334
2022-11-08,988,18.131,17.992,18.131,17.805,8962078,162493163.33,0.00891,-0.4364762870311907,-0.3688686662784494,-0.0676076207527413,43.984531857518604,41.89092466077585,48.171746251004095,42.74495324256459,42.193423741081354,17.9866,18.1769,18.92655,21.038343298796764,16.814756701203233
2022-11-09,988,18.002,17.677,18.022,17.677,9484165,170745616.22,0.00943,-0.45502731444445743,-0.386100395911651,-0.06892691853280641,51.90366639963605,45.22850524039592,65.25398871811632,36.80590582531913,39.31896435852531,17.988599999999998,17.9707,18.857,21.039613595042415,16.674386404957584
2022-11-10,988,17.568,17.272,17.677,17.213,11164525,196573492.72,0.0111,-0.49668379001911944,-0.4082170747331448,-0.08846671528597466,51.049513780281345,47.16884142035772,58.810858500128575,30.30872037877873,35.88960412645939,17.8564,17.7062,18.76425,21.053599884735323,16.474900115264678
2022-11-11,988,17.746,17.499,17.844,17.43,10177285,181505456.92,0.01012,-0.5055521540868888,-0.4276840906038936,-0.07786806348299519,49.82040298254676,48.05269527442073,53.35581839879882,37.70499544639776,39.135499338961765,17.714199999999998,17.6638,18.647299999999998,20.94465345217302,16.349946547826974
2022-11-14,988,17.529,17.272,17.617,17.223,10608478,186942241.74,0.01055,-0.5248472860754987,-0.44711672969821464,-0.07773055637728404,34.888786542594985,43.66472569714548,17.336908233494,33.445540053444645,37.08708727940899,17.542399999999997,17.7359,18.511599999999998,20.796596777609317,16.22660322239068
2022-11-15,988,17.302,17.923,17.923,17.223,16834524,301881993.82,0.01674,-0.48205176636200875,-0.4541037370309735,-0.02794802933103524,43.41819159625575,43.58254766351557,43.08947946173612,52.07664998615866,45.93964960522689,17.5286,17.757600000000004,18.40055,20.56416427392142,16.236935726078578
2022-11-16,988,17.992,17.746,18.071,17.677,11473041,207519368.31,0.01141,-0.4571487033976993,-0.45471273030431864,-0.0024359730933806722,44.07890796933796,43.7480010987897,44.740721710434485,47.71831885547636,44.099131574264334,17.542399999999997,17.7655,18.293950000000002,20.358902297142578,16.228997702857427
2022-11-17,988,17.686,17.825,17.835,17.479,7886439,140788496.3,0.00784,-0.4261260906127369,-0.4489954023660023,0.022869311753265453,47.063581627161135,44.853194608246845,51.48435566498971,49.961263673009675,45.168735638171135,17.653,17.754699999999996,18.18935,20.115400365521893,16.26329963447811
2022-11-18,988,17.765,17.44,17.933,17.43,14891065,266263513.18,0.01481,-0.4276767370883263,-0.4447316693104671,0.017054932222140773,39.618277366546074,43.10822219434658,32.63838771094507,39.94056259662612,40.99820312289957,17.641199999999998,17.6777,18.0719,19.86942389926302,16.27437610073698
2022-11-21,988,17.331,17.568,17.588,17.124,11111727,195174221.6,0.01105,-0.4138069960361719,-0.43854673465560806,0.02473973861943618,42.04048480543414,42.75230973137577,40.61683495355088,44.39040766341649,42.91004120493486,17.700400000000002,17.6214,17.9717,19.635589052475563,16.307810947524434
2022-11-22,988,17.588,17.469,17.696,17.39,7846321,139552384.55,0.0078,-0.40612207631420816,-0.4320618029873281,0.025939726673119945,40.17060127472453,41.89174024582535,36.72832333252289,41.53428509439819,41.768098382910296,17.6096,17.5691,17.872999999999998,19.39778830282164,16.348211697178357
2022-11-23,988,17.4,17.4,17.519,17.173,7222317,127064016.75,0.00718,-0.40097722941495917,-0.4258448882728544,0.024867658857895214,36.495289973364365,40.09292348833836,29.30002294341638,39.41335546155363,40.93971253035009,17.540399999999998,17.5414,17.756050000000002,19.013606440085542,16.49849355991446
2022-11-24,988,17.4,17.331,17.538,17.292,5480290,96571898.76,0.00545,-0.3978810988011645,-0.42025213037851644,0.02237103157735193,31.61636015823728,37.267402378304666,20.314275718102508,37.13765427809811,40.07270046504856,17.4416,17.5473,17.626749999999998,18.379075762307902,16.874424237692093
2022-11-25,988,17.272,17.134,17.361,17.134,7386227,128865671.48,0.00735,-0.4066361974085346,-0.4175289437845201,0.010892746375985474,21.429562175185342,31.98812231059822,0.31244190435958785,31.004369729134254,37.59303315663702,17.3804,17.5108,17.5873,18.356767922795427,16.81783207720457
2022-11-28,988,16.788,16.976,17.015,16.581,8192635,139447820.56,0.00815,-0.421465562852017,-0.41831626759801954,-0.0031492952539974306,23.12306382148819,29.033102814228208,11.302985836008162,26.752202847909572,35.66225224985308,17.262,17.481199999999998,17.60855,18.27395418267124,16.943145817328762
2022-11-29,988,16.966,17.075,17.262,16.927,10627041,184032642.74,0.01057,-0.42038354938404865,-0.4187297239552254,-0.0016538254288232523,27.594863060479298,28.55368956297857,25.677210055480757,33.599484582935006,37.84434372495195,17.1832,17.3964,17.576999999999998,18.281630399571704,16.872369600428293
2022-11-30,988,17.094,17.144,17.242,17.035,9278287,160938766.07,0.00923,-0.4092408488595254,-0.4168319489360854,0.007591100076559998,32.27724598509268,29.794875037016602,37.241987881244825,38.4144954869308,39.406889690530974,17.131999999999998,17.336199999999998,17.55085,18.279815604560433,16.821884395439568
2022-12-01,988,17.272,17.42,17.637,17.223,13128815,232392914.39,0.01306,-0.3738300056454982,-0.408231560277968,0.0344015546324698,46.600376247161954,35.39670877373172,69.00771119402242,54.31580900434552,45.39678102606127,17.1498,17.2957,17.5252,18.233352704317475,16.817047295682528
2022-12-02,988,17.41,17.538,17.657,17.361,7233710,128564346.92,0.00719,-0.3324131911774444,-0.39306788645786334,0.06065469528041895,59.676782968959955,43.49006683880779,92.05021522926427,59.65959352984847,47.80335795305531,17.230600000000003,17.3055,17.4916,18.12249990865224,16.860700091347756
2022-12-05,988,17.608,17.627,17.696,17.45,11332697,201713118.54,0.01127,-0.289076220454934,-0.3722695532572775,0.08319333280234353,71.0550750435816,52.678402907065724,107.80841931661332,63.5215600273513,49.629986051261575,17.3608,17.3114,17.4664,18.025998502688388,16.906801497311612
2022-12-06,988,17.588,17.746,17.854,17.538,9541741,171294112.02,0.00949,-0.24233556004032764,-0.3462827546138876,0.10394719457355994,77.87541792640971,61.07740791351372,111.4714379522017,68.3787536539421,52.07625302213596,17.494999999999997,17.3391,17.4541,17.97449656942974,16.93370343057026
2022-12-07,988,17.667,17.647,17.835,17.588,7391037,132507485.46,0.00735,-0.21085116154018735,-0.31919643599914754,0.1083452744589602,79.83001153198194,67.32827578633646,104.83348302327289,60.35574511493261,49.877806427975365,17.595599999999997,17.3638,17.452599999999997,17.970458098832943,16.93474190116705
2022-12-08,988,17.627,17.617,17.815,17.499,8371559,149797426.9,0.00833,-0.1861741978954221,-0.29259198837840245,0.10641779048298033,80.34752798125848,71.66802651797713,97.70653090782119,57.88597390103035,49.19130856730171,17.634999999999998,17.3924,17.46985,17.985357016645832,16.95434298335417
2022-12-09,988,17.617,17.459,17.706,17.371,9807451,173749371.07,0.00975,-0.17732273971682844,-0.26953813864608767,0.09221539892925923,72.69482807524389,72.01029370373271,74.06389681826624,45.99177149256042,45.586420932318795,17.6192,17.4249,17.467850000000002,17.983191184888874,16.95250881511113
2022-12-12,988,17.43,17.499,17.578,17.282,8096753,143086188.8,0.00805,-0.1651761814484196,-0.24866574720655404,0.08348956575813443,67.34803760164812,70.45620833637118,61.131696132201995,49.16505234668552,46.66586483875704,17.5936,17.4772,17.4792,17.986312610768614,16.972087389231383
2022-12-13,988,17.469,17.4,17.598,17.39,6782696,120144893.13,0.00675,-0.1616747334021973,-0.23126754444568273,0.06959281104348544,54.248929452340136,65.05378204169416,32.639224273632095,41.860273246874186,44.29342185892817,17.5244,17.509700000000002,17.45305,17.915802167387263,16.99029783261274
2022-12-14,988,17.469,17.302,17.647,17.282,7745916,137048237.56,0.0077,-0.1649066503256762,-0.21799536562168143,0.05308871529600523,37.331454133727895,55.81300607237207,0.3683502564395411,35.58061315900393,41.9882481304251,17.455399999999997,17.5255,17.43085,17.876720538208858,16.98497946179114
2022-12-15,988,17.262,17.588,17.657,17.193,8802011,156352659.7,0.00875,-0.142744686187541,-0.20294522973485332,0.06020054354731233,44.80695025960078,52.1443208014483,30.13220917590573,57.767691018053036,50.23392540725294,17.4496,17.5423,17.419,17.832161367736656,17.005838632263345
2022-12-16,988,17.499,17.252,17.509,17.144,8563481,150017731.91,0.00852,-0.15055802259413653,-0.19246778830671,0.04190976571257346,34.941722708278476,46.41012143705836,12.004925250718713,38.88628106329476,42.49305023258035,17.4082,17.5137,17.4096,17.829253190146993,16.98994680985301
2022-12-19,988,17.232,16.818,17.351,16.749,8025603,138067226.16,0.00798,-0.1895849040041675,-0.19189121144620153,0.002306307442034028,25.412345525592727,39.41086279990314,-2.5846890230281048,25.81030239012246,34.91232532911613,17.272000000000002,17.4328,17.3721,17.860554447588473,16.883645552411526
2022-12-20,988,16.778,16.848,17.055,16.69,5164217,88113504.98,0.00514,-0.21560784637956232,-0.1966345384328737,-0.01897330794668861,21.623045165209895,33.48159025500539,-2.094045014381109,27.82349989258924,35.776314188276245,17.1616,17.342999999999996,17.341050000000003,17.879918395221836,16.80218160477817
2022-12-21,988,16.838,16.561,16.887,16.443,5910384,99475405.41,0.00588,-0.25643370888912287,-0.20859437252412358,-0.04783933636499929,17.529641617133827,28.164274042381535,-3.7396232333615913,21.21471203558852,31.423121299486212,17.0134,17.2344,17.2991,17.93967668097664,16.65852331902336
2022-12-22,988,16.64,16.403,16.7,16.324,6113447,102263307.71,0.00608,-0.2981014505994466,-0.2264957881391882,-0.0716056624602584,13.66192161822418,23.330156567662414,-5.674548280652289,18.337301012712416,29.28321470060304,16.776400000000002,17.113,17.2527,18.007756805113285,16.497643194886717
2022-12-23,988,16.285,16.324,16.433,16.196,5087376,84041239.82,0.00506,-0.3336519439351271,-0.24792701929837602,-0.08572492463675108,12.0283219184237,19.56287835124951,-3.0407909472279187,16.957319655963886,28.234437584703073,16.5908,16.9995,17.2122,18.07348608854218,16.35091391145782
2022-12-26,988,16.265,16.473,16.561,16.246,7843881,130958703.05,0.0078,-0.345816553340935,-0.2675049261068878,-0.07831162723404717,14.338753512579014,17.82150340502601,7.373253727685018,29.04305636731577,33.15992398221047,16.5218,16.8969,17.18705,18.1048954118208,16.2692045881792
2022-12-27,988,16.532,16.403,16.561,16.147,8309220,137516019.21,0.00826,-0.35699034641190863,-0.28540201016789196,-0.07158833624401667,15.210383136421328,16.95112998215778,11.728889444948422,26.840835757314352,32.03315952184849,16.432799999999997,16.7972,17.15345,18.135519881745726,16.171380118254273
2022-12-28,988,16.324,16.127,16.394,15.91,7731994,126606289.74,0.00769,-0.38369357060331666,-0.3050603222549769,-0.07863324834833973,14.663916045502454,16.188725336606005,11.614297463295351,19.753838172557366,27.948320617623622,16.345999999999997,16.6797,17.102600000000002,18.18674281444178,16.018457185558226
2022-12-29,988,16.028,16.068,16.315,16.019,6810614,111359126.33,0.00677,-0.40494887648974043,-0.32503803310192964,-0.07991084338781079,13.430813334059266,15.269421335757091,9.753597330663617,18.50075505456249,27.141204960166448,16.279000000000003,16.527700000000003,17.035,18.20130284051353,15.86869715948647
2022-12-30,988,16.088,16.196,16.246,16.038,6017290,98501159.96,0.00598,-0.4067762657175322,-0.3413856796250502,-0.06539058609248205,17.279930868994427,15.939591180169536,19.960610246644208,30.052321868930704,31.8023838276887,16.2534,16.4221,16.967899999999997,18.166329656719867,15.769470343280128
2023-01-02,988,16.196,16.196,16.196,16.196,0,0.0,0.0,-0.4035723539633871,-0.3538230144927176,-0.04974933947066951,21.27771576868483,17.718966043007967,28.39521522003855,30.052321868930704,31.8023838276887,16.198,16.3599,16.89635,18.099953235027577,15.692746764972426
2023-01-03,988,16.216,16.828,16.897,16.216,14563798,245868973.2,0.01448,-0.3460470972115317,-0.35226783103648046,0.006220733824948754,45.18818335946772,26.875371815161216,81.81380644808073,65.16132664367063,50.434977785768844,16.283,16.3579,16.850450000000002,17.985700396678332,15.71519960332167
2023-01-04,988,16.828,16.818,16.966,16.64,8219734,140104169.88,0.00817,-0.29783161574128414,-0.34138058797744125,0.04354897223615711,58.787071734594655,37.51260512163903,101.3360049605059,64.54617821864176,50.19824188939392,16.421200000000002,16.3836,16.809,17.88054271472214,15.737457285277863
2023-01-05,988,16.877,16.956,17.025,16.69,11167681,190418021.03,0.01111,-0.24565331414034475,-0.32223513321002195,0.0765818190696772,70.4619342206715,48.49571482131651,114.39437301938148,69.3394329898421,53.485178207508255,16.5988,16.4389,16.77595,17.78129015715048,15.770609842849524
2023-01-06,988,16.897,16.956,17.124,16.857,8204158,141299727.74,0.00816,-0.20197341044579886,-0.29818278865717734,0.09620937821137848,75.69510606474202,57.56217856912501,111.96096105597604,69.3394329898421,53.485178207508255,16.7508,16.5021,16.750799999999998,17.708217271402255,15.793382728597742
2023-01-09,988,16.976,17.055,17.144,16.956,8361261,144607164.63,0.00832,-0.157552136501522,-0.2700566582260463,0.1125045217245243,81.3926314877859,65.50566287534531,113.1665687126671,73.09684842252003,55.966391625109296,16.9226,16.5603,16.7286,17.632038437596446,15.825161562403554
2023-01-10,988,17.025,16.887,17.124,16.818,7858743,134652614.01,0.00782,-0.13435538753906684,-0.2429164040886504,0.10856101654958356,79.98027284370919,70.33053286479993,99.27975280152768,58.49835550868546,50.93643802136793,16.9344,16.6087,16.70295,17.553721655925784,15.852178344074217
2023-01-11,988,16.887,17.084,17.341,16.877,11771093,204470906.53,0.01171,-0.09893508124508088,-0.21412013951993653,0.11518505827485565,80.0789437274766,73.58000315235881,93.07682487771217,67.60282594983178,55.9955968313352,16.9876,16.7044,16.692050000000002,17.515658357361783,15.868441642638219
2023-01-12,988,17.075,17.124,17.223,17.005,6062856,105136118.0,0.00603,-0.06686578051942504,-0.18466926771983422,0.11780348720040917,80.40197412981694,75.85399347817818,89.49793543309443,69.24665537647569,56.97822650162031,17.0212,16.81,16.66885,17.408004645168425,15.929695354831573
2023-01-13,988,17.124,17.163,17.223,17.055,5254018,91178682.76,0.00523,-0.037867145702868754,-0.15530884331644113,0.11744169761357237,81.66057534580386,77.78952076738673,89.40268450263812,70.97003890222864,57.97634193078264,17.062599999999996,16.9067,16.664399999999997,17.38971442183834,15.93908557816165
2023-01-16,988,17.154,17.302,17.499,17.134,12037824,211889772.51,0.01197,-0.00362756406714837,-0.12497258746658257,0.1213450233994342,80.12916897326002,78.56940350267783,83.2486999144244,76.58258555108091,61.45343926856455,17.112000000000002,17.0173,16.6886,17.46592507593966,15.911274924060343
2023-01-17,988,17.371,17.844,17.864,17.311,18941185,338956148.48,0.01884,0.06647612594590058,-0.08668284478408594,0.15315897072998652,86.18492014458107,81.1079090499789,96.33894233378544,87.70511700076706,71.48843339072951,17.3034,17.1189,16.7384,17.670861688221233,15.805938311778764
2023-01-18,988,17.844,17.973,18.052,17.756,14565672,264504944.33,0.01449,0.13093370499741397,-0.04315953482778596,0.17409323982519992,88.6559651315035,83.62392774382043,98.72003990686963,89.1737533923463,73.29363321145917,17.4812,17.2344,16.809,17.887315645615587,15.730684354384415
2023-01-19,988,17.884,18.525,18.604,17.864,18372532,342943968.74,0.01827,0.22397672325667273,0.010267716789105794,0.21370900646756694,90.96287932992357,86.07024493918814,100.74814811139441,93.28965713614983,79.38619879251702,17.761400000000002,17.3913,16.9151,18.219167143896318,15.61103285610368
2023-01-20,988,18.516,18.456,18.693,18.318,12383799,231823189.67,0.01232,0.2888169600918218,0.06597756544964901,0.22283939464217278,89.76191955328234,87.3008031438862,94.68415237207464,88.25666704104546,76.99109427703674,18.020000000000003,17.5413,17.021700000000003,18.46359277650865,15.579807223491356
2023-01-23,988,18.456,18.456,18.456,18.456,0,0.0,0.0,0.3363263540777659,0.12004732317527242,0.21627903090249348,88.82439277120434,87.80866635299225,90.85584560762857,88.25666704104546,76.99109427703674,18.250799999999998,17.6814,17.12085,18.672422414647542,15.56927758535246
2023-01-24,988,18.456,18.456,18.456,18.456,0,0.0,0.0,0.3697160347889472,0.16998106549800743,0.19973496929093978,87.869500394073,87.82894436668583,87.95061244884735,88.25666704104546,76.99109427703674,18.3732,17.8383,17.223499999999998,18.845170159207363,15.601829840792632
2023-01-25,988,18.456,18.456,18.456,18.456,0,0.0,0.0,0.39166275289791486,0.21431740297798896,0.1773453499199259,87.09004543976047,87.58264472437737,86.10484687052664,88.25666704104546,76.99109427703674,18.4698,17.9755,17.339949999999998,18.964572965166955,15.71532703483304
2023-01-26,988,18.456,18.456,18.456,18.456,0,0.0,0.0,0.40439408186722403,0.25233273875583595,0.15206134311138808,86.32601276056724,87.16376740310733,84.65050347548708,88.25666704104546,76.99109427703674,18.456,18.1087,17.45935,19.04080386474482,15.877896135255181
2023-01-27,988,18.456,18.456,18.456,18.456,0,0.0,0.0,0.40976029024034233,0.2838182490527372,0.1259420411876051,85.16765539561209,86.49839673394224,82.50617271895177,88.25666704104546,76.99109427703674,18.456,18.238,17.572349999999997,19.09561592004103,16.049084079958963
2023-01-30,988,18.703,18.575,18.851,18.506,13928344,263240143.03,0.01385,0.41878782910155365,0.31081216506250053,0.10797566403905312,81.70994377972312,84.90224574920254,75.32533984076429,90.8099355223017,78.84631163969439,18.4798,18.365299999999998,17.691300000000002,19.1312997222224,16.251300277777602
2023-01-31,988,18.516,18.516,18.683,18.427,10106691,190060594.15,0.01005,0.41638162360552755,0.331926056771106,0.08445556683442157,76.49288383018347,82.09912510952951,65.2804012714914,80.40849819541415,75.5514640420732,18.4918,18.432499999999997,17.7757,19.200441690346405,16.350958309653596
2023-02-01,988,18.713,18.851,18.94,18.634,14530565,277403481.16,0.01445,0.436474976856406,0.35283584078816604,0.08363913606823997,79.55902866278029,81.25242629394643,76.17223340044802,88.99619737008024,80.57855593158187,18.5708,18.5203,17.87735,19.304485412009367,16.450214587990633
2023-02-02,988,18.95,18.782,19.039,18.752,11848022,226963601.16,0.01178,0.44173928522403116,0.3706165296753391,0.07112275554869207,72.37486442442429,78.29323900410571,60.538115265061435,80.29673325373214,77.02010550518867,18.636,18.546,17.968650000000004,19.381164782410067,16.55613521758994
2023-02-03,988,18.782,18.94,18.989,18.604,12662730,241243164.03,0.01259,0.45343366601859714,0.38717995694399077,0.06625370907460637,76.1910860868711,77.5925213650275,73.38821553055828,84.46852783385208,79.30328197429225,18.732799999999997,18.5944,18.06785,19.45943664083413,16.67626335916587
2023-02-06,988,18.831,18.93,19.157,18.831,8625713,165777349.2,0.00858,0.45663087415083936,0.40107014038536054,0.05556073376547882,73.76209392092775,76.31571221699424,68.65485732879478,83.13169993927396,78.76296948701481,18.803800000000003,18.6418,18.1616,19.518073353182956,16.805126646817044
2023-02-07,988,19.009,19.424,19.581,18.96,17509462,343846375.76,0.01741,0.49333944604943625,0.41952400151817576,0.07381544453126049,77.97311171851567,76.86817871750138,80.18297772054424,91.29686034972565,84.46645106794429,18.9854,18.738599999999998,18.28845,19.617266248039332,16.95963375196067
2023-02-08,988,19.503,19.049,19.641,19.019,13985241,272798133.53,0.01391,0.4865630913204413,0.4329318194786289,0.05363127184181238,69.06060276017465,74.26565339839246,58.65050148373902,63.35926160398523,69.09873787110129,19.025,18.7979,18.386699999999998,19.628261003864285,17.14513899613571
2023-02-09,988,18.93,19.828,19.897,18.851,20343453,403034934.85,0.02023,0.5378515530861101,0.45391576620012514,0.08393578688598496,77.80910932310965,75.44680537329819,82.53371722273258,79.2146733137779,78.11999655545804,19.234199999999998,18.9351,18.5219,19.773371033371987,17.27042896662801
2023-02-10,988,19.641,19.562,20.193,19.335,25550553,510548933.55,0.02541,0.5506860852072357,0.47326983000154726,0.07741625520568846,73.29591810668617,74.72984295109418,70.42806841787015,67.28433647866353,70.45780878277526,19.358600000000003,19.0457,18.641849999999998,19.80141367020699,17.482286329793006
2023-02-13,988,19.562,19.503,19.68,19.354,15820549,312712470.98,0.01573,0.5497594527077965,0.48856775454279716,0.06119169816499931,67.72276646592167,72.39415078937,58.37999781902499,64.69109365714422,68.8244108057824,19.4732,19.1385,18.7519,19.787167959211136,17.716632040788863
2023-02-14,988,19.562,19.562,19.779,19.503,12769258,253898467.69,0.0127,0.5474749463018149,0.5003491928946008,0.047125753407214144,65.24500772576025,70.01110310150008,55.71281697428057,66.2519369696962,69.59339838605804,19.5008,19.243100000000002,18.837799999999998,19.84046562616633,17.835134373833665
2023-02-15,988,19.503,19.868,20.006,19.453,16014144,320252255.37,0.01593,0.5638563165349026,0.5130506176226611,0.050805698912241515,70.01230009491626,70.01150209930547,70.0138960861378,73.53346847690818,73.3172564063226,19.6646,19.3448,18.93255,19.94917381905722,17.91592618094278
2023-02-16,988,19.858,19.562,20.233,19.315,23499727,472337564.35,0.02337,0.5458547539966894,0.5196114448974668,0.026243309099222567,64.05480015837976,68.02593478566357,56.11253090381217,58.41025093011558,64.67635013043937,19.611400000000003,19.422800000000002,18.9844,20.019121503340152,17.94967849665985
2023-02-17,988,19.562,19.147,19.69,19.078,16409324,320623085.25,0.01632,0.49242498558488634,0.5141741530349507,-0.02174916745006439,49.84261158653197,61.9648270526197,25.598180654356526,43.76254443973211,55.073295763561,19.528399999999998,19.4435,19.01895,20.02513497305457,18.01276502694543
2023-02-20,988,19.216,19.611,19.69,18.96,13251569,260396984.38,0.01318,0.48196662017992153,0.5077326464639449,-0.025766026284023358,51.559329094349835,58.49632773319641,37.685331816656685,57.92054178252917,61.962033091609555,19.55,19.511599999999998,19.0767,20.079417171647428,18.07398282835257
2023-02-21,988,19.611,19.443,19.68,19.295,9663704,190831286.57,0.00961,0.4548785376539968,0.49716182470195525,-0.04228328704795847,48.651709024790904,55.2147881637279,35.525550746916906,52.20970260601604,58.42365951396901,19.5262,19.5135,19.12605,20.096784605175404,18.155315394824594
2023-02-22,988,19.374,19.66,19.759,19.354,10642369,210952114.1,0.01058,0.44578242128396184,0.48688594401835666,-0.041103522734394826,50.76387828675506,53.73115153807028,44.829331784124605,58.54511294472181,61.5200223625732,19.4846,19.5746,19.18625,20.13100858793373,18.24149141206627
2023-02-23,988,19.739,19.552,19.937,19.404,12785734,253972744.63,0.01272,0.42496030821662245,0.4745008168580099,-0.049540508641387426,49.344025692086475,52.268776256075675,43.49452456410809,54.249950168616905,59.12913193466316,19.482599999999998,19.547,19.241049999999998,20.133137905746853,18.348962094253142
2023-02-24,988,19.552,19.522,19.7,19.374,10180449,201344313.58,0.01012,0.4014106719592725,0.4598827878782624,-0.05847211591898993,47.61191134120239,50.71648795111791,41.40275812137136,52.95493701362387,58.44088226364043,19.5576,19.543,19.29435,20.11333018098302,18.475369819016983
2023-02-27,988,19.424,19.522,19.71,19.335,11861450,234958744.21,0.0118,0.3783856216498087,0.44358335463257176,-0.06519773298276305,46.457168440613,49.2967147809496,40.77807575993981,52.95493701362387,58.44088226364043,19.5398,19.544900000000002,19.341699999999996,20.09220582241216,18.59119417758783
2023-02-28,988,19.641,19.66,19.887,19.414,19740283,392338414.95,0.01963,0.3670425124703094,0.4282751862001193,-0.061232673729809894,49.30085123063646,49.29809359751188,49.30636649688563,59.37818237959215,60.930417260095915,19.583199999999998,19.5547,19.3989,20.052566227399726,18.745233772600276
2023-03-01,988,20.085,20.746,20.894,19.937,50181470,1042113299.39,0.04991,0.4406051190903568,0.43074117277816676,0.009863946312190064,63.6497229507242,54.08197004858265,82.7852287550073,82.2562157927693,74.19906492637229,19.8004,19.642500000000002,19.49365,20.33526630837764,18.652033691622357
2023-03-02,988,20.845,21.013,21.279,20.638,35637380,757899779.84,0.03544,0.5145176442859096,0.44749646707971535,0.06702117720619427,71.94299483189003,60.035644976351776,95.75769454296656,84.7844119241108,76.35300604219069,20.092599999999997,19.787599999999998,19.605200000000004,20.622691362953578,18.58770863704643
2023-03-03,988,20.805,20.628,20.914,20.401,24310096,508818989.29,0.02418,0.5358506182239076,0.4651672973085539,0.07068332091535368,70.35782988792667,63.47637328021007,84.12074310335987,68.0155544897959,67.49009393987096,20.3138,19.9357,19.6896,20.75373125427116,18.62546874572884
2023-03-06,988,21.368,21.042,21.565,20.953,26722801,573169130.71,0.02658,0.5794835679657702,0.48803055143999713,0.09145301652577303,72.42091499254902,66.45788718432306,84.34697060900095,74.51877667464976,71.38638351575054,20.6178,20.0788,19.7952,20.95666452015543,18.63373547984457
2023-03-07,988,21.052,20.272,21.121,20.272,22903697,478162678.56,0.02278,0.5456406246843422,0.49955256608886617,0.04608805859547599,62.286589068276285,65.06745447897413,56.724858246880615,51.25804269309598,57.422749943319005,20.740199999999998,20.1617,19.837600000000002,21.00391157704011,18.671288422959893
2023-03-08,988,20.272,20.865,20.884,20.184,20060136,420809435.04,0.01995,0.5602122147073487,0.5116844958125627,0.04852771889478602,64.39434786913482,64.8430856090277,63.49687238934905,62.170713651225746,63.43219637251555,20.764000000000003,20.2822,19.9284,21.118721566460046,18.738078433539954
2023-03-09,988,20.865,21.111,21.2,20.657,19602947,417656283.42,0.0195,0.5848684494571472,0.5263212865414796,0.05854716291566764,69.4766504478836,66.38760722197966,75.65473689969147,65.96409935002252,65.6277012789422,20.7836,20.4381,19.99255,21.293259842638932,18.69184015736107
2023-03-10,988,20.855,20.805,21.022,20.697,12111966,255989917.59,0.01205,0.5731105883708025,0.5356791469073442,0.03743144146345834,67.87363245417558,66.88294896604496,69.8549994304368,57.376006404923785,60.68365900570146,20.819,20.566399999999998,20.054700000000004,21.387186255483936,18.722213744516072
2023-03-13,988,20.677,20.865,20.894,20.489,18607124,389912802.91,0.01851,0.5621537389340432,0.540974065312684,0.021179673621359196,64.24990730360267,66.00526841189753,60.73918508701294,58.642928605382046,61.30716964272049,20.7836,20.7007,20.122799999999998,21.475627775245112,18.769972224754884
2023-03-14,988,20.776,20.499,20.776,20.174,19395855,401234458.68,0.01929,0.5179664211263493,0.536372536475417,-0.018406115349067775,50.62143352950455,60.87732345109987,30.10965368631392,48.163751177483185,55.45484188012764,20.828999999999997,20.7846,20.16965,21.505496709611517,18.833803290388484
2023-03-15,988,20.657,20.766,20.953,20.549,17461529,367309436.89,0.01737,0.4987431217478111,0.5288466535298959,-0.030103531782084803,47.93405896934614,56.56290195718195,30.676372993674505,55.17566849486233,58.59995940307045,20.809199999999997,20.7866,20.214549999999996,21.567957469666222,18.86114253033377
2023-03-16,988,20.499,20.509,20.904,20.411,15768104,329171053.06,0.01568,0.4574970254062585,0.5145767279051684,-0.05707970249890992,39.98383706032135,51.03654699156174,17.878417197840562,47.71970046055822,54.55528449211311,20.6888,20.736200000000004,20.2619,21.58510741104052,18.93869258895948
2023-03-17,988,20.677,21.121,21.259,20.608,27762638,592039264.88,0.02761,0.46878857926373385,0.5054190981768815,-0.036630518913147614,55.749593370475324,52.6075624511996,62.03365520902676,62.28380653565467,61.464842996688304,20.752,20.7855,20.3606,21.626915567222664,19.09428443277734
2023-03-20,988,21.101,21.013,21.289,20.914,21223501,454100533.09,0.02111,0.4636775336620751,0.4970707852739202,-0.03339325161184509,62.248607837417055,55.82124424660541,75.10333501904033,58.81419009916786,59.716908630430474,20.7816,20.7826,20.430699999999998,21.67736563279854,19.184034367201455
2023-03-21,988,21.013,21.072,21.279,20.825,14377606,306790124.71,0.0143,0.4590956314536747,0.48947575450987113,-0.030380123056196418,68.34511075558738,59.99586641626606,85.04359943423005,60.26525311314061,60.38824358659845,20.8962,20.8626,20.51215,21.698507942790474,19.325792057209522
2023-03-22,988,21.092,22.513,22.602,20.943,51048151,1138311749.19,0.05077,0.5652255299322739,0.5046257095943517,0.06059982033792222,77.6748843807156,65.8888724044159,101.24690833331499,80.45126527245755,72.56869665442791,21.245600000000003,21.0274,20.654799999999998,22.07314783054865,19.236452169451347
2023-03-23,988,22.493,23.233,23.658,22.493,51397011,1204928826.26,0.05112,0.6993703161472666,0.5435746309049347,0.1557956852423319,81.05038216272735,70.94270899051972,101.2657285071426,85.01553324096176,76.50642325800692,21.790399999999998,21.239600000000003,20.83885,22.574487880616978,19.103212119383024
2023-03-24,988,23.45,23.371,23.964,23.204,42969452,1025543957.68,0.04273,0.8075080225416968,0.5963613092322873,0.2111467133094096,82.1514421102439,74.67895336376111,97.09641960320948,85.77920076463833,77.19102811775716,22.2404,21.496199999999998,21.0313,22.991215905822433,19.07138409417757
2023-03-27,988,23.352,23.964,24.26,23.352,46349692,1124233776.56,0.0461,0.9303337694590645,0.6631558012776427,0.2671779681814218,85.53752501642481,78.29847724798233,100.01562055330976,88.73864699924891,79.9323027421635,22.830599999999997,21.806099999999997,21.253400000000003,23.48155518688514,19.025244813114867
2023-03-28,988,23.687,22.977,23.687,22.917,32303522,761497510.29,0.03213,0.9372276307834753,0.7179701671788093,0.21925746360466591,79.24723889983875,78.61473113193446,80.51225443564732,62.68392952771531,65.61392341688429,23.211599999999997,22.0539,21.419249999999998,23.641811715441982,19.196688284558014
2023-03-29,988,23.006,23.608,23.964,22.71,38181258,907307008.34,0.03797,0.9822843297601302,0.7708329996950736,0.21145133006505668,80.21374889781144,79.14773705389345,82.34577258564741,69.54414574203273,69.4327401385404,23.4306,22.3381,21.562350000000002,23.963742865554885,19.16095713444512
2023-03-30,988,23.579,23.776,24.556,23.5,39932466,968114175.91,0.03971,1.0197927482771227,0.8206249494114836,0.19916779886563918,79.8405248168917,79.3786663082262,80.7642418342227,71.23375486058566,70.38791665364772,23.5392,22.664800000000003,21.700499999999998,24.28011722986815,19.120882770131846
2023-03-31,988,23.796,25.079,25.464,23.687,57328870,1437815191.64,0.05702,1.141501136022395,0.8848001867336659,0.2567009492887291,83.79394907315667,80.85042722986968,89.68099275973063,81.02910046030325,76.58001036436563,23.8808,23.0606,21.92305,24.85677244050043,18.98932755949957
2023-04-03,988,26.53,27.586,27.586,26.53,61015719,1689380768.18,0.06068,1.4238367544982289,0.9926075002865786,0.43122925421165026,89.19596604877111,83.63227350283682,100.32335114063972,89.37912818949462,83.72370165130992,24.6052,23.7179,22.250249999999998,26.090028276219524,18.41047172378047
2023-04-04,988,29.214,30.349,30.349,28.958,190478553,5808017854.55,0.18944,1.8492240709141718,1.1639308144120974,0.6852932565020744,92.79731069918074,86.68728590161813,105.01736029430597,93.28690973312821,88.09109951851605,26.0796,24.645599999999998,22.7541,27.917381164041764,17.59081883595824
2023-04-05,988,30.349,30.349,30.349,30.349,0,0.0,0.0,2.161430953337817,1.3634308421972414,0.7980001111405755,95.19820713278716,89.52425964534113,106.54610210767922,93.28690973312821,88.09109951851605,27.4278,25.4292,23.2283,29.319691478748478,17.136908521251524
2023-04-06,988,30.586,31.534,33.063,29.964,164166246,5240302024.0,0.16327,2.4759357079042488,1.585931815338643,0.8900038925656057,91.87591605948326,90.30814511672183,95.01145794500613,94.52989441611875,89.52562951527038,28.9794,26.259299999999996,23.74945,30.78797159940312,16.710928400596877
2023-04-07,988,31.563,31.356,32.452,30.438,84931887,2679940847.05,0.08447,2.6799273451525956,1.8047309213014335,0.875196423851162,89.08795253960722,89.90141425768363,87.4610291034544,91.47682097332618,87.79267774373984,30.2348,27.057800000000004,24.276999999999997,31.940204936235098,16.613795063764897
2023-04-10,988,31.583,32.076,33.636,30.902,118860268,3880655291.02,0.11821,2.8666452678377894,2.017113790608705,0.8495314772290845,87.96601192554448,89.25628014697057,85.3854754826923,92.63191294961689,88.75332570613365,31.132799999999996,27.869,24.83755,33.06894948387631,16.606150516123694
2023-04-11,988,31.849,31.534,32.817,30.497,114312566,3628886178.19,0.11369,2.9370294492257436,2.2010969223321126,0.735932526893631,85.06468671910804,87.85908233768305,79.47589548195802,82.52852403923173,83.36582593564667,31.369800000000005,28.724700000000002,25.3893,33.87174711712004,16.906852882879956
2023-04-12,988,30.497,31.247,31.771,29.935,75728700,2370126500.3,0.07531,2.9358087429146984,2.3480392864486297,0.5877694564660687,82.0389699580129,85.919044877793,74.2788201184527,77.17952643310296,80.54163382589063,31.549400000000002,29.4886,25.913349999999998,34.48769050310338,17.33900949689661
2023-04-13,988,31.573,30.29,31.928,30.004,72847786,2284664499.45,0.07245,2.8250539588490646,2.4434422209287168,0.38161173792034786,72.33032371907679,81.38947115822091,54.21202884078855,61.28540075240325,71.70522894570836,31.300599999999996,30.139999999999997,26.4024,34.79263762037269,18.012162379627313
2023-04-14,988,30.29,30.31,30.853,28.997,76186248,2312939706.74,0.07577,2.7076813621155686,2.4962900491660873,0.21139131294948132,57.853962428080536,73.54430158150745,26.473284121226698,61.48431753902309,71.77582542453574,31.0914,30.663099999999996,26.861849999999997,35.038011505125496,18.685688494874494
2023-04-17,988,30.31,30.645,31.82,29.816,85079670,2665977783.31,0.08461,2.6115896539952566,2.5193499701319215,0.09223968386333503,50.41094082113466,65.83318132804985,19.566459807304284,65.08966210218625,73.00648969798434,30.805200000000003,30.969000000000005,27.343449999999997,35.19738078856571,19.48951921143429
2023-04-18,988,30.004,32.254,33.557,29.984,136787798,4392075398.59,0.13604,2.634895698584131,2.5424591158223637,0.09243658276176747,57.0103261434567,62.89222959985213,45.246519230665854,77.32377382536703,78.02662016791079,30.9492,31.159499999999998,27.90255,35.463260728914136,20.34183927108587
2023-04-19,988,31.238,31.307,32.886,30.606,116687470,3742607339.81,0.11605,2.547583959175924,2.543484084493076,0.004099874682848004,54.60528892426464,60.129916041322964,43.556034690147996,61.98246494030317,69.70338775880802,30.961199999999998,31.2553,28.34225,35.60001470953343,21.08448529046657
2023-04-20,988,32.126,34.435,34.435,31.978,78727528,2701802693.9,0.0783,2.699672095431353,2.5747216866807316,0.12495040875062147,69.73685928284308,63.332230455163,82.54611693820326,78.71843619552592,78.115305834543,31.7902,31.5454,28.902349999999995,36.228580919389046,21.576119080610948
2023-04-21,988,36.686,35.787,37.396,34.544,171272862,6212982872.52,0.17034,2.8959158250278136,2.6389605143501482,0.2569553106776654,73.43889202020867,66.70111764351155,86.9144407736029,82.67435649680407,80.64873535246308,32.8856,31.9885,29.523149999999998,36.9789086722579,22.06739132774209
2023-04-24,988,36.074,37.495,37.633,35.215,143387042,5323726474.99,0.1426,3.152916857331874,2.7417517829464937,0.4111650743853805,81.7599406736546,71.7207253202259,101.838371380512,86.48331752048128,83.31124938368669,34.2556,32.5304,30.1997,37.980059188028434,22.419340811971562
2023-04-25,988,36.429,34.85,36.804,34.258,119311731,4305882683.89,0.11866,3.1073431150371036,2.814870049364616,0.29247306567248765,77.09810465166598,73.51318509737258,84.26794376025276,61.39919604529391,67.59868203230079,34.7748,32.862,30.793349999999997,38.04732802370691,23.539371976293086
2023-04-26,988,35.077,34.001,36.301,33.36,121157739,4280588466.19,0.12049,2.9684993783102094,2.845595915153735,0.12290346315647449,70.71323388696828,72.57986802723781,66.97996560642923,55.22902516317199,63.410954926593554,35.313599999999994,33.1374,31.313,37.853641816245776,24.77235818375422
2023-04-27,988,32.827,31.474,33.567,30.695,109964452,3567408631.0,0.10936,2.624305574569661,2.8013378470369203,-0.1770322724672595,54.21221690285541,66.45731765244366,29.72201540367891,40.641465014446524,52.79174360972647,34.7214,33.2558,31.697900000000004,37.19357427595289,26.202225724047118
2023-04-28,988,31.593,32.886,33.458,31.593,85119931,2832804108.63,0.08465,2.4373696249199703,2.7285442026135307,-0.29117457769356037,48.7880112511388,60.567548852008706,25.228936049398968,49.57235378113916,57.16445014369919,34.1412,33.513400000000004,32.08825,36.63081713300933,27.54568286699067
2023-05-01,988,32.886,32.886,32.886,32.886,0,0.0,0.0,2.2631335432865036,2.6354620707481256,-0.3723285274616219,43.340767047270276,54.825288250429224,20.37172464095238,49.57235378113916,57.16445014369919,33.2194,33.7375,32.353249999999996,36.37889154416499,28.327608455834998
2023-05-02,988,32.886,32.886,32.886,32.886,0,0.0,0.0,2.100833097068975,2.5285362760122956,-0.42770317894332077,39.42041335389269,49.690329951583706,18.880580158510668,49.57235378113916,57.164450143699185,32.8266,33.8007,32.48010000000001,36.39827593973762,28.561924060262392
2023-05-03,988,32.886,32.886,32.886,32.886,0,0.0,0.0,1.9497335098949122,2.412775722788819,-0.4630422128939067,36.8068442249743,45.395834709380566,19.628863256161765,49.57235378113916,57.164450143699185,32.60360000000001,33.958600000000004,32.60695,36.39679340601391,28.817106593986082
2023-05-04,988,32.432,31.07,33.113,30.853,81051255,2587441381.6,0.08061,1.6642653602870894,2.263073650288473,-0.5988082900013838,26.339568101553922,39.04374584010502,0.9312126244517316,35.377176829094395,48.911995540350034,32.522800000000004,33.6221,32.583749999999995,36.4067845001681,28.760715499831893
2023-05-05,988,31.07,29.787,31.346,29.491,87413757,2682510950.42,0.08694,1.3192944127565092,2.0743178027820806,-0.7550233900255714,18.90890756430683,32.33213308150562,-7.937543470090745,28.466412706673495,44.01472111433439,31.903000000000002,33.0221,32.5053,36.495166590567685,28.515433409432312
2023-05-08,988,30.103,30.053,30.636,29.066,55005277,1670819110.13,0.0547,1.0552027084204774,1.8704947839097599,-0.8152920754892825,17.153277698941256,27.27251462065083,-3.085196144477891,31.781837210277047,45.2544631286454,31.336400000000005,32.2779,32.40415,36.539753272991845,28.26854672700816
2023-05-09,988,29.737,29.846,31.336,29.737,62166766,1921111033.17,0.06183,0.8197553308532974,1.6603468932984675,-0.8405915624451701,17.212012578380303,23.919013939893986,3.7980098553529373,30.46334757919459,44.419422415520565,30.7284,31.777499999999996,32.31975,36.59660993396308,28.042890066036914
2023-05-10,988,30.211,28.721,30.448,28.395,66877395,1972665727.67,0.06651,0.5362024814107293,1.43551801092092,-0.8993155295101907,13.62096513059971,20.48633100346256,-0.1097666151259915,23.97634439477372,40.039143639286436,29.895400000000002,31.2495,32.19345,36.74412252288364,27.642777477116358
2023-05-11,988,28.79,28.326,29.165,28.247,45002000,1305445388.48,0.04476,0.27642514943827123,1.2036994386243904,-0.9272742891861192,9.621813443690671,16.864825150205263,-4.864209969338511,22.002285520942337,38.58185660504443,29.346600000000002,30.934700000000003,32.09525,36.896721917959034,27.293778082040966
2023-05-12,988,28.474,28.296,29.185,28.287,43038610,1248569724.69,0.0428,0.06735259419559725,0.9764300697386318,-0.9090774755430345,6.750204715303299,13.49328500523794,-6.73595586456598,21.83841394454194,38.46585914554629,29.048399999999997,30.4757,31.994549999999997,37.03233361771813,26.956766382281863
2023-05-15,988,28.079,28.415,28.592,27.27,49841063,1406901269.47,0.04957,-0.08772536326457825,0.7635989831379898,-0.851324346402568,11.032169108507862,12.672913039661246,7.750681246201097,24.514537188485605,39.25614098413816,28.720799999999997,30.0286,31.883050000000004,37.14052089388062,26.62557910611939
2023-05-16,988,28.138,27.454,28.276,27.335,36914920,1030488053.31,0.03671,-0.2848864369069055,0.5539018991290108,-0.8387883360359163,8.404468492328311,11.250098190550267,2.713209095884398,18.407133984930752,35.26600982483512,28.242399999999996,29.4854,31.64305,37.25547289268348,26.03062710731652
2023-05-17,988,27.662,28.425,28.633,27.415,54601520,1548117917.23,0.0543,-0.35865210500958256,0.3713910983012921,-0.7300432033108746,15.048513832962094,12.516236738020876,20.11306802284453,37.33611711301152,41.78795071505955,28.1832,29.039299999999997,31.49895,37.29276250627741,25.705137493722592
2023-05-18,988,29.643,31.267,31.267,29.613,55064202,1698288809.18,0.05476,-0.18564626543201257,0.25998362555463117,-0.44562989098664374,42.800009385936036,22.61082762065926,83.17837291648956,65.47100266516485,55.956359893309866,28.7714,29.058999999999997,31.34055,36.9671943388392,25.713905661160798
2023-05-19,988,32.188,30.782,33.08,30.752,147328464,4744137483.28,0.14652,-0.08667421145602461,0.1906520581525,-0.2773262696085246,48.68250769159936,31.301387644305958,83.44474778618616,59.95816626890769,53.53076709232246,29.268600000000003,29.158500000000004,31.090300000000003,36.31512757610256,25.865472423897444
2023-05-22,988,30.406,29.405,30.693,28.94,73474269,2207479258.1,0.07307,-0.11799041746955297,0.1289235630280894,-0.24691398049764238,44.70400111166866,35.768925466760194,62.57415240148558,46.591903047681896,47.19440846274844,29.4666,29.093700000000002,30.6858,34.995325781702626,26.376274218297375
2023-05-23,988,29.376,28.821,30.009,28.821,62530598,1853999243.47,0.06219,-0.18776818095624748,0.06558521423122202,-0.25335339518746947,38.70111835442283,36.74632309598107,42.61070887130636,41.84445976031398,44.74399960780615,29.740000000000002,28.991200000000003,30.38435,34.29214341559262,26.47655658440738
2023-05-24,988,28.524,29.267,30.168,28.454,75657611,2257910954.12,0.07524,-0.20471921296486784,0.011524328792004029,-0.21624354175687185,37.258003171451136,36.91688312113776,37.94024327207789,46.81121400232716,47.03511322678978,29.9084,29.045800000000003,30.14765,33.68941020912611,26.60588979087389
2023-05-25,988,30.584,30.267,31.891,29.227,104491505,3214856112.97,0.10392,-0.13589487379258358,-0.0179595117249135,-0.11793536206767008,42.033161035700644,38.62230909265872,48.8548649217845,56.749641538314904,51.91215217213876,29.7084,29.2399,30.0873,33.574615607651545,26.599984392348453
2023-05-26,988,29.653,30.97,31.495,29.425,87791889,2726796133.83,0.08731,-0.0243442391272346,-0.019236457205377724,-0.005107781921856878,49.112910954464766,42.119176379927396,63.10038010353949,62.63882044406594,55.08400539614137,29.746,29.507299999999997,29.991500000000002,33.25305897499494,26.72994102500506
2023-05-29,988,30.713,30.307,31.842,30.079,91612975,2860351560.78,0.09111,0.010441520102077106,-0.013300861743886757,0.02374238184596386,49.7587102744387,44.665687678097825,59.944755467120444,54.27500638476688,51.58346557587215,29.9264,29.696500000000004,29.86255,32.833222117817876,26.891877882182122
2023-05-30,988,29.93,33.337,33.337,29.9,123668976,3967566536.1,0.12299,0.2792857300952747,0.04521645662394555,0.23406927347132914,66.5058068496258,51.94572740194048,95.62596574499644,73.60400055325798,63.23252736782478,30.8296,30.2848,29.885100000000005,32.957511149844024,26.81268885015599
2023-05-31,988,33.298,34.357,34.357,32.04,132721241,4403555586.63,0.13199,0.568103436157191,0.14979385253059468,0.41830958362659637,77.67053789975053,60.52066423454383,111.97028523016394,77.45402443026563,66.21746706524777,31.8476,30.878000000000004,29.95865,33.383725352225504,26.533574647774493
2023-06-01,988,33.03,33.337,34.229,32.723,90126079,3051809768.19,0.08963,0.7065434800956858,0.26114377804361294,0.44539970205207285,79.35390877206251,66.79841241371672,104.4649014887541,65.91676985439615,60.8300736951371,32.461600000000004,31.085,30.072000000000003,33.78950074505377,26.354499254946234
2023-06-02,988,33.654,32.376,33.872,32.376,68022945,2263592861.87,0.06765,0.7302951557729287,0.35497405358947615,0.37532110218345255,75.04953678711219,69.54878720484854,86.0510359516395,56.41587938112045,56.13590564060037,32.7428,31.244399999999995,30.20145,34.05498292310775,26.347917076892255
2023-06-05,988,32.188,32.832,33.852,31.901,62417629,2083558903.86,0.06208,0.7769576349414287,0.4393707698598668,0.3375868650815619,74.7549173475999,71.28416391909899,81.69642420460173,59.721580016615356,57.8207849614424,33.2478,31.5871,30.3404,34.3678783752566,26.312921624743396
2023-06-06,988,32.485,32.268,33.773,32.188,68068986,2270930999.47,0.0677,0.7596708863134509,0.5034307931505836,0.25624009316286733,69.59619571061566,70.72150784960454,67.34557143263791,53.678840581973695,54.971723560051934,33.034000000000006,31.9318,30.4615,34.571197671042256,26.351802328957746
2023-06-07,988,32.367,35.496,35.496,31.505,117361073,4066741515.76,0.11672,0.9949741928149471,0.6017394730834563,0.3932347197314908,79.73079714041043,73.72460427987316,91.74318286148497,72.67068111102276,65.5655706282403,33.26180000000001,32.5547,30.80025,35.39423897301814,26.206261026981856
2023-06-08,988,35.12,33.912,35.12,33.179,112036589,3838803324.13,0.11142,1.0416309236316472,0.6897177631930945,0.3519131604385527,77.0518871572238,74.83369857232337,81.48826432702467,58.53789903755395,58.23162782950293,33.376799999999996,32.919200000000004,31.07955,35.71915966938086,26.439940330619145
2023-06-09,988,33.674,36.081,36.447,33.377,127954314,4576133881.74,0.12725,1.2393405455121282,0.7996423196569014,0.4396982258552269,82.83780919691912,77.50173544718862,93.50995669638013,68.5788724663191,64.21157320130384,34.1178,33.4303,31.468800000000005,36.42087421082071,26.516725789179294
2023-06-12,988,35.457,35.655,36.893,35.328,94006323,3418598741.77,0.09349,1.3461348014525427,0.9089408160160298,0.4371939854365129,80.89954416641923,78.63433835359882,85.42995579206007,64.87599099178664,62.30048939323794,34.6824,33.9651,31.8308,36.90004952817962,26.761550471820378
2023-06-13,988,35.506,35.635,36.031,34.565,85122613,3043044874.8,0.08466,1.4128695056628047,1.0097265539453848,0.4031429517174199,79.48363572985235,78.91743747901666,80.61603223152375,64.67924041052689,62.205668216724625,35.3558,34.194900000000004,32.239850000000004,37.13950095534494,27.34019904465507
2023-06-14,988,35.546,36.734,38.18,35.506,125199406,4675556420.78,0.12451,1.5367229690108601,1.11512583695848,0.42159713205238014,79.10145003713004,78.97877499838778,79.34680011461455,70.5654798271463,65.36560066872818,35.60340000000001,34.432599999999994,32.6553,37.60182631332565,27.708773686674338
2023-06-15,988,36.764,37.774,39.913,36.754,138742248,5387619582.09,0.13798,1.6992096087392454,1.2319425913146331,0.4672670174246123,77.58761432859097,78.51505477512217,75.73273343552859,75.2494093176812,68.11747177549499,36.375800000000005,34.8763,32.980650000000004,38.37812002234449,27.58317997765552
2023-06-16,988,37.636,40.736,41.369,37.329,129037454,5159800409.19,0.12833,2.0434346443242433,1.3942410019165552,0.6491936424076881,82.91931790600304,79.98314248541578,88.79166874717757,83.96836104040581,74.42986127056906,37.306799999999996,35.712300000000006,33.47835,39.78185827213261,27.174841727867385
2023-06-19,988,40.736,43.103,43.915,40.221,129945285,5484859583.86,0.12923,2.478660132097943,1.6111248279528332,0.8675353041451097,86.43184180572106,82.13270892551753,95.0301075661281,88.01650991439197,78.19365399975024,38.7964,36.7394,34.16325,41.49590911055336,26.830590889446636
2023-06-20,988,41.914,41.647,42.191,39.795,124484880,5150398908.47,0.1238,2.675253774859712,1.8239506173342093,0.8513031575255028,83.9128324407738,82.72608343060296,86.28633046111548,74.18850475018019,71.16443169946723,39.9988,37.6773,34.80455,42.40841385090897,27.200686149091023
2023-06-21,988,40.656,37.487,40.696,37.487,123381230,4779107346.67,0.12271,2.4669410587915124,1.95254870562567,0.5143923531658423,68.94245766185071,78.13154150768554,50.56428997018105,48.21654665791679,55.58885837908794,40.1494,37.876400000000004,35.21555,42.43820003050545,27.992899969494555
2023-06-22,988,37.487,37.487,37.487,37.487,0,0.0,0.0,2.2756198019427387,2.017162924889084,0.25845687705365483,56.378750740699054,70.88061125202339,27.3750297180504,48.21654665791679,55.58885837908794,40.092,38.2339,35.57655,42.472110996986416,28.680989003013575
2023-06-23,988,37.487,37.487,37.487,37.487,0,0.0,0.0,2.099791241141638,2.0336885881395945,0.06610265300204343,48.002946126597955,63.25472287688157,17.499392626030726,48.21654665791678,55.58885837908794,39.4422,38.3745,35.9024,42.49046846223993,29.31433153776007
2023-06-26,988,36.754,34.833,37.249,34.684,100312597,3625163918.06,0.09976,1.7263894770822077,1.9722287659281172,-0.24583928884590955,32.540006188901586,53.01648398088824,-8.41294939507172,34.7897879775244,47.05808214998862,37.7882,38.2923,36.1287,42.198009337278954,30.05939066272105
2023-06-27,988,34.862,35.011,35.486,34.09,67274110,2369810327.85,0.06691,1.4283637134791505,1.8634557554383242,-0.4350920419591737,24.818019393109964,43.61699578496214,-12.779933390594394,36.21922556914138,47.64592190843461,36.461,38.2299,36.212399999999995,42.16464859412964,30.26015140587035
2023-06-28,988,34.555,34.03,34.555,32.367,81321860,2739982777.79,0.08088,1.1003336854314156,1.7108313414369425,-0.6104976560055269,21.34560027431209,36.193197281412125,-8.349593739887979,31.633324566123235,44.66426902203292,35.769600000000004,37.959500000000006,36.19605,42.17150884518745,30.220591154812556
2023-06-29,988,34.11,34.536,34.823,33.783,61707200,2141422841.82,0.06137,0.871155359349217,1.5428961450193974,-0.6717407856701805,20.49122456804966,30.95920637695797,-0.44473904976695877,36.60182176347435,46.54651946324396,35.1794,37.6357,36.256,42.13394690257374,30.37805309742626
2023-06-30,988,34.1,37.645,37.992,33.882,128687086,4728483813.88,0.12798,0.9296833903748336,1.4202535940904848,-0.4905702037156512,31.56933972289088,31.1625841589356,32.38285085080145,58.72074195918093,56.471026577484295,35.211,37.3266,36.51945,42.13147725262566,30.90742274737434
2023-07-03,988,38.359,37.675,38.517,35.892,97183372,3652496062.94,0.09665,0.9673371652196892,1.3296703083163257,-0.36233314309663656,42.289272866046986,34.87148039463939,57.124857808862174,58.88683438938777,56.55593533846154,35.779399999999995,36.7838,36.7616,42.11570934752605,31.407490652473957
2023-07-04,988,37.299,37.982,38.824,37.17,76806385,2952872385.11,0.07639,1.0103042290984803,1.2657970924727566,-0.25549286337427635,57.17947807506741,42.30747962144873,86.92347498230477,60.82259645042214,57.48181486069915,36.373599999999996,36.417300000000004,37.0473,41.98544919942605,32.10915080057395
2023-07-05,988,37.784,39.715,41.587,37.645,137442976,5541483096.5,0.13669,1.1706994588713258,1.2467775657524705,-0.07607810688114469,64.68508950485332,49.766682915916924,94.52190268272612,70.29635373192592,62.41459752122208,37.5106,36.640100000000004,37.258250000000004,42.27716898090065,32.23933101909936
2023-07-06,988,39.735,42.637,43.687,39.735,148492827,6355758357.74,0.14768,1.5161179499027853,1.3006456425825335,0.2154723073202518,73.36485354504946,57.63273979229443,104.8290810505595,80.05490892031682,69.02463478116283,39.1308,37.1551,37.6945,42.99748094918048,32.39151905081952
2023-07-07,988,41.597,40.26,42.588,39.616,108091189,4443116032.48,0.1075,1.579849041737674,1.3564863224135617,0.22336271932411234,72.15195183333097,62.472477139306605,91.5109012213797,60.61527594915282,59.70622422423781,39.653800000000004,37.4324,37.90345,43.26771458294073,32.53918541705927
2023-07-10,988,40.934,39.22,41.201,38.458,69686882,2774838147.62,0.06931,1.528813868198199,1.3909518315704894,0.13786203662770968,68.28092430820416,64.40862619560579,76.02552053340091,53.76112247587656,56.09187275534792,39.9628,37.8711,38.0817,43.36773232361651,32.79566767638349
2023-07-11,988,39.23,42.697,43.142,38.893,135705481,5606294346.25,0.13496,1.7487741867276796,1.4625163026019277,0.2862578841257519,75.52196246287386,68.11307161802847,90.33974415256463,68.19126758003469,64.03289136121643,40.9058,38.639700000000005,38.4348,43.970259191716686,32.89934080828332
2023-07-12,988,42.37,41.726,44.717,41.716,140488756,6101955600.05,0.13972,1.8237200296014606,1.5347570480018344,0.2889629815996262,74.47964702570302,70.23526342058665,82.96841423593577,61.73487709822258,60.68905676144327,41.30800000000001,39.4093,38.6844,44.34570892062424,33.02309107937575
2023-07-13,988,41.874,41.884,42.766,39.904,110897368,4636292873.5,0.11029,1.8742591369287638,1.6026574657872206,0.2716016711415432,72.2857703495244,70.91876573023256,75.01977958810807,62.42946546023405,61.05011253978022,41.1574,40.1441,38.8899,44.70826467891494,33.07153532108506
2023-07-14,988,41.993,42.429,43.776,41.686,107958499,4666942558.68,0.10737,1.9359720086304506,1.6693203743558669,0.2666516342745837,71.41828619123366,71.08527255056626,72.08431347256845,65.05506950166065,62.35129689251189,41.5912,40.6225,38.97455,44.95306111459796,32.996038885402044
2023-07-17,988,41.399,44.866,45.945,40.993,125542191,5631107428.35,0.12486,2.1566647484693107,1.7667892491785557,0.38987549929075493,76.61219079415577,72.92757863176276,83.98141511894178,74.58535927395846,67.62682047061753,42.7204,41.3416,39.0627,45.34193901188861,32.783460988111386
2023-07-18,988,44.757,42.736,44.945,42.716,75633233,3352351021.32,0.07522,2.1350802597565277,1.8404474512941504,0.29463280846237727,70.1211408642397,71.99209937592174,66.37922384087565,57.99612850768289,59.65633536603437,42.7282,41.81699999999999,39.117149999999995,45.50862841475809,32.7256715852419
2023-07-19,988,43.182,43.736,44.766,42.34,81273104,3566377391.0,0.08083,2.1736100163518373,1.907079964305688,0.2665300520461493,70.24593576871578,71.41004484018642,67.91771762577451,62.673401517469905,61.95298792270937,43.1302,42.219100000000005,39.4296,46.0908171923916,32.768382807608404
2023-07-20,988,43.162,39.359,43.281,39.359,110219004,4513479128.6,0.10962,1.8298642699082706,1.8916368254262046,-0.061772555517934036,50.84202137931305,64.55403701989529,23.41799009814858,39.54475963001517,48.71198482238012,42.6252,41.8913,39.5232,46.12179936015154,32.924600639848464
2023-07-21,988,37.636,38.032,38.794,37.338,84964412,3267987495.94,0.0845,1.4338370979663466,1.800076879934233,-0.3662397819678864,36.58241570905443,55.230163249615,-0.7130793720667157,34.863968059588856,45.49599451941136,41.745799999999996,41.6685,39.55045,46.11807241606526,32.982827583934736
2023-07-24,988,38.012,39.052,39.805,37.754,67726148,2661219105.35,0.06736,1.1885868966105377,1.677778883269494,-0.48919198665895625,31.02628496245935,47.162203820563114,-1.2455527537481856,41.27547837771733,48.35506243156642,40.583000000000006,41.6517,39.761399999999995,45.95118827628748,33.57161172371251
2023-07-25,988,39.616,38.893,40.013,38.131,69857299,2755458091.54,0.06947,0.970210392453005,1.5362651851061961,-0.5660547926531911,26.706419942828518,40.34360919465158,-0.5679585608176012,40.52922628988419,47.92753239236992,39.8144,41.2713,39.9555,45.74884185895668,34.16215814104332
2023-07-26,988,38.626,37.636,38.626,36.229,77013636,2903613418.32,0.07659,0.6877876568030601,1.366569679445569,-0.678782022642509,22.63136929906148,34.43952922945488,-0.9849505617253129,34.59544232148869,44.5318857767554,38.5944,40.8623,40.135799999999996,45.347966237200545,34.92363376279945
2023-07-27,988,37.665,36.615,37.933,36.487,47944269,1796460984.51,0.04768,0.3772309532960918,1.1687019342156737,-0.7914709809195819,16.41185564084544,28.430304699918395,-7.625042477300468,30.27507775560872,41.90134860040636,38.0456,40.33540000000001,40.23975,45.0490365375233,35.4304634624767
2023-07-28,988,36.427,36.081,37.239,36.081,53203752,1960216268.05,0.05291,0.08702007786132526,0.952365562944804,-0.8653454850834787,10.94123709389696,22.60061549791125,-12.377519714131616,28.07462413436778,40.535164054586545,37.6554,39.700599999999994,40.16155,45.194160392022965,35.12893960797703
2023-07-31,988,35.516,35.635,36.546,34.694,56310231,2033337785.87,0.056,-0.17692314452046531,0.7265078214517502,-0.9034309659722155,10.40840217167924,18.536544389167247,-5.847882263296775,26.168379520157927,39.36571404106234,36.972,38.7775,40.059549999999994,45.378882940965894,34.740217059034094
2023-08-01,988,35.457,36.219,36.625,34.476,76601015,2757464480.37,0.07618,-0.33511315471108816,0.5141836262191826,-0.8492967809302707,13.537458347275095,16.870182375203196,6.872010291418896,33.28608984584008,41.76562801117367,36.4372,38.125800000000005,39.9714,45.49037951665578,34.45242048334423
2023-08-02,988,36.417,36.407,36.764,35.536,53863199,1970937480.35,0.05357,-0.440235092556037,0.3232998824641386,-0.7635349750201756,20.649799153435925,18.130054634614105,25.68928819107957,35.68139459782381,42.563981624111676,36.1914,37.392900000000004,39.806,45.550983239405966,34.06101676059403
2023-08-03,988,35.724,35.358,36.487,35.051,50002602,1796526339.69,0.04973,-0.601259572718817,0.13838799142754743,-0.7396475641463645,19.07626728223161,18.445458850486606,20.33788414572161,28.76592586361565,39.28562799341123,35.94,36.9928,39.44205,45.35179048677736,33.53230951322264
2023-08-04,988,35.16,36.705,36.913,35.07,79580582,2907742484.77,0.07915,-0.6131134010774701,-0.011912287073456134,-0.601201114004014,26.136330376463352,21.009082692478852,36.390825744432355,45.14732427237113,45.19835483984475,36.0648,36.8601,39.264300000000006,45.283294568950495,33.245305431049516
2023-08-07,988,37.239,37.14,38.21,36.665,92432912,3490744332.13,0.09193,-0.5807126865313776,-0.12567236696504047,-0.45504031956633717,38.821810612421366,26.946658665793024,62.57211450567806,49.63569708920103,47.01617064152121,36.3658,36.668899999999994,39.1603,45.253933816922356,33.06666618307764
2023-08-08,988,36.843,38.16,38.626,36.724,83071461,3180672423.69,0.08262,-0.4673421815561625,-0.19400632988326488,-0.2733358516728976,55.4715685207307,36.454961950772244,93.50478166064761,59.06144422025612,51.16025987232277,36.754000000000005,36.595600000000005,38.93345,44.80652696545074,33.06037303454926
2023-08-09,988,37.586,34.347,37.754,34.347,113911725,4083108669.19,0.11329,-0.677364239691741,-0.29067791184496017,-0.3866863278467808,36.98104568048713,36.630323194010536,37.68249065344031,32.106656413285265,38.788231050262766,36.342,36.2667,38.564499999999995,44.62310176677951,32.50589823322048
2023-08-10,988,33.377,33.704,34.446,33.07,54023918,1847263554.11,0.05373,-0.8854856329353851,-0.4096394560630452,-0.4758461768723399,28.45772615800174,33.9061241820076,17.56093010999001,29.392162863863163,37.13612655495495,36.011199999999995,35.9756,38.1555,44.37290126791883,31.938098732081176
2023-08-11,988,34.06,33.02,34.308,32.981,39854653,1351417156.02,0.03964,-1.0930168027651845,-0.5463149254034732,-0.5467018773617114,19.20210973273338,29.004786032249527,-0.4032428662989105,26.529030135666602,35.38702401877468,35.2742,35.66949999999999,37.685050000000004,43.964514726601664,31.405585273398344
2023-08-14,988,32.466,33.525,33.565,32.367,41155154,1381212652.0,0.04093,-1.2028715164179857,-0.6776262436063757,-0.52524527281161,18.968525836627606,25.65936596704222,5.586845575798378,32.36605048515426,37.74854605730882,34.5512,35.4585,37.118,42.6736424802559,31.5623575197441
2023-08-15,988,34.278,33.872,34.813,33.614,52770987,1822939934.37,0.05248,-1.247551175075671,-0.7916112299002348,-0.4559399451754361,20.660808777914717,23.99318023733305,13.996065859078051,36.52422569167265,39.40855424896587,33.693599999999996,35.2238,36.6748,41.735600710518234,31.613999289481765
2023-08-16,988,33.624,33.05,34.021,32.921,40303909,1356752101.31,0.04008,-1.3339121478123204,-0.900071413482652,-0.4338407343296684,17.411301287848772,21.799220587504955,8.635462688536407,31.090589243286814,36.867930268754854,33.4342,34.888099999999994,36.1405,40.22447878751164,32.05652121248836
2023-08-17,988,32.584,33.466,33.842,32.367,39151253,1311831515.22,0.03894,-1.3531874153659587,-0.9906946138593135,-0.3624928015066452,17.460439341816652,20.35296017227552,11.675397680898918,36.80045949419969,39.03773696364495,33.3866,34.698899999999995,35.84585,39.80039511456891,31.891304885431087
2023-08-18,988,33.377,32.188,33.634,32.159,42544939,1407255017.18,0.04231,-1.4548168994565245,-1.0835190709787559,-0.3712978284777686,11.789769725635633,17.49856335672889,0.3721824634491142,28.189465081868164,35.005605398805656,33.2202,34.2472,35.55365,39.68760507194322,31.419694928056778
2023-08-21,988,29.276,30.772,31.485,29.276,68856214,2129988876.63,0.06848,-1.6308192941205633,-1.1929791156071174,-0.4378401785134458,13.741736866709038,16.246287860055606,8.732634880015901,21.500460734886147,31.12038243800724,32.669599999999996,33.610400000000006,35.13965,39.45299112895559,30.82630887104442
2023-08-22,988,31.089,31.267,31.574,30.188,58152257,1805940892.33,0.05783,-1.7106408934257757,-1.2965114711708492,-0.41412942225492655,21.147191262533006,17.879922327548073,27.681729132502873,28.606930156071414,33.917404874052565,32.1486,32.9211,34.75835,39.02265270847142,30.49404729152858
2023-08-23,988,31.099,30.307,31.158,30.307,32671916,1008637129.59,0.03249,-1.830265896944951,-1.4032623563256696,-0.42700354061928136,20.304857988157867,18.688234214418003,23.538105535637598,23.628710214993305,31.233993060656715,31.6,32.5171,34.39190000000001,38.86928772053561,29.914512279464404
2023-08-24,988,30.812,30.089,30.97,29.97,40478220,1242839435.3,0.04026,-1.920521772671428,-1.5067142395948214,-0.41380753307660667,18.43091911148396,18.60246251343999,18.0878323075719,22.558945836182218,30.633598771029128,30.924599999999998,32.1556,34.0656,38.80438942569257,29.326810574307437
2023-08-25,988,29.514,28.851,30.108,28.583,58876040,1730301941.98,0.05855,-2.068106612369707,-1.6189927141497988,-0.4491138982199083,13.721201291016062,16.97537543929868,7.212852994450827,17.239951261622153,27.373759396354586,30.2572,31.738699999999994,33.7041,38.87859546587093,28.529604534129064
2023-08-28,988,30.722,29.148,30.802,29.118,50452835,1514880347.78,0.05018,-2.1364752860664247,-1.7224892285331244,-0.4139860575333003,12.610750597100084,15.520500491899147,6.791250807501957,22.500450641065925,29.341584255519564,29.9324,31.301,33.37975,38.8494518055931,27.910048194406908
2023-08-29,988,29.296,30.415,30.792,28.821,61097068,1851193110.53,0.06076,-2.064621964477624,-1.7909157757220242,-0.2737061887555996,20.019007085016085,17.020002689604794,26.017015875838666,41.52709888863461,37.25365299833497,29.762,30.9553,33.089549999999996,38.54082432615076,27.63827567384923
2023-08-30,988,30.505,31.138,31.762,30.178,62205175,1950823575.67,0.06186,-1.9271229579396376,-1.818157212165547,-0.10896574577409068,30.20735231128045,21.41578589683001,47.79048514018133,49.942506230449304,41.342491977610024,29.928200000000004,30.764100000000003,32.826100000000004,38.108998243638126,27.543201756361885
2023-08-31,988,30.831,31.148,31.743,30.604,46551190,1470214472.82,0.0463,-1.7966365800772373,-1.8138530857478852,0.01721650567064792,47.03348495282804,29.95501891549602,81.19041702749207,50.06179412820871,41.400110036792235,30.140000000000004,30.532300000000003,32.6156,37.80845162101691,27.422748378983094
2023-09-01,988,31.02,30.524,31.247,30.247,36911483,1142104067.86,0.03671,-1.7237069497852957,-1.7958238585553672,0.07211690877007149,51.70796868303248,37.2060021713415,80.71190170641445,42.481397734874285,38.80533559872824,30.474600000000002,30.3659,32.30655,37.20184253897134,27.41125746102866
2023-09-04,988,30.703,31.079,31.099,30.307,37767555,1170386046.04,0.03756,-1.6026514622370769,-1.7571893792917095,0.1545379170546326,60.64373124533087,45.01857852933796,91.8940366773167,50.48383292413937,42.31341869374892,30.8608,30.396599999999996,32.003499999999995,36.35965298653622,27.647347013463772
2023-09-05,988,30.96,30.623,30.96,30.227,34468685,1064060217.43,0.03428,-1.5259196533347783,-1.7109354341003231,0.1850157807655448,61.81952849510473,50.61889518459354,84.2207951161271,44.39417451521151,40.24549726918518,30.9024,30.3322,31.62665,34.912962813057575,28.340337186942424
2023-09-06,988,30.376,30.891,31.039,30.237,32108949,992625494.17,0.03193,-1.4270338240998193,-1.6541551121002225,0.2271212880004032,65.41350132870667,55.55043056596458,85.13964285419085,48.75383971946742,42.06095346137789,30.852999999999998,30.3906,31.45385,34.491958017552875,28.415741982447127
2023-09-07,988,30.693,30.207,30.831,30.108,30180641,925095608.08,0.03002,-1.3878607804074719,-1.6008962457616724,0.2130354653542006,59.317943422356635,56.806268184761926,64.34129389754607,39.313684262198564,38.78046845923149,30.664800000000003,30.4024,31.278999999999996,34.170839188948804,28.38716081105119
2023-09-08,988,30.148,29.712,30.326,29.593,27617091,833045380.58,0.02747,-1.3808407515270602,-1.5568851469147502,0.17604439538769,49.64390153125938,54.41881263359441,40.09407932658931,33.65461185943627,36.53110609951173,30.5024,30.488500000000005,31.113599999999998,33.964278619114566,28.262921380885427
2023-09-11,988,29.722,31.594,32.287,29.653,78669551,2468798436.95,0.07824,-1.2094735978284206,-1.4874028370974846,0.277929239269064,57.85465744251741,55.56409423656874,62.43578385441474,59.95438999187253,48.83910587153342,30.605399999999996,30.7331,31.01705,33.6460280664143,28.388071933585696
2023-09-12,988,31.208,33.476,34.268,31.138,121092073,4054547190.95,0.12043,-0.9112973537872833,-1.3721817404354444,0.4608843866481611,66.25604613814885,59.12807820376211,80.51198200692231,72.86309962371053,57.7723979011028,31.176,31.0392,30.99725,33.54025285613663,28.45424714386337
2023-09-13,988,32.981,32.159,33.129,31.733,70850610,2314594655.63,0.07046,-0.7723581614042025,-1.2522170246291962,0.4798588632249936,62.46659760368567,60.240918003736624,66.91795680358376,57.34127799688702,50.97717252380525,31.4296,31.1413,30.9527,33.372521141716476,28.532878858283524
2023-09-14,988,32.198,32.347,32.941,31.97,58300655,1909063062.47,0.05798,-0.6397037153900627,-1.1297143627813695,0.49001064739130684,61.280762038820754,60.587532682097994,62.66722075226629,58.84314190172269,51.858951324382204,31.8576,31.261199999999995,30.896749999999997,33.11526423728943,28.678235762710564
2023-09-15,988,32.386,31.208,32.386,31.138,46477963,1484459452.98,0.04622,-0.61934249739733,-1.0276399897045616,0.40829749230723156,52.36899287436533,57.848019412853766,41.41093979738845,46.85117662187992,46.348905441389356,32.1568,31.3296,30.847749999999998,32.98809457383388,28.70740542616612
2023-09-18,988,30.802,30.653,31.416,30.584,34174890,1065825295.87,0.03399,-0.6406054462930868,-0.9502330810222667,0.30962763472917987,42.47059418005816,52.72221100192189,21.967360536330688,41.862655784802406,43.87109661752614,31.9686,31.287,30.8418,32.98369228683992,28.69990771316008
2023-09-19,988,30.415,29.732,30.623,29.168,47949182,1442436726.41,0.04769,-0.7234341903419725,-0.9048733028862079,0.1814391125442354,32.00000396317603,45.81480865567327,4.370394578181546,34.53926411307259,39.99992278327853,31.2198,31.197899999999997,30.765049999999995,32.952316352033996,28.57778364796599
2023-09-20,988,29.811,29.821,31.02,29.732,39377596,1207222642.16,0.03916,-0.7729845261028707,-0.8784955475295404,0.10551102142666968,25.601309831659847,39.07697571433546,-1.3500219336913801,35.840799707459766,40.55290827043219,30.7522,31.090899999999998,30.74075,32.960007711370395,28.5214922886296
2023-09-21,988,29.712,29.653,30.425,29.564,30663813,927733153.17,0.0305,-0.8163987831679336,-0.866076194657219,0.049677411489285395,20.2374745282961,32.79714198565567,-4.8818603864230425,34.2961804564367,39.797595898951485,30.2134,31.035500000000003,30.71895,32.973450292398375,28.464449707601627
2023-09-22,988,29.465,32.614,32.614,29.465,100455534,3239698079.42,0.09991,-0.6049039841941948,-0.8138417525646141,0.20893776837041933,36.01452550252417,33.869603157945164,40.30437019168218,65.62699269472955,55.67208033913047,30.494600000000002,31.325699999999994,30.907100000000003,33.133124722046276,28.68107527795373
2023-09-25,988,33.476,33.09,33.803,32.783,114115077,3838907310.22,0.11349,-0.3943379281983148,-0.7299409876913543,0.3356030594930395,52.21536507791439,39.98485713126824,76.6763809712067,68.52253905061266,57.63132116964336,30.982000000000006,31.475299999999997,31.104200000000002,33.3720895916696,28.83631040833041
2023-09-26,988,33.09,33.139,33.941,32.832,70766409,2385593967.76,0.07038,-0.22096181107108137,-0.6281451523672997,0.40718334129621836,62.5426269316133,47.504113731383256,92.61965333207337,68.84671974422953,57.84057951817085,31.663400000000003,31.4416,31.2404,33.65636404643933,28.824435953560673
2023-09-27,988,32.604,33.08,33.733,32.515,51845826,1736609320.31,0.05156,-0.08731429125833046,-0.5199789801455059,0.43266468888717546,69.01542822048887,54.67455189441846,97.6971808726297,67.83725101175887,57.467753182731826,32.315200000000004,31.5337,31.3375,33.88846534875125,28.78653465124875
2023-09-28,988,33.565,33.347,33.832,33.099,50412582,1699926305.33,0.05014,0.03968948399391792,-0.40804528731762113,0.44773477131153905,75.19528443276673,61.51479607386788,102.55626115056442,70.20933626657653,58.779456072682805,33.053999999999995,31.633699999999997,31.447449999999996,34.149132319943995,28.745767680055998
2023-09-29,988,33.347,33.347,33.347,33.347,0,0.0,0.0,0.1387415645021619,-0.29868791695366453,0.43742948145582644,79.31518857428529,67.44826024067368,103.04904524150851,70.20933626657653,58.77945607268281,33.2006,31.8476,31.588599999999996,34.3806084753308,28.796591524669193
2023-10-02,988,33.347,33.347,33.347,33.347,0,0.0,0.0,0.21476537043309918,-0.19599725947631177,0.4107626299094109,81.78653322289259,72.22768456807998,100.9042305325178,70.20933626657653,58.77945607268281,33.252,32.117000000000004,31.702000000000005,34.589461678944275,28.814538321055736
2023-10-03,988,33.347,33.347,33.347,33.347,0,0.0,0.0,0.27188071273872794,-0.10242166503330383,0.3743023777720318,83.43409632196412,75.96315515270803,98.3759786604763,70.20933626657653,58.77945607268281,33.293600000000005,32.478500000000004,31.8382,34.768031725004924,28.908368274995073
2023-10-04,988,33.347,33.347,33.347,33.347,0,0.0,0.0,0.3135308445993843,-0.01923116310676619,0.3327620077061505,84.53247172134515,78.81959400892039,95.95822714619467,70.20933626657653,58.779456072682805,33.347,32.831100000000006,31.961000000000002,34.92929860889739,28.992701391102614
2023-10-05,988,33.347,33.347,33.347,33.347,0,0.0,0.0,0.3425897132127318,0.05313301215713344,0.28945670105559834,75.80332149351948,77.81416983712009,71.78162480631823,70.20933626657653,58.77945607268281,33.347,33.2005,32.118,35.027251450116204,29.2087485498838
2023-10-06,988,33.347,33.347,33.347,33.347,0,0.0,0.0,0.3614524767905678,0.11479690508382034,0.24665557170674746,69.98388800830236,75.20407589418085,59.54351223654538,70.20933626657653,58.779456072682805,33.347,33.2738,32.29975,35.02444130071899,29.575058699281016
2023-10-09,988,33.506,33.466,34.219,33.08,61932084,2099605884.68,0.06159,0.3816047562114804,0.16815847530935238,0.213446280902128,65.25921172384477,71.88912117073548,51.99939283006336,73.34843044410987,59.795579770292186,33.3708,33.311400000000006,32.39335,35.144447945414946,29.642252054585047
2023-10-10,988,33.179,33.298,33.614,32.862,42459258,1424485363.29,0.04223,0.3796430975673317,0.2104553997609483,0.16918769780638343,54.21604043687417,65.99809425944838,30.651932791725756,62.238163330691414,57.60847240960219,33.361000000000004,33.3273,32.38445,35.121918709747256,29.646981290252747
2023-10-11,988,33.624,33.387,34.169,33.01,57662356,1954156146.82,0.05735,0.3808794835576208,0.2445402165202828,0.136339267037338,49.040121283634576,60.34543660084377,26.429490649216206,65.554984320946,58.48600812848179,33.36900000000001,33.358000000000004,32.44585,35.216907960609234,29.674792039390763
2023-10-12,988,33.575,32.594,33.575,32.545,41700374,1382751009.74,0.04147,0.31424839584565234,0.2584818523853567,0.05576654346029564,33.66912107877509,51.45333142682087,-1.8992996173164585,33.806101743758106,48.68909644943437,33.2184,33.282700000000006,32.4582,35.229604629615785,29.68679537038421
2023-10-13,988,32.555,31.98,32.802,31.852,36164135,1177066917.87,0.03597,0.20948331691638344,0.24868214529156205,-0.0391988283751786,24.24864373847645,42.38510219737273,-12.024273179316111,23.314775461696712,42.6540425263732,32.945,33.146,32.4968,35.215899045834085,29.77770095416592
2023-10-16,988,31.792,30.851,31.792,30.594,41413248,1301641565.16,0.04119,0.0349524622918409,0.20593620869161783,-0.17098374639977693,18.528980883122212,34.433061759289224,-13.279180869211814,13.83858472636446,34.16051684533191,32.422,32.8964,32.5067,35.19884147591076,29.814558524089243
2023-10-17,988,31.198,30.594,31.237,30.059,29364922,904535593.75,0.0292,-0.12268797893584349,0.14021137116612556,-0.2628993501019691,16.63951289644045,28.5018788050063,-7.085218920691247,12.45568525903903,32.55091398048155,31.8812,32.6211,32.549800000000005,35.077479659917586,30.022120340082424
2023-10-18,988,30.207,29.217,30.356,28.445,44385258,1310976842.17,0.04414,-0.35464344737421527,0.04124040745805736,-0.3958838548322726,15.549768786981534,24.184508798998042,-1.7197112370514773,7.583316311427367,25.52187110700885,31.047199999999997,32.2081,32.519600000000004,35.194689641390895,29.84451035860911
2023-10-19,988,29.029,28.89,29.564,28.841,32215249,948406519.74,0.03204,-0.5584188890581352,-0.07869145184518118,-0.479727437212954,12.935499939502527,20.4348391791662,-2.0631785398248184,6.822765798889762,24.16977375185465,30.306400000000004,31.762400000000003,32.48145,35.34387403530608,29.61902596469393
2023-10-20,988,28.761,27.296,28.88,27.197,49102707,1375403641.11,0.04883,-0.8388649600178084,-0.2307261534797067,-0.6081388065381017,9.096988485199047,16.655555614510483,-6.0201457734238275,4.300065080282536,18.857230420433453,29.3696,31.1573,32.21555,35.8969757807201,28.534124219279906
2023-10-23,988,27.137,26.196,27.415,26.038,35589789,950754598.78,0.0354,-1.1367772382908576,-0.4119363704419369,-0.7248408678489207,6.7123857970035266,13.341165675341497,-6.5451739596724146,3.2920672813508247,16.179917509204273,28.438599999999997,30.4303,31.870849999999997,36.40075560027156,27.340944399728436
2023-10-24,988,26.612,26.563,27.157,26.315,34569417,932384272.41,0.03438,-1.327953214279244,-0.5951397392093984,-0.7328134750698456,6.796802596259829,11.159711315647607,-1.9290148425157305,11.589487555925771,20.298517048758498,27.6324,29.7568,31.54205,36.60737257922259,26.476727420777408
2023-10-25,988,26.771,26.256,26.979,26.196,35164853,943450766.19,0.03497,-1.487091620375228,-0.7735301154425644,-0.7135615049326636,5.605516731825496,9.308313121040236,-1.8000760466039836,10.670481130335247,19.427398994983164,27.0402,29.043699999999994,31.200850000000003,36.728232107100794,25.67346789289921
2023-10-26,988,25.751,27.444,27.821,25.572,64430057,1756439932.51,0.06408,-1.5000565639504266,-0.9188354051441371,-0.5812211588062896,13.76916549538634,10.795263912488936,19.716968661181145,34.711396715606796,31.785603339663922,26.750999999999998,28.528699999999997,30.905700000000003,36.579044288030616,25.232355711969387
2023-10-27,988,27.236,27.325,27.553,26.81,44584845,1223659433.54,0.04434,-1.5026124990711587,-1.0355908239295415,-0.4670216751416172,19.494242133729166,13.694923319569012,31.092879762049474,33.623686752788245,31.261642460836114,26.7568,28.063200000000002,30.604600000000005,36.37084863549251,24.838351364507506
2023-10-30,988,27.226,27.979,28.058,26.979,46272396,1286063679.39,0.04602,-1.4353202830082452,-1.1155367157452822,-0.319783567262963,29.76734313931999,19.05239659281934,51.197236232321295,44.991628474959896,37.44403373024959,27.113400000000002,27.776,30.336199999999998,36.064577325120155,24.607822674879845
2023-10-31,988,28.038,27.88,28.514,27.454,44854093,1265091786.85,0.04461,-1.3741389709018783,-1.1672571667766014,-0.2068818041252769,39.11677251372167,25.74052189978678,65.86927374159146,43.63414705168704,36.89603066202594,27.376799999999996,27.5046,30.062849999999997,35.70743855057359,24.4182614494264
2023-11-01,988,27.692,27.751,28.207,27.543,27392131,769349552.95,0.02724,-1.3208357893837643,-1.197972891298034,-0.12286289808573025,48.034720571421076,33.171921456998206,77.76031880026682,41.668325931579574,36.14409481113721,27.6758,27.357999999999997,29.783050000000003,35.29542465211379,24.27067534788622
2023-11-02,988,27.969,27.365,28.138,27.325,28348526,792599936.26,0.02819,-1.2948138005660574,-1.2173410731516388,-0.07747272741441869,52.33812552030835,39.56065614476825,77.89306427138855,35.866262541247835,33.889578081250775,27.660000000000004,27.2055,29.48395,34.82871257067099,24.139187429329013
2023-11-03,988,27.593,28.336,28.692,27.523,48274125,1374707528.61,0.04801,-1.1822118002038557,-1.2103152185620822,0.028103418358226495,64.42199821012008,47.847770166552195,97.57045429725585,54.84586511023404,43.55198399310241,27.8622,27.309500000000003,29.2334,34.27699814752203,24.18980185247797
2023-11-06,988,28.573,29.059,29.197,28.306,45555811,1323874304.68,0.04531,-1.0228431469262986,-1.1728208042349255,0.1499776573086269,75.0123666228387,56.90263565198103,111.23182856455404,64.28877122654731,49.542308561560226,28.0782,27.595799999999997,29.013050000000003,33.64643845997787,24.379661540022134
2023-11-07,988,28.811,30.118,30.822,28.504,72129132,2144376641.18,0.07173,-0.8018467018008479,-1.09862598374811,0.2967792819472621,78.87173647871785,64.2256692608933,108.16387091436695,73.88720566682686,56.8578961635596,28.525800000000004,27.951299999999996,28.85405,33.06753384294284,24.64056615705717
2023-11-08,988,29.782,29.811,30.277,29.465,49107392,1477768227.81,0.04884,-0.6440535131492702,-1.0077114896283421,0.36365797647907194,77.51469038760652,68.6553429697977,95.23338522322416,67.56935916032737,54.36517552521252,28.9378,28.3068,28.67525,32.347553099232826,25.00294690076717
2023-11-09,988,29.91,29.91,30.584,29.534,40465481,1224548629.6,0.04024,-0.5051892939704139,-0.9072070504967564,0.40201775652634253,77.0993069927265,71.4699976441073,88.3579256899649,68.60807288631639,55.05831016189838,29.446799999999996,28.5534,28.541050000000002,31.781108834749002,25.300991165251002
2023-11-10,988,29.593,29.683,30.406,29.504,29432346,888198571.31,0.02927,-0.40874366020954156,-0.8075143724393136,0.398770712229772,73.87594634516529,72.27198054445995,77.08387794657597,63.05149228417752,53.04305979433322,29.716200000000004,28.7892,28.4262,31.294512293061864,25.55788770693814
2023-11-13,988,29.93,30.534,31.049,29.93,46134920,1425203341.63,0.04588,-0.26063675444008183,-0.6981388488394673,0.4375020943993855,77.97422559781515,74.17272889557835,85.57721900228876,72.91857650847057,59.1569368436593,30.011199999999995,29.044699999999995,28.41035,31.22525074799381,25.59544925200619
2023-11-14,988,30.475,30.307,30.792,30.158,32926624,1011287756.32,0.03275,-0.15973662308862657,-0.5904584036892991,0.43072178060067257,78.67454638851837,75.67333472655835,84.67696971243839,67.17628228729072,56.99741822309379,30.049,29.287399999999998,28.395999999999997,31.16660700170526,25.625392998294735
2023-11-15,988,30.693,30.356,30.96,30.267,31701045,976579285.39,0.03153,-0.07495462133932662,-0.48735764721930463,0.412403025879978,79.23169797048891,76.85945580786853,83.97618229572967,67.83245274788476,57.363929406943285,30.157999999999998,29.5479,28.452949999999998,31.33903067691942,25.566869323080574
2023-11-16,988,30.009,29.722,30.425,29.712,29046581,880387480.12,0.02889,-0.05825129095067538,-0.40153637596557873,0.34328508501490335,70.02856909297634,74.58249356957113,60.920720139786766,51.76521125924737,51.20396716487853,30.1204,29.7836,28.494549999999997,31.43070598861456,25.558394011385435
2023-11-17,988,29.752,30.742,30.97,29.712,58138111,1788860924.91,0.05782,0.036866717655250625,-0.3138557572414129,0.3507224748966635,75.99808993886703,75.05435902600308,77.88555176459491,66.90113812519719,58.942087768824166,30.3322,30.024199999999997,28.66685,31.709375631947264,25.624324368052736
2023-11-20,988,30.435,30.663,30.792,30.267,35401117,1091079390.1,0.03521,0.1046672461339071,-0.2301511565663489,0.334818402700256,75.87583100301575,75.32818301834064,76.97112697236597,65.00528167729925,58.16277537785832,30.357999999999997,30.1846,28.890200000000004,31.822861130316053,25.957538869683955
2023-11-21,988,30.693,31.842,32.971,30.376,83501391,2670774218.72,0.08304,0.25064581122535046,-0.13399176300800902,0.3846375742333595,73.06249516151439,74.57295373273189,70.0415780190794,76.78632591008723,65.5734092655866,30.665000000000003,30.357,29.154150000000005,32.154369379698636,26.153930620301377
2023-11-22,988,31.445,30.465,31.485,30.465,50250100,1564635542.8,0.04998,0.2523139655137996,-0.05673061730364728,0.30904458281744684,57.9478263099645,69.03124459180941,35.780989746274656,52.17075983145591,53.4994318928938,30.686799999999998,30.4224,29.364599999999996,32.08642302684746,26.64277697315253
2023-11-23,988,30.207,30.515,30.633,29.861,28579895,874602566.82,0.02842,0.25473415516413667,0.00556233718990953,0.24917181797422713,46.84503752565702,61.635842236425276,17.26342810412052,52.82964898428645,53.836136737091856,30.8454,30.4829,29.518150000000002,32.12795687125821,26.90834312874179
2023-11-24,988,30.861,29.97,31.198,29.93,35288456,1089976893.06,0.0351,0.21025157833560826,0.04650018541904929,0.16375139291655896,33.868871288967206,52.380185253939246,-3.153756640976866,44.76374522838513,49.568278358970275,30.691000000000003,30.511600000000005,29.650399999999998,32.05202869298124,27.24877130701876
2023-11-27,988,29.514,30.019,30.475,29.395,30406804,918324421.47,0.03024,0.17691335912994788,0.07258282016122901,0.10433053896871887,28.39580233582153,44.38539094790001,-3.5833748883354275,45.65887248089975,49.95738109137302,30.562199999999997,30.4601,29.7524,32.02495269408034,27.47984730591966
2023-11-28,988,29.871,29.514,30.089,29.118,26658722,794808159.02,0.02651,0.10849266477645259,0.07976478908427373,0.028727875692178856,22.356436785175255,37.04240622699176,-7.015502098457745,38.03580576590187,45.96973721198207,30.096600000000002,30.3808,29.8341,31.934165653109876,27.734034346890123
2023-11-29,988,29.465,29.138,29.801,29.138,22010654,654279833.62,0.02189,0.023656022023409662,0.06854303567210092,-0.04488701364869126,15.077316538330377,29.720709664104632,-14.209469713218134,33.09849466419607,43.17080804273253,29.831200000000003,30.259000000000004,29.90345,31.795142138634564,28.011757861365435
2023-11-30,988,29.227,29.306,29.316,28.662,22498919,658698754.75,0.02238,-0.029679308019829875,0.048898566933714756,-0.07857787495354462,15.033365353703985,24.824928227304415,-4.549760393496875,37.45176478207969,44.808755886894716,29.5894,30.217399999999998,30.0005,31.502969195762066,28.49803080423793
2023-12-01,988,29.118,30.475,30.762,28.93,52890863,1604945646.43,0.0526,0.02212553947357776,0.04354396144168736,-0.0214184219681096,24.0471526741101,24.565669709572973,23.010118603184367,59.47198094689086,54.71626758127579,29.6904,30.190700000000003,30.10745,31.401040592519912,28.813859407480088
2023-12-04,988,30.316,30.653,31.208,30.138,41053557,1276013603.88,0.04083,0.07666067025075662,0.05016730320350122,0.026493367047255405,39.54070421514058,29.557347878095506,59.507416889230726,61.921459008830084,56.02747050973273,29.817200000000003,30.1897,30.187149999999995,31.402826077875666,28.971473922124325
2023-12-05,988,30.406,29.168,30.465,29.168,32511708,976139296.8,0.03233,5.246023003024902e-05,0.04014433460880703,-0.04009187437877678,32.98524035919034,30.699978705127116,37.555763667316796,38.57865721932034,44.34217501867953,29.748,29.9223,30.13965,31.438121534658798,28.8411784653412
2023-12-06,988,28.96,28.91,29.326,28.672,22701434,664073060.71,0.02258,-0.0805500115552178,0.01600546537600206,-0.09655547693121985,25.23708351780536,28.87901364268653,17.95322326804302,35.76756150788816,42.65600756866485,29.7024,29.7668,30.094599999999996,31.499259374331764,28.68994062566823
2023-12-07,988,28.92,29.336,29.831,28.861,31084833,922962087.11,0.03091,-0.1087992414547081,-0.00895547599013998,-0.09984376546456812,25.64902190006086,27.80234972847797,21.342366243226635,43.871287447131344,46.33202349729842,29.7084,29.648899999999998,30.0659,31.50936044738374,28.622439552616257
2023-12-08,988,29.435,32.268,32.268,29.435,101385874,3237170716.36,0.10083,0.10419978630443438,0.013675576468774903,0.09052420983565948,50.432681266707235,35.34579357455439,80.60645665101293,72.51281619840904,63.77012555263496,30.067,29.8787,30.19515,31.928143549355752,28.46215645064425
2023-12-11,988,32.079,32.743,32.822,31.871,103161649,3371540640.68,0.1026,0.3077836423971547,0.07249718965445089,0.23528645274270382,66.32210802395866,45.67123172435581,107.62386062316436,74.99351820643382,65.7376466087322,30.485000000000003,30.151100000000003,30.305600000000005,32.37788593840949,28.233314061590516
2023-12-12,988,32.733,32.208,32.862,31.762,56876151,1851594237.64,0.05656,0.42110109497809134,0.142217970719179,0.2788831242589124,72.35759582549622,54.56668642473595,107.93941462701676,66.84038207208584,61.62556072175666,31.093,30.420500000000004,30.400650000000002,32.640795039947946,28.16050496005206
2023-12-13,988,32.139,31.753,32.456,31.723,36670715,1189258187.07,0.03647,0.46878740574688393,0.20753185772472002,0.2612555480221639,72.74913707379937,60.62750330775708,96.99240460588396,60.16489458286679,58.245264044607914,31.6616,30.682,30.470499999999998,32.790480172329794,28.150519827670205
2023-12-14,988,31.99,31.337,32.188,31.277,34295628,1098365919.11,0.03411,0.4676209836341485,0.25954968290660574,0.20807130072754276,69.7006975877835,63.65190140109922,81.79828996115204,54.223421170099996,55.22397620480634,32.061800000000005,30.8851,30.551250000000003,32.873958117694386,28.22854188230562
2023-12-15,988,31.495,30.871,31.554,30.554,26857711,838755797.62,0.02671,0.4242043169232197,0.29248060970992856,0.13172370721329113,63.961165138076794,63.75498931342507,64.37351678738023,47.86895881206512,51.93206420786483,31.782399999999996,30.924699999999994,30.5577,32.883353012993446,28.232046987006555
2023-12-18,988,30.703,30.475,31.049,30.158,29082806,900296082.58,0.02892,0.3537644291363229,0.3047373735952075,0.049027055541115416,56.984452176378966,61.498143601076364,47.95706932698417,42.75907828399482,49.21253272917764,31.3288,30.9069,30.548299999999994,32.87368070227859,28.222919297721397
2023-12-19,988,30.406,30.386,30.455,29.643,27883539,847313328.79,0.02773,0.28744526429887785,0.30127895173594155,-0.013833687437063702,50.69479182832494,57.897026343492556,36.29032279798972,41.562517735830326,48.58868722194221,30.9644,31.028700000000004,30.4755,32.720110527698736,28.23088947230126
2023-12-20,988,30.326,29.168,30.386,29.158,32212898,962388420.86,0.03204,0.13504768199832995,0.26803269778841926,-0.1329850157900893,33.88652068612589,49.89352445770366,1.872513142970348,28.476004985712464,40.85641053077453,30.4474,31.054499999999997,30.410650000000004,32.73023020476102,28.091069795238987
2023-12-21,988,28.722,29.801,30.356,28.633,39460470,1173255134.01,0.03924,0.06460458837826266,0.22734707590638795,-0.16274248752812528,31.7972879296329,43.8614456150134,7.6689725588719,40.21547600795653,45.7509242180169,30.1402,31.101000000000006,30.374949999999995,32.70969637189053,28.04020362810946
2023-12-22,988,29.712,28.93,29.9,28.821,30211649,895867844.5,0.03005,-0.06080358569304778,0.1697169435865008,-0.23052052927954858,23.539170907924262,37.08735404598369,-3.5571953681945843,31.640455273095014,40.69556565910716,29.752,30.767200000000003,30.322950000000002,32.74052856020032,27.905371439799687
2023-12-25,988,29.069,29.257,29.584,28.771,20938500,617173454.75,0.02082,-0.1322794646868921,0.10931766193182221,-0.24159712661871433,21.13353394036002,31.769414010775797,-0.13822620047153578,37.63169566642511,43.263210819867965,29.5084,30.418599999999998,30.28485,32.746218491842484,27.823481508157514
2023-12-26,988,29.227,28.088,29.227,27.86,28708149,819880436.79,0.02855,-0.28002518794775,0.03144909195590775,-0.3114742799036577,15.845030020622032,26.461286014057873,-5.387481966249652,27.34899901181859,37.01345828143183,29.0488,30.0066,30.213550000000005,32.84563370327694,27.58146629672307
2023-12-27,988,28.187,28.108,28.306,27.9,19385550,550089827.96,0.01928,-0.3909937724062793,-0.0530394809165297,-0.3379542914897496,12.801216548669526,21.907929525595087,-5.412209405181599,27.754285437095874,37.18282439612914,28.8368,29.6421,30.16205,32.92003725045777,27.404062749542234
2023-12-28,988,27.979,28.821,28.989,27.771,27150296,784333859.23,0.027,-0.41660170869252156,-0.12575192647172811,-0.29084978222079344,19.21138658664608,21.00908187927875,15.615996001380736,41.67382143800836,43.129991593248256,28.640800000000002,29.390500000000003,30.1378,32.93571942248883,27.33988057751117
2023-12-29,988,28.771,29.475,29.564,28.682,29896400,885179124.84,0.02973,-0.37974636864678146,-0.1765508149067388,-0.20319555374004267,33.97003517102786,25.329399643195117,51.251306226693345,51.878925708613394,48.05132715981676,28.7498,29.2509,30.087800000000005,32.89606888801123,27.27953111198878
2024-01-01,988,29.475,29.475,29.475,29.475,0,0.0,0.0,-0.34654350828449054,-0.21054935358228918,-0.13599415470220136,44.36753141420979,31.675443566866676,69.75170710889603,51.8789257086134,48.05132715981676,28.793400000000002,29.1509,30.0289,32.836669888607645,27.221130111392355
2024-01-02,988,29.415,29.247,29.792,29.187,20933629,621797568.48,0.02082,-0.33476869166691614,-0.2353932211992146,-0.09937547046770154,48.61123628774526,37.320707807159536,71.19229324891668,47.690016150702654,46.38592128042686,29.0252,29.037,30.032850000000003,32.83573845563647,27.22996154436353
2024-01-03,988,29.118,28.771,29.296,28.326,24212454,702949047.75,0.02408,-0.3596998901384225,-0.2602545549870562,-0.09944533515136633,48.064293739348585,40.90190311788922,62.38907498226732,39.66615406320826,42.99228060482622,29.1578,28.997300000000003,30.0259,32.84117337365742,27.21062662634258
2024-01-04,988,28.87,28.9,29.108,28.623,18599996,542686224.37,0.0185,-0.3648431380561128,-0.2811722716008675,-0.0836708664552453,50.664007140763104,44.15593779218051,63.68014583792831,42.79616007916421,44.19923576380703,29.1736,28.9072,30.0041,32.848468907897484,27.159731092102522
2024-01-05,988,28.702,27.652,28.702,27.424,26578311,752180686.98,0.02643,-0.46427054724455274,-0.31779192672960455,-0.1464786205149482,36.985464219968215,41.76577993477641,27.42483279035183,26.709727557086865,36.12686379358872,28.808999999999997,28.779400000000003,29.7733,32.593203775887844,26.953396224112154
2024-01-08,988,27.642,27.147,27.791,27.038,15510236,428223714.3,0.01543,-0.577163582395098,-0.3696662578627033,-0.20749732453239472,25.976269296003963,36.50260972185226,4.92358844430737,22.58710521977227,33.43155610039014,28.343400000000003,28.568400000000004,29.4935,32.18007069612295,26.806929303877055
2024-01-09,988,27.514,27.494,27.9,27.157,18617206,518487803.5,0.01852,-0.6313542671153876,-0.4220038597132403,-0.20935040740214728,22.83675759893364,31.947325680879384,4.615621435042151,31.327058064502708,36.957213803247924,27.9928,28.509000000000004,29.257799999999996,31.7626288186081,26.752971181391892
2024-01-10,988,27.236,26.444,27.306,26.414,23633547,638017044.48,0.0235,-0.7503771196214224,-0.4876785116948767,-0.2626986079265457,15.520538221669177,26.47172986114265,-6.381845057277765,22.218470894798045,31.457454287758125,27.5274,28.342599999999997,28.992350000000005,31.509008961067067,26.475691038932943
2024-01-11,988,26.523,27.137,27.286,26.523,22407419,611273806.89,0.02228,-0.7797952847515432,-0.54610186630621,-0.2336934184453332,17.481424533806674,23.474961418697323,5.494350764025377,36.77738662764027,38.09079356686611,27.174799999999998,28.174200000000003,28.782349999999997,31.173007630290563,26.391692369709432
2024-01-12,988,27.038,26.583,27.107,26.583,15860220,429549747.38,0.01577,-0.838150880967433,-0.6045116692384547,-0.23363921172897828,13.321936466390131,20.09061976792826,-0.21543013668612332,31.178894801050006,35.12618061450394,26.961000000000002,27.885,28.567949999999996,30.938947700281503,26.19695229971849
2024-01-15,988,26.266,26.513,26.791,26.147,12613620,337657480.46,0.01254,-0.8799035460258366,-0.6595900445959312,-0.22031350142990547,12.755536769908472,17.645592101921665,2.975426105882086,30.475481968252424,34.753341570244004,26.8342,27.5888,28.369850000000003,30.73200114049243,26.007698859507578
2024-01-16,988,26.345,26.216,26.493,25.8,15853791,417828754.0,0.01577,-0.9262806648490773,-0.7129281686465605,-0.21335249620251684,12.695549301664094,15.99557783516914,6.095492234654003,27.33557072738003,33.12590104477309,26.5786,27.285700000000002,28.16135,30.51030786747256,25.81239213252744
2024-01-17,988,26.147,25.642,26.533,25.622,18632667,491681656.84,0.01853,-0.9978492831311208,-0.7699123915434727,-0.22793689158764807,8.68014975089294,13.557101807077071,-1.07375436147532,22.063532753523944,30.149242829029845,26.418200000000002,26.9728,27.98505,30.536448417380925,25.433651582619078
2024-01-18,988,25.454,26.939,26.939,25.354,41292173,1093443311.91,0.04107,-0.939085673145474,-0.8037470478638731,-0.1353386252816009,26.538272130341312,17.884158581498482,43.84649922802697,48.82530930250277,42.815689633096675,26.3786,26.776699999999998,27.841950000000004,30.28316432035332,25.40073567964669
2024-01-19,988,26.791,26.701,27.355,26.701,29723111,810585262.98,0.02956,-0.9013297317248607,-0.8232635846360707,-0.07806614708879,35.327688097368174,23.698668420121713,58.5857274518611,45.3930373265345,41.31591300470745,26.4022,26.681599999999996,27.7305,30.16608042363691,25.29491957636309
2024-01-22,988,27.405,25.681,27.474,25.374,32497489,869103230.11,0.03232,-0.9428448234126989,-0.8471798323913965,-0.09566499102130244,28.6933014988744,25.363546113039277,35.352812270544646,33.339791145967354,35.5017733346546,26.2358,26.535000000000004,27.5517,30.039908241412874,25.063491758587126
2024-01-23,988,25.463,27.583,27.979,25.463,54681092,1505575193.07,0.05438,-0.8128997263201185,-0.840323811177141,0.027424084857022413,47.433629570678164,32.720240598918906,76.86040751419668,58.184849993433694,49.85615887385726,26.5092,26.5439,27.52645,30.00196023767737,25.05093976232263
2024-01-24,988,27.533,27.573,27.771,26.622,42179989,1163333488.35,0.04195,-0.7026247958194318,-0.8127840081055993,0.11015921228616743,59.80019749156324,41.74689289646702,95.90680668175568,58.04834957910193,49.79259948970647,26.895400000000002,26.656799999999997,27.4997,29.960267850592984,25.039132149407017
2024-01-25,988,27.662,28.672,28.771,27.593,54280961,1554482607.54,0.05398,-0.5205504223978821,-0.7543372909640559,0.2337868685661738,72.23437222293856,51.90938600529086,112.88434465823396,67.96086317895664,56.44907717155316,27.242,26.8103,27.492250000000002,29.93682361474309,25.047676385256914
2024-01-26,988,28.385,28.019,28.623,27.84,34309933,978142770.52,0.03412,-0.4240585295758912,-0.6882815386864231,0.26422300911053187,74.15371181070743,59.32416127376305,103.81281288459621,58.162094261603706,51.981902218400904,27.505600000000005,26.953899999999997,27.419449999999994,29.696377151367585,25.142522848632403
2024-01-29,988,28.108,26.791,28.256,26.573,36335477,1000158904.1,0.03614,-0.44158700637261106,-0.6389426322236607,0.1973556258510496,63.4539524450663,60.70075833086413,68.96034067347063,43.883627344328254,44.72142028393864,27.727600000000002,26.9817,27.28525,29.359419852965456,25.211080147034547
2024-01-30,988,26.345,25.899,27.068,25.77,21853180,584510907.06,0.02173,-0.5214445080638015,-0.6154430073916889,0.0939984993278874,47.61918944586706,56.34023536919844,30.177097599204302,36.14832261944175,40.26490862072387,27.390800000000002,26.95,27.117849999999997,29.06170014313108,25.173999856868914
2024-01-31,988,25.8,25.562,26.493,25.354,27884542,729700337.2,0.02773,-0.6049517300946299,-0.6133447519322771,0.00839302183764723,33.77519663184623,48.818555790081035,3.6884783153766136,33.4733440759542,38.676436769464246,26.9886,26.942,26.9574,28.855931776206692,25.058868223793308
2024-02-01,988,25.176,25.998,26.721,24.008,34968612,908327552.21,0.03478,-0.6287029527102987,-0.6164163920878815,-0.012286560622417286,36.44359459129171,44.69356872381792,19.943646326239303,40.32877757735241,41.910832162357885,26.4538,26.8479,26.8123,28.519663754294047,25.104936245705954
2024-02-02,988,25.998,24.76,26.295,24.008,34435948,874475656.26,0.03425,-0.7389045892016632,-0.6409140315106379,-0.09799055769102538,29.55851928592939,39.64855224452174,9.378453368744687,29.84842219565529,36.025179864312186,25.802,26.6538,26.667700000000004,28.555909299282824,24.779490700717183
2024-02-05,988,24.315,23.651,25.077,22.74,37115239,895794877.46,0.03691,-0.9052915740401737,-0.6937895400165451,-0.21150203402362855,24.740775970092322,34.6792934863786,4.863740937519765,23.330875691422165,31.677842221066072,25.174,26.450800000000005,26.492900000000002,28.795986615370367,24.189813384629637
2024-02-06,988,23.294,26.018,26.018,23.275,49168230,1259660733.06,0.0489,-0.8365145214317131,-0.7223345362995788,-0.11417998513213434,34.61135465380278,34.65664720885332,34.52076954370169,50.82967763268547,46.66407079339021,25.1978,26.294300000000003,26.419099999999997,28.681347964444868,24.156852035555126
2024-02-07,988,26.048,27.345,27.593,25.929,62293942,1698292135.76,0.06195,-0.6672388873774295,-0.711315406515149,0.04407651913771948,49.16636630158328,39.4932202397633,68.51265842522324,60.38786308402909,52.97279025803748,25.554399999999998,26.271500000000003,26.46415,28.764057025581508,24.164242974418492
2024-02-08,988,27.613,27.553,29.069,27.494,58546475,1666314958.82,0.05823,-0.510419072806382,-0.6711361397733957,0.1607170669670137,58.12650048166858,45.70431365373173,82.97087413754227,61.78512709976534,53.905089432582905,25.8654,26.1596,26.484950000000005,28.81776772022438,24.15213227977563
2024-02-09,988,27.553,27.553,27.553,27.553,0,0.0,0.0,-0.3817378041503616,-0.6132564726487889,0.23151866849842728,64.0999232683921,51.836183525285186,88.62740275460594,61.78512709976534,53.905089432582905,26.424,26.113,26.53345,28.914681656098033,24.152218343901964
2024-02-12,988,27.553,27.553,27.553,27.553,0,0.0,0.0,-0.2765688580050423,-0.5459189497200396,0.26935009171499735,68.08220512620778,57.25152405892605,89.74356726077124,61.78512709976534,53.905089432582905,27.2044,26.1892,26.58545,29.009832241445228,24.161067758554776
2024-02-13,988,27.553,27.553,27.553,27.553,0,0.0,0.0,-0.1910197536689111,-0.4749391105098139,0.2839193568409028,70.73705969808492,61.746702605312336,88.71777388363009,61.78512709976535,53.905089432582905,27.511400000000002,26.354599999999998,26.652300000000004,29.107327932096055,24.197272067903953
2024-02-14,988,27.553,27.553,27.553,27.553,0,0.0,0.0,-0.121817238833831,-0.40431473617461733,0.28249749734078633,72.50696274600301,65.33345598554256,86.85397626692392,61.78512709976534,53.905089432582905,27.553,26.5537,26.74785,29.186010590109127,24.309689409890872
2024-02-15,988,27.553,27.553,27.553,27.553,0,0.0,0.0,-0.06621051366293784,-0.3366938916722815,0.27048337800934363,73.68689811128172,68.11793669412228,84.8248209456006,61.78512709976534,53.905089432582905,27.553,26.7092,26.778550000000003,29.24217407205817,24.314925927941836
2024-02-16,988,27.553,27.553,27.553,27.553,0,0.0,0.0,-0.021889455324913598,-0.2737330044028079,0.2518435490778943,73.73626598282894,69.99071312369117,81.22737170110449,61.78512709976534,53.9050894325829,27.553,26.9885,26.82115,29.308478753164565,24.333821246835434
2024-02-19,988,28.722,30.307,30.307,28.227,88415070,2613824417.29,0.08793,0.23277678075558228,-0.17243104737112983,0.4052078281267121,82.49084398855263,74.15742341197831,99.15768514170125,85.70592337431893,68.91032452461573,28.1038,27.6541,27.05245,29.924036209379434,24.180863790620567
2024-02-20,988,29.524,29.524,29.801,29.118,62812169,1871054456.11,0.06247,0.3671873442858278,-0.06450736903973828,0.4316947133255661,79.04887881023785,75.7879085447315,85.57081934125057,70.62348871841823,62.59076942568513,28.498,28.004700000000003,27.1495,30.22083562580178,24.07816437419822
2024-02-21,988,28.851,29.108,29.702,28.801,49551416,1461241661.7,0.04928,0.4351251095099684,0.0354191266702031,0.39970598283976533,71.52036123054832,74.3653927733371,65.83029814497075,63.49919747368415,59.431829005966925,28.809000000000005,28.181,27.226250000000004,30.416557549933287,24.03594245006672
2024-02-22,988,29.811,29.712,30.198,29.237,50112321,1503834661.89,0.04984,0.5315763488222203,0.13465057110060658,0.3969257777216137,73.8119280631639,74.1809045366127,73.0739751162663,68.95553825013363,62.434786435305824,29.2408,28.3969,27.278250000000003,30.599013252469348,23.95748674753066
2024-02-23,988,30.108,29.752,30.554,29.435,55001724,1657400370.51,0.0547,0.6042765921714519,0.2285757753147757,0.3757008168566762,73.63314364490833,73.99831757271124,72.9027957893025,69.32000561579898,62.63460916635124,29.6806,28.6168,27.3649,30.853257773780975,23.876542226219023
2024-02-26,988,29.732,30.118,30.772,29.484,58244828,1775343059.75,0.05793,0.683545710554224,0.3195697623626654,0.3639759481915586,75.64980623236198,74.54881379259481,77.85179111189632,72.82327814056171,64.51856146491849,29.6428,28.8733,27.53125,31.21614924878383,23.84635075121617
2024-02-27,988,29.811,31.545,31.693,29.564,73287101,2285742031.85,0.07289,0.8516962083121875,0.42599505155256984,0.42570115675961767,82.5749110792236,77.22417955480441,93.27637412806197,82.28661561802325,70.78401311099391,30.046999999999997,29.2725,27.81355,31.822746663199993,23.804353336800006
2024-02-28,988,31.445,29.584,32.0,29.564,75277932,2351475938.04,0.07487,0.8172990631560317,0.5042558538732622,0.3130432092827695,70.27368706533352,74.90734872498078,61.006363746039,52.271189724641744,55.967952013087825,30.142199999999995,29.475600000000004,28.01465,31.951147683287743,24.078152316712256
2024-02-29,988,29.712,31.426,31.673,29.712,64342174,2016811867.52,0.06399,0.9279759544079837,0.5889998739802066,0.33897608042777716,75.11133868672201,74.97534537889452,75.38332530237699,66.1775539618894,63.744282009883605,30.485000000000003,29.862900000000003,28.28605,32.382347145626355,24.189752854373644
2024-03-01,988,31.445,33.367,33.773,31.267,99281764,3299385786.8,0.09874,1.1589510007802168,0.7029900993402087,0.4559609014400081,80.6856497654038,76.8787801743976,88.29938894741616,75.28368458417063,69.86264689232839,31.208,30.444300000000005,28.7164,33.05429521603123,24.378504783968772
2024-03-04,988,33.981,34.129,34.843,32.991,104527999,3579057754.93,0.10396,1.3874932621740683,0.8398907319069807,0.5476025302670876,83.1846734947114,78.9807446145022,91.59253125512981,78.06572155729647,71.89395847045994,32.0102,30.8265,29.240299999999998,33.533032615160955,24.94756738483904
2024-03-05,988,33.406,33.723,35.16,33.189,98513371,3399473511.1,0.09797,1.5183512360618607,0.9755828327379568,0.542768403323904,80.70266431528793,79.55471784809744,82.99855724966892,72.82476489891697,69.18355505873788,32.445800000000006,31.2464,29.625550000000004,34.08056276387838,25.170537236121625
2024-03-06,988,33.278,33.674,34.308,33.248,59615591,2032785042.79,0.05929,1.5996633097795119,1.100398928146268,0.4992643816332438,78.48299891761555,79.19747820460347,77.05404034363971,72.12350611660334,68.8418490052401,33.2638,31.702999999999996,29.942,34.60902059810768,25.274979401892317
2024-03-07,988,33.822,32.723,34.635,32.683,68390759,2314554384.3,0.06802,1.569276321270209,1.1941744067710562,0.37510191449915276,71.34361074188229,76.5795223836964,60.87178745825406,58.911593935934334,62.32435570888801,33.523199999999996,32.0041,30.200499999999998,34.883061849424706,25.517938150575294
2024-03-08,988,33.278,34.308,34.437,32.654,76321462,2606325713.72,0.0759,1.6540241072384774,1.2861443468645406,0.36787976037393677,75.82068688486697,76.32657721741992,74.80890621976107,69.92876527744755,67.85720690244332,33.7114,32.4597,30.538249999999998,35.388233825258254,25.688266174741745
2024-03-11,988,33.476,35.774,36.011,33.288,93594871,3302741195.83,0.09308,1.8185185366183028,1.3926191848152931,0.42589935180300964,82.65508177930172,78.43607873804719,91.0930878618108,76.82554418942226,72.00537395091334,34.0404,33.0253,30.9493,36.11707969629872,25.781520303701285
2024-03-12,988,35.288,34.694,35.704,34.298,72106921,2539005363.05,0.07171,1.840518234433059,1.4821989947388465,0.35831923969421253,81.46736097029387,79.44650614879608,85.50907061328945,63.87477760877551,65.23896795378548,34.2346,33.340199999999996,31.306350000000002,36.47287134928669,26.139828650713312
2024-03-13,988,35.516,34.605,35.704,34.456,67946586,2410858014.83,0.06757,1.8296801830408214,1.5516952323992417,0.2779849506415797,77.76576172612056,78.88625800790423,75.52476916255321,62.82744001640409,64.69245359408819,34.4208,33.8423,31.658949999999997,36.70814793422192,26.609752065778075
2024-03-14,988,33.664,34.328,34.872,33.466,57117557,1970135357.64,0.0568,1.778240909921081,1.5970043679036097,0.1812365420174713,68.46582506495615,75.41278036025487,54.57191447435869,59.201968896991794,62.903305514610274,34.7418,34.1325,31.997700000000002,36.78954329328204,27.205856706717967
2024-03-15,988,34.04,34.595,34.744,33.575,56520941,1949547712.83,0.05621,1.738973776737005,1.6253982496702888,0.11357552706671625,64.91704393666123,71.91420155239032,50.92272870520304,61.754704551376854,63.95163614376788,34.7992,34.2553,32.3498,36.78837471670728,27.911225283292726
2024-03-18,988,35.16,34.882,35.348,34.526,57986529,2047464003.97,0.05767,1.711286150718287,1.642575829879889,0.06871032083839812,65.40095650786843,69.74311987088302,56.71662978183923,64.6109007070987,65.1078804561266,34.6208,34.330600000000004,32.57855,37.04531534206312,28.11178465793688
2024-03-19,988,34.555,34.437,34.882,34.05,47571521,1653344237.48,0.04731,1.6345931542566845,1.6409792947552482,-0.006386140498563675,61.304937145648694,66.93039229580491,50.05402684533627,56.728306191554466,61.757307491786506,34.569399999999995,34.402,32.824200000000005,37.12079956612,28.527600433880007
2024-03-20,988,34.278,35.358,36.744,34.278,92183685,3329668868.13,0.09168,1.6293482920231668,1.638653094208832,-0.009304802185665206,62.90744790965003,65.58941083375328,57.543522061443525,66.79074744193716,65.73822814493906,34.72,34.5704,33.1367,37.19795524282481,29.075444757175188
2024-03-21,988,34.961,34.328,35.328,34.298,59372303,2085044860.69,0.05905,1.5245057556063273,1.6158236264883312,-0.09131787088200394,51.96916280396427,61.049328157156936,33.80883209757894,50.9046907975794,58.33032021783325,34.72,34.730900000000005,33.36749999999999,37.12237823055813,29.61262176944186
2024-03-22,988,34.189,33.991,34.724,33.882,43967804,1520388667.66,0.04373,1.398107691398188,1.5722804394703027,-0.1741727480721147,39.984729646409356,54.02779532024107,11.898598298745924,46.556999421265225,56.07490071281198,34.599199999999996,34.699200000000005,33.579449999999994,36.93203677661599,30.226863223383997
2024-03-25,988,34.001,33.436,34.635,33.347,43450426,1495226165.01,0.04321,1.2388715135553667,1.5055986542873157,-0.2667271407319489,27.529806026661273,45.19513222238113,-7.800846364778451,39.83352214447402,52.43251993709673,34.309999999999995,34.4654,33.745349999999995,36.67892036103814,30.81177963896185
2024-03-26,988,33.179,32.436,33.862,32.01,54703364,1815462620.03,0.0544,1.0202235507035198,1.4085236335705567,-0.3883000828670369,21.35278154206655,37.247681995609604,-10.437019365019566,30.35521903722953,46.49604761915754,33.909800000000004,34.2396,33.7899,36.60754664027931,30.972253359720696
2024-03-27,988,32.565,30.861,32.674,30.861,43856981,1396129241.34,0.04362,0.711650661851472,1.2691490392267397,-0.5574983773752678,14.235187694711032,29.576850561976745,-16.448138039820392,20.938654924985215,38.92398594774785,33.0104,33.8652,33.853750000000005,36.304021896836076,31.403478103163934
2024-03-28,988,30.96,31.356,32.287,30.703,49864489,1582598055.26,0.04959,0.5012684764334665,1.1155729266680852,-0.6143044502346187,13.093281340147817,24.08232748803377,-8.88481095562409,29.219567429624064,42.15386072958203,32.416000000000004,33.568,33.85025,36.31527882442919,31.385221175570816
2024-03-29,988,31.158,33.476,34.496,30.881,86838062,2881444742.1,0.08636,0.49984347673065344,0.9924270366805988,-0.4925835599499454,24.02985295765965,24.064835977909063,23.95988691716083,53.98794411158109,53.61466127514556,32.313,33.4561,33.8557,36.31670887314284,31.394691126857158
2024-04-01,988,35.259,36.447,36.823,35.249,141240254,5176339872.21,0.14047,0.7300336510178482,0.9399483595480488,-0.20991470853020056,47.30530502188205,31.811658992566723,78.2925970805127,71.03392554313515,64.39832542348563,32.915200000000006,33.6126,33.9716,36.69151365188085,31.251686348119158
2024-04-02,988,35.358,34.823,36.11,34.625,99599467,3560599041.01,0.09905,0.7725127488096106,0.9064612374003612,-0.1339484885907506,53.97695716055753,39.20009171523032,83.53068805121195,57.146940290741725,56.55772237764613,33.3926,33.6512,34.026599999999995,36.769734925784036,31.283465074215954
2024-04-03,988,35.011,33.634,35.229,33.575,65060106,2255187240.8,0.0647,0.7021415262953425,0.8655972951793576,-0.16345576888401503,51.94869039462005,43.44962460836023,68.94682196713968,48.77022107053175,51.54529269373065,33.9472,33.4788,34.0246,36.768875450346044,31.28032454965395
2024-04-04,988,33.634,33.634,33.634,33.634,0,0.0,0.0,0.6390057647665586,0.8202789890967978,-0.18127322433023918,50.596512550661735,45.83192058912739,60.125696473730414,48.77022107053174,51.54529269373065,34.4028,33.4094,34.07015,36.753015182873945,31.38728481712605
2024-04-05,988,33.634,33.634,33.634,33.634,0,0.0,0.0,0.5822583075600534,0.7726748527894489,-0.19041654522939555,49.69506065468952,47.11963394431477,54.845914075439026,48.77022107053175,51.54529269373065,34.434400000000004,33.3737,34.03645,36.723664443091856,31.349235556908145
2024-04-08,988,33.377,32.792,34.318,32.773,49617580,1681554572.06,0.04935,0.46399453558846915,0.710938789349253,-0.24694425376078388,44.508036079161215,46.249101322596914,41.0259055922898,41.352699523428434,47.6617979451736,33.7034,33.3093,33.887350000000005,36.498471418693796,31.276228581306214
2024-04-09,988,32.862,32.268,33.01,31.891,40547369,1321680826.46,0.04033,0.3242494773704081,0.6336009269534841,-0.30935144958307603,38.19598919438634,43.56473061319339,27.458506356772247,37.134892506392376,45.342548838511114,33.192400000000006,33.292500000000004,33.76604999999999,36.44393694977831,31.08816305022167
2024-04-10,988,32.297,31.247,32.367,30.911,43884728,1391485255.71,0.04364,0.12962016420957667,0.5328047744047026,-0.40318461019512597,27.517173543480716,38.215544923289166,6.120430783863824,29.984161399246673,41.092246026112896,32.714999999999996,33.3311,33.598150000000004,36.468711674362595,30.727588325637416
2024-04-11,988,31.287,31.188,31.673,31.069,40199118,1274528853.36,0.03998,-0.029050894981494935,0.42043364052746307,-0.449484535508958,19.90657758108456,32.112555809220964,-4.505378875188256,29.589061443075536,40.85085013565791,32.22580000000001,33.3143,33.44115,36.48205542437668,30.400244575623315
2024-04-12,988,31.436,32.317,33.179,31.247,66921165,2174075651.32,0.06655,-0.06297208500319584,0.3237524954213313,-0.3867245804245271,22.28560580163603,28.836905806692652,9.183005791522795,45.94496103084953,47.31203157709531,31.962400000000002,33.19840000000001,33.32725000000001,36.35681073765843,30.29768926234159
2024-04-15,988,32.069,32.069,32.664,31.535,50427067,1636183624.48,0.05015,-0.10861436111702716,0.2372791241136596,-0.34589348523068675,23.7963942954245,27.1567353029366,17.07571228040029,43.29401348001436,46.1051648639679,31.8178,32.7606,33.1866,36.17312865909277,30.20007134090723
2024-04-16,988,31.594,30.782,31.99,30.703,45169361,1423882068.14,0.04492,-0.24580287532453582,0.1406627242260205,-0.3864655995505563,16.5927091522286,23.635393252700595,2.507340951284611,31.84995277949848,40.28721019071786,31.5206,32.356500000000004,33.00385,36.113007223768,29.894692776232
2024-04-17,988,31.198,32.446,32.476,30.96,48825109,1575781313.76,0.04856,-0.21774484086803625,0.06898121120720913,-0.2867260520752454,27.133728646437316,24.801505050612832,31.79817583808628,51.67066141220715,49.30939227994279,31.760400000000004,32.237700000000004,32.85825,35.76967091371989,29.946829086280108
2024-04-18,988,31.97,32.198,33.218,31.455,53128158,1732165498.65,0.05284,-0.2130641034349594,0.012572148278775402,-0.2256362517137348,31.874306880013087,27.159105660412912,41.304709319213444,49.115875509087424,48.127110668066244,31.962400000000002,32.0941,32.75175,35.591753178279035,29.911746821720968
2024-04-19,988,31.782,31.168,32.139,30.782,42305681,1337539853.55,0.04207,-0.28913402022175205,-0.04776908542133011,-0.24136493480042193,27.41255978879599,27.243590369873935,27.750498626640095,39.40553412022469,43.41118422075762,31.7326,31.847499999999997,32.610600000000005,35.4718011758044,29.74939882419561
2024-04-22,988,30.089,30.227,30.782,28.791,39386636,1195210906.04,0.03917,-0.4205035103513275,-0.12231597040732962,-0.2981875399439979,29.08747868157515,27.858219807107673,31.5459964305101,32.3860627554339,39.548832169418155,31.3642,31.591,32.45015,35.47186518216205,29.428434817837953
2024-04-23,988,30.594,30.316,30.792,29.93,25185727,769646434.24,0.02505,-0.5115365466596664,-0.200160085657797,-0.31137646100186944,30.874221538036753,28.863553717417364,34.895557179275535,33.72596232560031,40.098721457960075,31.270999999999997,31.395799999999998,32.34415,35.51310461926337,29.17519538073662
2024-04-24,988,30.505,31.753,31.832,30.267,45101720,1425335579.52,0.04485,-0.46239677115584144,-0.25260742275740594,-0.2097893483984355,42.885351818219796,33.53748641768484,61.58108261928972,52.112690832949625,48.37090890166444,31.1324,31.4464,32.38875,35.49428799898846,29.28321200101154
2024-04-25,988,31.356,31.307,31.861,31.198,27148928,861886515.88,0.027,-0.4542058157479296,-0.2929271013555107,-0.16127871439241892,47.534591145133476,38.20318799350105,66.19739744839833,47.23225048643734,46.21023558465075,30.954199999999997,31.458299999999998,32.3863,35.495343860468864,29.277256139531136
2024-04-26,988,31.0,33.199,33.694,31.0,79288472,2611886617.87,0.07885,-0.29168349096113033,-0.29267837927663465,0.0009948883155043164,61.657774204172846,46.021383397058315,92.9305558184019,64.26744509782552,55.42476808840099,31.3604,31.546499999999998,32.37245,35.463470235252466,29.28142976474754
2024-04-29,988,33.525,33.525,33.714,33.109,57184696,1929181566.04,0.05687,-0.1350214588237577,-0.26114699518605927,0.12612553636230156,73.1588086406856,55.06719181160074,109.34204229885533,66.50337069628299,56.81532369880891,32.019999999999996,31.6921,32.226350000000004,34.72615793156997,29.72654206843003
2024-04-30,988,33.515,33.317,33.912,33.099,36343732,1227015359.56,0.03614,-0.027334436963165842,-0.21438448354148057,0.18705004657831473,78.23293094434042,62.7891048558473,109.12058312132669,63.462904335798804,55.60788409549163,32.6202,31.945599999999995,32.15105,34.39962676390226,29.902473236097737
2024-05-01,988,33.317,33.317,33.317,33.317,0,0.0,0.0,0.057347240414379996,-0.16003813875030845,0.21738537916468845,81.61567914677697,69.06462961949052,106.71777820134986,63.4629043357988,55.60788409549163,32.933,32.0327,32.1352,34.343878442680406,29.92652155731959
2024-05-02,988,33.317,33.317,33.317,33.317,0,0.0,0.0,0.1230397541385031,-0.10342256017254613,0.22646231431104924,83.87084461506801,74.00003461801634,103.61246460917135,63.4629043357988,55.60788409549164,33.334999999999994,32.144600000000004,32.11935,34.28690805118719,29.951791948812804
2024-05-03,988,33.317,33.317,33.317,33.317,0,0.0,0.0,0.17310608535668592,-0.048116831066699714,0.22122291642338565,84.2664830499248,77.42218409531915,97.9550809591361,63.4629043357988,55.60788409549164,33.3586,32.359500000000004,32.1035,34.22864465142421,29.978355348575782
2024-05-06,988,33.912,33.377,34.07,33.228,37594958,1271560112.1,0.03739,0.21514544929848256,0.004535625006336754,0.2106098242921458,83.43683671467511,79.42706830177113,91.45637354048307,64.43548653429343,55.98999855565779,33.32899999999999,32.6745,32.13275,34.313179593114526,29.952320406885473
2024-05-07,988,33.426,32.624,33.535,32.188,43272417,1435005330.65,0.04304,0.1855620968392273,0.04074091937291488,0.14482117746631243,73.25756541021774,77.37056733792,65.03156155481321,45.99634831120691,50.08733732404263,33.1904,32.9053,32.15055,34.34141596433636,29.959684035663642
2024-05-08,988,32.495,32.01,32.584,31.941,22456276,729833134.82,0.02233,0.11128953184306312,0.054850641866944536,0.05643888997611858,59.80471787391277,71.51528418325091,36.38358525523648,35.93442779179226,45.79297921973073,32.929,32.931,32.1887,34.339525457207465,30.03787454279253
2024-05-09,988,31.99,32.466,32.683,31.911,27734070,906176789.22,0.02758,0.08820658739487186,0.061521830972530014,0.026684756422341846,48.438593759387885,63.82305404196323,17.66967319423719,46.386641071443826,49.31380878412915,32.7588,33.0469,32.2526,34.35360571406402,30.15159428593599
2024-05-10,988,32.466,31.376,32.466,31.208,33813873,1077436871.1,0.03363,-0.017835110818325006,0.04565044261435901,-0.06348555343268401,34.249069494378816,53.96505919276842,-5.182909902400397,31.598979285585642,42.17121722747512,32.3706,32.8646,32.20555,34.34232449737563,30.068775502624373
2024-05-13,988,31.198,30.99,31.475,30.851,22410244,703824208.17,0.02229,-0.13150498707290126,0.010219356676906946,-0.1417243437498082,24.272083401140183,44.06740059555901,-15.318550987697463,27.828944397339924,39.93657766942014,31.893199999999997,32.6111,32.1516,34.35629732019783,29.946902679802175
2024-05-14,988,31.148,31.148,31.812,30.98,22930367,724213353.87,0.0228,-0.20645996149374923,-0.033116506957224304,-0.17334345453652494,19.256878216479294,35.7972264691991,-13.823818288960325,31.8242783595162,41.32494127916294,31.597999999999995,32.3942,32.1699,34.33240292607118,30.007397073928814
2024-05-15,988,31.01,31.178,31.475,30.772,21954952,691412534.9,0.02183,-0.26043938633636543,-0.07858108283305254,-0.1818583035033129,16.94141587991688,29.511956272771695,-8.199664905792744,32.67350082785592,41.60453345190549,31.431600000000003,32.1803,32.106500000000004,34.30890218135206,29.904097818647944
2024-05-16,988,31.614,31.287,31.871,31.257,30293377,966183010.21,0.03013,-0.2910678315966848,-0.12107843258577901,-0.16998939901090582,16.499452106724455,25.17445488408928,-0.8505534480051935,36.141635952604105,42.68700963352986,31.1958,31.977299999999996,32.06095,34.29286892656074,29.829031073439253
2024-05-17,988,31.129,31.584,31.644,30.772,26393562,833422602.01,0.02625,-0.28805515672546633,-0.15447377741371648,-0.13358137931174985,20.79575007139094,23.714886613189833,14.957476987793157,45.34689501170783,45.68007949911564,31.2374,31.803999999999995,32.08175,34.28621502640319,29.877284973596808
2024-05-20,988,31.673,32.0,32.159,31.208,28474787,916473700.22,0.02832,-0.24922693388647232,-0.17342440870826767,-0.07580252517820465,35.28368337220587,27.571152199528512,50.70874571756059,56.00617909025516,49.694344510681454,31.4394,31.6663,32.1704,34.19617199319774,30.144628006802265
2024-05-21,988,31.852,31.475,32.04,31.317,18170894,579688064.19,0.01807,-0.25784611047830097,-0.19030874906227435,-0.06753736141602662,35.784796415240024,30.30903360476568,46.73632203618871,43.235797168035965,45.10523522529922,31.5048,31.5514,32.22834999999999,34.0904620182267,30.36623798177328
2024-05-22,988,31.247,31.287,31.515,31.109,16472056,520060128.32,0.01638,-0.27665776039521717,-0.20757855132886294,-0.06907920906635423,33.990336531844385,31.53613458045858,38.898740434616,39.3774983903031,43.53471251320106,31.526600000000002,31.4791,32.20505,34.103512810304316,30.306587189695684
2024-05-23,988,31.545,30.505,31.584,30.277,30891330,956888948.47,0.03072,-0.35062520394385643,-0.23618788185186168,-0.11443732209199475,26.698481527782867,29.923583562900006,20.248277457548596,27.24269773677443,37.59477089406191,31.3702,31.282999999999998,32.16495,34.17394456130963,30.15595543869036
2024-05-24,988,30.386,29.94,30.96,29.891,25872467,794167824.65,0.02573,-0.44965240098117576,-0.2788807856777245,-0.17077161530345125,18.519152294242122,26.122106473347376,3.3132439360316184,21.498643596057306,33.944340084500624,31.0414,31.139399999999995,32.002,34.17946206686473,29.824537933135275
2024-05-27,988,30.029,30.406,30.485,29.623,19617798,594344298.64,0.01951,-0.4849397787057903,-0.3200925842833377,-0.1648471944224526,22.637899636750248,24.960704194481664,17.992290521287416,35.05215623451889,39.25168086477441,30.7226,31.081,31.846049999999998,34.01096881214079,29.681131187859208
2024-05-28,988,30.326,30.257,30.921,30.237,20232596,623170099.13,0.02012,-0.5189462452569167,-0.35986331647805353,-0.15908292877886315,23.425266424500172,24.44889160448783,21.378016064524864,32.874377090030904,38.181615874489495,30.479000000000003,30.991899999999998,31.693050000000007,33.852770008656826,29.533329991343184
2024-05-29,988,30.307,29.811,30.485,29.593,20082432,606816365.11,0.01997,-0.5752539185347807,-0.402941436889399,-0.1723124816453817,18.44874867375096,22.44884396090887,10.44855809943514,26.87645390878096,35.06051808120013,30.1838,30.855200000000004,31.51775,33.691572815130534,29.343927184869464
2024-05-30,988,29.683,29.722,29.91,29.296,14123517,422352675.74,0.01405,-0.6199137318603469,-0.44633589588358863,-0.1735778359767583,17.258998126196087,20.71889534933794,10.339203679912373,25.75138194835158,34.44752606419405,30.027200000000004,30.698700000000002,31.338,33.47968492449112,29.196315075508885
2024-05-31,988,29.752,29.673,30.277,29.574,14923725,450429302.57,0.01484,-0.6517479020514862,-0.4874182971171682,-0.16432960493431803,16.085687769261906,19.17449282264593,9.908077662493852,25.05835796820149,34.089551302470355,29.9738,30.507600000000004,31.1558,33.20669018926515,29.104909810734846
2024-06-03,988,29.613,29.95,30.227,29.494,20893931,631303906.29,0.02078,-0.6471650108673224,-0.5193676398671991,-0.12779737100012323,20.251763874146626,19.533583173146162,21.688125276147552,36.627778077124105,38.05912575565459,29.882600000000004,30.3026,30.98445,32.814734588168506,29.154165411831492
2024-06-04,988,29.9,29.871,30.069,29.484,18743255,562563828.52,0.01864,-0.6425013210692683,-0.543994376107613,-0.09850694496165524,21.878215543137365,20.31512729647656,25.004392036458967,34.789685191890015,37.35908741626356,29.8054,30.142199999999995,30.846799999999995,32.5687890090739,29.12481099092609
2024-06-05,988,29.752,29.475,30.049,29.475,15134696,454469117.58,0.01505,-0.6631152242637448,-0.5678185457388394,-0.09529667852490542,18.17121420824546,19.600489600399527,15.312663423937323,26.723052453189382,33.94485107222516,29.7382,29.961000000000002,30.720049999999997,32.45467624216367,28.98542375783632
2024-06-06,988,29.613,29.692,30.207,29.603,26283353,793045895.87,0.02614,-0.6543983082564075,-0.5851344982423531,-0.06926381001405446,20.237219728573912,19.812732976457653,21.08619323280643,36.41754095582541,37.366661847915225,29.7322,29.879700000000003,30.581349999999997,32.16522935146678,28.997470648533216
2024-06-07,988,29.732,28.88,29.9,28.752,25999520,764627655.94,0.02586,-0.7048862138545715,-0.6090848413647968,-0.09580137248977472,15.4585921596056,18.361352704173633,9.65307107046953,22.84568472153167,30.844247940147213,29.5736,29.7737,30.45655,32.16521663620702,28.74788336379298
2024-06-10,988,28.88,28.88,28.88,28.88,0,0.0,0.0,-0.7364093739231699,-0.6345497478764714,-0.1018596260466984,12.767740031773997,16.496815146707085,5.309589801907819,22.84568472153167,30.844247940147213,29.3596,29.621100000000002,30.351049999999997,32.17753116967043,28.524568830329567
2024-06-11,988,28.722,29.336,29.405,28.435,18853201,553580556.46,0.01875,-0.716338808462119,-0.650907559993601,-0.065431248468518,24.8165679111573,19.270066068190488,35.90957159709092,40.71300357064102,38.06892750553391,29.2526,29.529000000000003,30.260450000000002,32.10019763429593,28.42070236570407
2024-06-12,988,29.406,29.525,29.814,29.336,13757185,408866738.49,0.01368,-0.6773736781611568,-0.6562007836271122,-0.021172894534044584,36.26931527048558,24.936482468955518,58.9349808735457,46.83639214745631,40.86236990057583,29.2626,29.500399999999996,30.177799999999998,31.992335300813252,28.363264699186743
2024-06-13,988,29.525,29.585,29.993,29.396,18453765,549953069.23,0.01835,-0.6343397592283644,-0.6518285787473627,0.017488819518998278,45.57091256127612,31.814625833062383,73.08348601770359,48.84899121093375,41.771950871139786,29.2412,29.486699999999995,30.0927,31.84684121738502,28.33855878261498
2024-06-14,988,29.535,30.64,30.829,29.426,48801662,1494874806.52,0.04853,-0.5092352385918062,-0.6233099107162514,0.11407467212444522,61.08236276014899,41.57053814209125,100.10601199626447,71.5634438263184,55.03732164111877,29.593200000000003,29.5834,30.045499999999997,31.677212629498776,28.41378737050122
2024-06-17,988,30.381,30.64,31.058,30.351,31677730,975553405.39,0.0315,-0.4054156256874748,-0.5797310537104962,0.17431542802302136,68.74292477312767,50.62800035243672,104.97277361450956,71.5634438263184,55.03732164111877,29.9452,29.6524,29.9775,31.360683893852574,28.594316106147424
2024-06-18,988,30.72,30.998,31.307,30.61,33674408,1049418332.84,0.03349,-0.2908969474782488,-0.5219642324640467,0.23106728498579787,75.57559887382143,58.94386652623162,108.83906356900106,76.63371129210577,58.82544214924058,30.2776,29.7651,29.953650000000003,31.2412611336819,28.666038866318107
2024-06-19,988,31.028,30.491,31.028,30.481,21604828,665285862.47,0.02149,-0.2383037158615764,-0.4652321291435526,0.22692841328197622,74.24631382674448,64.04468229306924,94.64957689409496,58.81273712868855,52.05043897662737,30.470799999999997,29.866699999999998,29.913850000000004,31.070475632015047,28.75722436798496
2024-06-20,988,30.361,29.565,30.59,29.565,23871900,718001830.04,0.02374,-0.26825142652245404,-0.42583598861933286,0.15758456209687882,62.612677184403495,63.56734725684733,60.703337039515844,38.95714093412487,42.335490768541355,30.4668,29.853999999999996,29.86685,30.998455896620268,28.73524410337973
2024-06-21,988,29.366,30.202,30.809,29.047,25159908,758837840.42,0.02502,-0.23784292146733677,-0.38823737518893364,0.15039445372159688,62.25014133556336,63.12827861641934,60.49386677385141,52.261405207336985,49.42003082210833,30.379200000000004,29.986200000000004,29.879949999999997,31.021146874016818,28.738753125983177
2024-06-24,988,29.873,29.266,30.57,29.127,27736161,834571414.12,0.02758,-0.28597480016811616,-0.3677848601847702,0.08181006001665403,44.730182719284095,56.995579984040916,20.199388189770445,37.75286846409807,41.28873729935974,30.1044,30.0248,29.822950000000002,30.96739148180051,28.678508518199493
2024-06-25,988,29.147,28.888,29.545,28.719,28078923,821686956.14,0.02793,-0.35057983561551964,-0.3643438552709201,0.013764019655400472,31.99683484737436,48.66266493848539,-1.3348253348477073,33.276031715795085,38.49811773362848,29.6824,29.98,29.754499999999997,30.95215727458692,28.556842725413073
2024-06-26,988,29.027,29.883,29.963,28.689,28854830,856060317.64,0.0287,-0.3178278852040535,-0.3550406612575468,0.037212776053493324,36.53366784579222,44.61966590758767,20.361671722201336,51.45832284484775,48.49449281740436,29.5608,30.015800000000002,29.758100000000002,30.95690465025635,28.559295349743653
2024-06-27,988,29.664,29.117,29.684,29.107,18836811,556082694.98,0.01873,-0.34965096809872875,-0.3539627226257832,0.004311754527054457,29.80523107213753,39.68152096243762,10.052651291537359,41.109406395814744,42.66984760097385,29.4712,29.969,29.72785,30.960543631636114,28.495156368363887
2024-06-28,988,29.017,29.794,30.102,28.978,30630937,916742819.42,0.03046,-0.3165932584794646,-0.3464888297965195,0.029895571317054892,33.93941811735577,37.767486680743666,26.283280990579982,51.46225757504389,48.61989595396502,29.3896,29.8844,29.733900000000006,30.966647876217337,28.501152123782674
2024-07-01,988,30.142,30.053,30.212,29.485,23519823,706313390.34,0.02339,-0.26642447449310325,-0.3304759587358363,0.06405148424273305,42.0647852291564,39.19991953021457,47.79451662704005,55.08700999965136,50.75302257438933,29.547000000000004,29.8257,29.739050000000002,30.97645092213794,28.501649077862066
2024-07-02,988,29.943,29.565,29.963,29.485,16340000,486622804.0,0.01625,-0.26301104573463263,-0.31698297613559556,0.05397193040096293,41.81677505843132,40.07220470628682,45.30591576272032,47.12925357546862,46.762515033947786,29.6824,29.6824,29.723750000000003,30.961848350826116,28.48565164917389
2024-07-03,988,29.386,28.759,29.445,28.729,20401330,594477015.15,0.02029,-0.3216357263855798,-0.31791352618559243,-0.003722200199987369,28.978478969771825,36.37429612744849,14.186844654418493,36.63908388656408,40.959839919661135,29.457600000000003,29.509200000000003,29.68795,30.995776557791856,28.380123442208145
2024-07-04,988,28.858,28.739,29.157,28.679,15139037,439004642.32,0.01506,-0.36549682118178595,-0.32743018518483114,-0.03806663599695481,20.376627439393133,31.0417398980967,-0.9535974780140037,36.39784692711745,40.82271518618804,29.382000000000005,29.4266,29.640300000000003,31.01522799428778,28.265372005712226
2024-07-05,988,28.659,29.137,29.316,28.131,20051808,579323529.8,0.01994,-0.36394643310266517,-0.33473343476839795,-0.029212998334267215,29.698466026390236,30.593981940861212,27.907434197448282,45.03928352520015,44.832167945184,29.250600000000002,29.320099999999996,29.65315,31.00272931457114,28.30357068542886
2024-07-08,988,29.067,28.798,29.416,28.709,14629582,427670210.36,0.01455,-0.38562693893124944,-0.3449121356009683,-0.04071480333028116,30.482943392893798,30.55696909153874,30.33489199560391,39.54730427526788,42.176891048503734,28.999599999999997,29.2733,29.64905,31.008977625784162,28.289122374215836
2024-07-09,988,28.759,30.311,30.331,28.569,43457170,1301562391.54,0.04322,-0.2775233245356219,-0.33143437338789905,0.053911048852277155,53.35226529223223,38.15540115843657,83.74599355982356,63.42998353556544,55.11912352339899,29.1488,29.4156,29.6978,31.080193896186273,28.31540610381373
2024-07-10,988,30.262,30.411,30.71,30.003,30597182,934497424.79,0.03043,-0.1816868936041729,-0.3014848774311538,0.11979798382698092,65.03696321278711,47.11592184322008,100.8790459519212,64.54103889754998,55.83192059344025,29.479200000000002,29.468400000000003,29.7421,31.157567622192836,28.326632377807165
2024-07-11,988,30.958,30.739,31.018,30.142,30090489,923975832.76,0.02993,-0.07836562271936742,-0.25686102648879655,0.17849540376942913,73.46997178046794,55.90060515563603,108.60870503013177,68.32839160965452,58.206960639600624,29.879200000000004,29.630599999999998,29.799799999999998,31.280866415228687,28.31873358477131
2024-07-12,988,30.361,30.242,30.501,30.132,16585777,504392796.9,0.0165,-0.03616957718034186,-0.2127227366271056,0.17655315944676375,73.3536100981898,61.718273469820616,96.6242833549282,57.216353713641546,53.45551217873961,30.1002,29.675400000000003,29.779899999999998,31.223658530620476,28.33614146937952
2024-07-15,988,30.202,29.873,30.381,29.784,13803690,415882723.0,0.01373,-0.03213370586423281,-0.17660493047453105,0.14447122461029824,69.01555763848839,64.1507015260432,78.74526986337875,49.975338152721484,50.14040569982637,30.315199999999997,29.657400000000003,29.74155,31.12875202680087,28.35434797319913
2024-07-16,988,29.784,30.112,30.202,29.157,19981069,595425876.56,0.01987,-0.009539975279086121,-0.14319193943544206,0.13365196415635594,68.88301925928087,65.72814077045575,75.19277623693111,54.45525881126802,52.23349865233714,30.2754,29.7121,29.697249999999997,30.96713451609312,28.427365483906872
2024-07-17,988,29.943,29.346,30.341,29.346,17680807,529034986.63,0.01758,-0.05283502994566547,-0.12512055753748674,0.07228552759182127,59.95041602621957,63.802232522377025,52.24678303390468,40.50441110070639,45.54807099744755,30.062400000000004,29.770799999999998,29.639999999999997,30.86153208372988,28.418467916270114
2024-07-18,988,28.948,28.968,29.207,28.231,23098521,665037369.85,0.02297,-0.11630739437166682,-0.12335792490432276,0.007050530532655946,48.78167909701563,58.79538138058989,28.754274529867132,35.16903008744164,42.6120187617916,29.708199999999998,29.7937,29.610150000000004,30.86803515499644,28.352264845003567
2024-07-19,988,28.739,29.007,29.356,28.669,19049357,555863633.0,0.01895,-0.16159990331657426,-0.13100632058677308,-0.030593582729801172,41.80230585896007,53.13102287337994,19.144871830120323,36.209367173245425,43.025386468067296,29.4612,29.780700000000003,29.550400000000003,30.80343075108331,28.297369248916695
2024-07-22,988,29.057,29.097,29.445,28.898,15257148,446410660.76,0.01517,-0.18806440572849326,-0.14241793761511712,-0.04564646811337614,38.22581663172389,48.16262079282792,18.352208309515817,38.92346262623853,44.04013565887008,29.306,29.8106,29.541949999999996,30.805293012971354,28.27860698702864
2024-07-23,988,29.137,28.161,29.147,28.131,21122033,604325600.93,0.02101,-0.2813221850457701,-0.17019878710124772,-0.11112339794452239,25.83025808008011,40.71849988857865,-3.9462255369169696,25.423793083862563,36.63695146322513,28.9158,29.595599999999997,29.505600000000005,30.88470075964944,28.12649924035057
2024-07-24,988,28.072,27.873,28.37,27.574,16755380,470419786.76,0.01666,-0.37415580490921485,-0.2109901906628412,-0.16316561424637366,20.625251201547535,34.020750326234946,-6.165747047827288,22.537648074830784,34.680110293506544,28.621199999999998,29.3418,29.405099999999997,30.951236904131793,27.8589630958682
2024-07-25,988,27.753,27.614,27.962,27.425,12234588,340170263.04,0.01217,-0.4632857828089527,-0.2614493090920635,-0.20183647371688923,15.881425925073188,27.974308859181026,-8.304339943142487,20.0779303633324,32.95335150217882,28.3504,29.0293,29.329950000000004,31.069105811548972,27.590794188451035
2024-07-26,988,27.664,27.972,28.102,27.614,9809834,275036587.42,0.00976,-0.49927894745622226,-0.3090152367648953,-0.19026371069132697,16.840475079449803,24.263030932603947,1.9953633731415152,32.32827796495563,37.63565333759221,28.143400000000003,28.802299999999995,29.238850000000003,31.06439104741359,27.413308952586416
2024-07-29,988,27.982,27.823,28.331,27.823,10167582,286513245.75,0.01011,-0.533674971639055,-0.3539471837397273,-0.1797277878993277,15.77659472603466,21.434218863747518,4.461346450608943,30.029415166856708,36.47896426041934,27.888600000000004,28.5973,29.127349999999996,31.01487115638259,27.239828843617403
2024-07-30,988,27.674,27.942,27.992,27.176,11668839,323647819.54,0.0116,-0.5450487800827126,-0.3921675030083244,-0.1528812770743882,21.77085160375281,21.546429777082615,22.219695257093193,34.4937345828905,38.1355264714886,27.8448,28.3803,29.0462,30.993116979821732,27.099283020178266
2024-07-31,988,27.853,28.848,28.868,27.783,21979694,630553079.29,0.02186,-0.4754749971815002,-0.4088290018429596,-0.0666459953385406,39.07685097367859,27.38990350928127,62.45074590247322,58.61658293170315,49.14973296628048,28.039800000000003,28.3305,29.05065,30.99520842910747,27.10609157089253
2024-08-01,988,28.988,29.037,29.316,28.739,19522346,569411225.55,0.01942,-0.4004701815502756,-0.4071572377844228,0.006687056234147226,53.39073743478086,36.056848151114465,88.05851600211363,62.10951959132008,51.12979247884097,28.324400000000004,28.337400000000002,29.065549999999995,31.004612766010602,27.126487233989387
2024-08-02,988,28.669,28.599,29.406,28.559,15051037,437196398.51,0.01497,-0.37208213304661086,-0.40014221683686046,0.0280600837902496,56.86437802079563,42.99269144100818,84.6077511803705,50.30234145276646,46.5475054982479,28.4498,28.2966,29.03865,30.98843663070233,27.08886336929767
2024-08-05,988,28.231,27.743,28.858,27.733,17342074,491663041.64,0.01725,-0.41388543256030275,-0.402890859981549,-0.010994572578753747,46.38492167006704,44.123434850694466,50.907895308812186,34.79133596511004,39.08035405519935,28.4338,28.161199999999997,28.985900000000004,31.018428516017288,26.95337148398272
2024-08-06,988,28.121,28.151,28.34,27.873,11205977,316667337.34,0.01114,-0.4093736537455541,-0.40418741873435005,-0.005186235011204077,45.497272144768175,44.5813806153857,47.32905520353313,44.5677943238394,43.77061335318114,28.475599999999996,28.160199999999996,28.8779,30.84237158021592,26.91342841978408
2024-08-07,988,28.151,27.982,28.52,27.952,9242510,261963259.23,0.00919,-0.4146550389619712,-0.4062809427798743,-0.00837409618209689,42.37934734912797,43.847369526633116,39.44330299411767,41.476859117830514,42.299029584933464,28.3024,28.171100000000003,28.75645,30.619565384737196,26.893334615262805
2024-08-08,988,27.873,28.121,28.35,27.634,10355211,291065960.96,0.0103,-0.40297914374449206,-0.40562058297279785,0.0026414392283057864,42.378458770868576,43.357732608044934,40.41991109651586,45.22616805162373,43.98867230071703,28.1192,28.2218,28.625549999999997,30.255454159275427,26.995645840724567
2024-08-09,988,28.35,28.5,28.938,28.271,15581390,447610831.7,0.0155,-0.3590053894431193,-0.3962975442668622,0.037292154823742873,48.043038283718076,44.91950116660264,54.29011251794893,54.71808701888955,48.476442168976575,28.099399999999996,28.2746,28.53845,29.9799342460399,27.096965753960102
2024-08-12,988,28.331,28.44,28.669,28.201,7024753,200164352.22,0.00699,-0.3252481131164764,-0.38208765803678507,0.05683954492030868,47.190467960401996,45.67649009786909,50.2184236854678,52.97412129483544,47.81480829612888,28.238800000000005,28.3363,28.4668,29.764239518923873,27.169360481076126
2024-08-13,988,28.5,28.609,28.729,28.171,6841299,195601770.03,0.0068,-0.2816120919133631,-0.36199254481210075,0.08038045289873763,49.80116976141176,47.051383319049975,55.30074264613532,57.54740346252514,49.91527732119192,28.330400000000004,28.403000000000002,28.391650000000006,29.437594201994763,27.34570579800525
2024-08-14,988,28.689,28.589,28.818,28.54,7826494,225433306.65,0.00778,-0.2458105130002295,-0.3387561384497265,0.09294562544949703,51.16541490489901,48.42272718099965,56.65079035269771,56.7634604759788,49.65723946625748,28.451800000000002,28.377100000000002,28.3538,29.304811339797418,27.40278866020258
2024-08-15,988,28.569,28.649,29.017,28.47,9276428,267982634.16,0.00923,-0.2101732587178553,-0.3130395625033523,0.10286630378549699,58.574002802350144,51.80648572144981,72.1090369641508,58.784708563266996,50.49478931278464,28.5574,28.338300000000004,28.337849999999996,29.255607054197096,27.420092945802896
2024-08-16,988,29.027,29.256,29.704,28.997,27872068,820834665.75,0.02772,-0.13143554372491195,-0.2767187587476642,0.14528321502275227,65.16849784246853,56.26048976178938,82.98451400382682,73.70682475190921,58.174439054312025,28.7086,28.404000000000003,28.350299999999997,29.311982538712947,27.388617461287048
2024-08-19,988,29.147,30.252,30.62,29.147,31913288,965275860.77,0.03174,0.011204381625400828,-0.2191341306730512,0.23033851229845204,72.67093872686111,61.73063941681329,94.55153734695676,84.64983761353079,67.26453098866791,29.070999999999998,28.654899999999998,28.408050000000003,29.654954288734867,27.16114571126514
2024-08-20,988,30.341,29.804,30.401,29.674,24101100,728711346.0,0.02397,0.08709373189558534,-0.1578885581593239,0.24498229005490924,72.67144966251556,65.3775761653807,87.25919665678526,69.12202597697787,60.78248390159039,29.310000000000002,28.8202,28.490199999999998,29.877194418082393,27.103205581917603
2024-08-21,988,29.684,29.844,30.152,29.635,12218040,367037191.89,0.01215,0.14874956208565848,-0.09656093411032741,0.24531049619598588,71.21883223723987,67.32466152266709,79.00717366638543,69.7171992053328,61.14717004210816,29.561,29.006400000000003,28.588750000000005,30.068111579943462,27.109388420056547
2024-08-22,988,29.774,29.266,29.834,29.157,12757540,377845174.6,0.01269,0.14925199813673373,-0.04739834766091518,0.1966503457976489,62.383263957805994,65.67752900104672,55.79473387132455,52.25281203087702,53.32972357630753,29.6844,29.1209,28.67135,30.105336019898886,27.237363980101115
2024-08-23,988,29.167,29.177,29.485,28.938,10126900,297738841.0,0.01007,0.14084505204413844,-0.009749667719904445,0.15059471976404287,55.2815063107845,62.21218810429265,41.42014272376821,49.94119562041519,52.20852962814791,29.668600000000005,29.188599999999997,28.731600000000004,30.142944323686574,27.320255676313433
2024-08-26,988,29.376,28.818,29.455,28.759,12496692,364384882.88,0.01243,0.10401516491126372,0.013003298806329196,0.09101186610493453,42.24968637773233,55.55802086210588,15.63301740898524,41.13307978335841,47.78754378632219,29.3818,29.2264,28.781350000000003,30.126430748897608,27.4362692511024
2024-08-27,988,28.669,28.221,28.669,28.171,10707500,304797639.0,0.01065,0.026350550605894085,0.01567274916624218,0.010677801439651906,28.847007469461417,46.654349731224386,-6.767677054064521,30.42492341599805,41.42401140960143,29.065200000000004,29.187599999999996,28.795300000000005,30.10915268740938,27.48144731259063
2024-08-28,988,28.281,28.36,28.778,28.171,9101840,259599388.81,0.00905,-0.02370976602203001,0.007796246128587739,-0.03150601215061775,21.80381687565292,38.370838779367226,-11.330226931775698,35.14236266031868,43.34041069977471,28.768399999999996,29.1647,28.7709,30.098683574629142,27.44311642537086
2024-08-29,988,28.052,28.808,29.167,27.773,14467795,416163664.74,0.01439,-0.026922723311464836,0.0008524522405772224,-0.027775175552042057,26.65389688443598,34.465191481056806,11.031307691194328,48.616986580299105,49.185676893793946,28.676800000000004,29.1806,28.759450000000005,30.081508916595507,27.437391083404503
2024-08-30,988,28.848,29.754,29.993,28.818,20622640,615326099.6,0.02051,0.04633120158497661,0.009948202109457103,0.03638299947551951,42.89610375755906,37.27549557322422,54.13732012622876,66.33803364016045,58.94280178895787,28.7922,29.230399999999996,28.817200000000003,30.208823300512265,27.425576699487742
2024-09-02,988,29.664,28.968,29.993,28.968,14214054,419404663.26,0.01414,0.04049503218378092,0.01605756812432187,0.02443746405945905,45.34113236352332,39.96404116999059,56.0953147505888,49.3637746226556,50.20499190191829,28.8222,29.102000000000004,28.878449999999997,30.175631312653348,27.581268687346647
2024-09-03,988,29.027,29.127,29.266,28.888,9202100,268696398.0,0.00915,0.048144813625199845,0.02247501722449747,0.025669796400702376,50.55775190601254,43.4952780819979,64.68269955404183,52.3250211480538,51.782387614686506,29.0034,29.034299999999995,28.927249999999997,30.181941553625503,27.67255844637449
2024-09-04,988,28.769,28.778,29.057,28.52,9891148,285861759.39,0.00984,0.02574911744824604,0.023129837269247187,0.002619280178998852,48.79525802743177,45.26193806380919,55.861897954676934,45.34088382191003,48.13147933595782,29.087,28.927699999999998,28.96705,30.143555883852347,27.790544116147654
2024-09-05,988,28.769,28.997,29.296,28.739,8768400,255382677.0,0.00872,0.025379280073732247,0.023579725830144203,0.001799554243588044,50.90855039666623,47.144142174761534,58.43736684047563,50.332859372263265,50.51961592147577,29.1248,28.900799999999997,29.010849999999998,30.117910265559786,27.90378973444021
2024-09-06,988,29.007,29.077,29.903,28.918,17677600,521959195.5,0.01758,0.031182065263795522,0.025100193716874473,0.006081871546921049,53.518613177357096,49.26896584229338,62.01790784748451,52.24472901160347,51.41112662659112,28.9894,28.890800000000002,29.039700000000003,30.120467582981384,27.958932417018623
2024-09-09,988,28.968,28.769,29.376,28.669,10595300,307725374.78,0.01054,0.010803255196027095,0.022240806012705,-0.011437550816677904,50.634030406526335,49.72398736370437,52.45411649217027,44.35636346466654,47.79436809309412,28.949599999999997,28.885900000000003,29.056149999999995,30.108116034073564,28.004183965926426
2024-09-10,988,28.868,29.057,29.216,28.35,11912902,344031940.32,0.01185,0.01768819596690463,0.021330284003544926,-0.0036420880366402966,53.03529955029683,50.827758092568516,57.45038246575345,52.41779433102745,51.28988855745305,28.9356,28.969500000000004,29.078549999999996,30.109290862835152,28.04780913716484
2024-09-11,988,28.968,28.808,29.107,28.639,8660571,250533383.2,0.00861,0.003017557585494046,0.01766773871993475,-0.014650181134440703,44.64881199478094,48.768109393305984,36.41021719773086,45.568450124950196,48.24321347445663,28.9416,29.014300000000002,29.089499999999997,30.10284952664925,28.076150473350744
2024-09-12,988,28.997,28.42,29.306,28.39,11015490,319193847.49,0.01096,-0.0394624873866789,0.006241693498612016,-0.04570418088529092,31.186041025532607,42.90741993738152,7.743283201834785,36.62075517146552,43.81861402023123,28.8262,28.9755,29.07805,30.117202990105152,28.03889700989485
2024-09-13,988,28.43,28.321,28.918,28.301,10913501,313566897.5,0.01085,-0.0801922948447924,-0.011045104170068872,-0.06914719067472352,21.206840500584015,35.673893458449015,-7.727265415145986,34.543914513513954,42.72782551081997,28.675,28.8322,29.031299999999998,30.119706096813733,27.942893903186263
2024-09-16,988,28.321,28.321,28.321,28.321,0,0.0,0.0,-0.1111892403479402,-0.031073931405643147,-0.08011530894229706,14.554040150618288,28.63394235583877,-13.605764259822678,34.543914513513954,42.72782551081997,28.585400000000003,28.767499999999995,28.934749999999998,29.903195498834535,27.96630450116546
2024-09-17,988,28.321,28.321,28.321,28.321,0,0.0,0.0,-0.13420748266125315,-0.051700641656765155,-0.08250684100448799,10.118839917307804,22.462241542995113,-14.56796333406681,34.543914513513954,42.72782551081997,28.438200000000002,28.6869,28.860599999999998,29.774365004918035,27.94683499508196
2024-09-18,988,28.321,28.321,28.41,27.773,9234052,260462140.56,0.00918,-0.1507122880900731,-0.07150297094342675,-0.07920931714664634,15.321793121710712,20.082092069233646,5.801195226664845,34.543914513513954,42.72782551081997,28.3408,28.641200000000005,28.78445,29.601918100135514,27.966981899864486
2024-09-19,988,28.52,28.331,28.858,28.072,15081022,430976345.25,0.015,-0.16112816370421967,-0.08942800949558534,-0.07170015420863433,21.817772665461526,20.66065226797627,24.13201346043204,35.31231438645766,42.931061567880384,28.323,28.574599999999997,28.7377,29.546106125137737,27.929293874862264
2024-09-20,988,28.34,28.102,28.42,27.883,9848264,278106897.91,0.00979,-0.18572033788960596,-0.1086864751743895,-0.07703386271521646,21.698910848511648,21.006738461488062,23.083255622558823,26.699319703195258,39.43511901704428,28.279200000000003,28.4771,28.68395,29.512083087449486,27.855816912550512
2024-09-23,988,28.141,28.221,28.44,27.893,8777370,248998771.8,0.00873,-0.19337836224693916,-0.12562485258889944,-0.06775350965803972,24.207188663086914,22.073555195354345,28.474455598552055,36.37629587516607,42.10759782523242,28.2592,28.4223,28.6541,29.50462352917865,27.803576470821348
2024-09-24,988,28.38,29.535,29.545,28.231,24694377,719711112.29,0.02456,-0.09235398403976092,-0.11897067887907173,0.02661669483931081,49.28334774679831,31.143486045835665,85.56307114872361,76.85811592383497,62.19970710721616,28.502000000000002,28.470100000000002,28.7198,29.63034445251306,27.809255547486938
2024-09-25,988,29.754,29.555,30.182,29.495,23115987,693389888.59,0.02299,-0.010555921523710765,-0.09728772740799954,0.08673180588428878,57.51309941110756,39.93335716759296,92.67258389813676,77.12396654518042,62.41629131440224,28.7488,28.544800000000002,28.77955,29.74581082890491,27.81328917109509
2024-09-26,988,29.555,30.222,30.222,29.485,21673617,651622358.78,0.02156,0.10685915220281572,-0.056458351485836486,0.16331750368865222,71.67539960740504,50.51403798086365,113.99812286048783,84.32873587132676,68.89941834595297,29.127000000000002,28.725,28.85025,30.01235043501195,27.68814956498805
2024-09-27,988,30.71,31.914,32.173,30.59,37246212,1173367942.1,0.03704,0.3326076099406592,0.021354840799462673,0.31125276914119654,79.15481185948215,60.06096260706981,117.34251036430683,91.99926221315651,78.94857291022295,29.889400000000002,29.084300000000002,28.95825,30.720502610484733,27.195997389515266
2024-09-30,988,32.949,34.761,34.93,32.84,59215137,2019438496.6,0.05889,0.7327967707330849,0.16364322678618717,0.5691535439468978,85.31609971387581,68.47934164267181,118.98961585628382,95.97609443844286,86.78597137225842,31.197400000000005,29.7283,29.247899999999998,32.38495050208536,26.11084949791464
2024-10-01,988,34.761,34.761,34.761,34.761,0,0.0,0.0,1.0379843266732145,0.33851144676359274,0.6994728799096217,89.41133860117147,75.45667396217169,117.32066787917103,95.97609443844286,86.78597137225842,32.2426,30.372299999999996,29.529600000000006,33.517416043902045,25.54178395609797
2024-10-02,988,34.761,34.761,34.761,34.761,0,0.0,0.0,1.2652625049548192,0.5238616584018381,0.7414008465529811,92.14149785936857,81.01828192790398,114.38792972229777,95.97609443844286,86.78597137225842,33.2838,31.0163,29.828750000000003,34.4296776810572,25.227822318942806
2024-10-03,988,34.761,34.761,34.761,34.761,0,0.0,0.0,1.4289105078255382,0.7048714282865781,0.7240390795389601,93.96046804380434,85.33234396653742,111.21671619833819,95.97609443844286,86.78597137225842,34.1916,31.6593,30.116950000000003,35.19579448005983,25.038105519940174
2024-10-04,988,34.761,34.761,34.761,34.761,0,0.0,0.0,1.5408408746578601,0.8720653175608347,0.6687755570970254,95.13272383195954,88.59913725501146,108.1998969858557,95.97609443844286,86.78597137225842,34.761,32.3252,30.401149999999994,35.85709707008614,24.945202929913847
2024-10-07,988,34.761,34.761,34.761,34.761,0,0.0,0.0,1.6109761663395012,1.0198474873165682,0.5911286790229331,95.7205609139908,90.9729451413379,105.21579245929661,95.97609443844286,86.78597137225842,34.761,32.979200000000006,30.700750000000006,36.43052684418977,24.970973155810242
2024-10-08,988,38.235,37.996,38.235,35.139,72188587,2713525613.73,0.07179,1.9056294442514492,1.1970038787035444,0.7086255655479048,96.23656441885102,92.72748490050894,103.25472345553518,98.50216505006452,92.2861719103207,35.408,33.8253,31.147700000000004,37.676463890419456,24.618936109580556
2024-10-09,988,36.832,35.468,37.887,35.179,59153327,2179924360.22,0.05883,1.9131027594901404,1.3402236548608637,0.5728791046292767,85.4265127518741,90.29382751763066,75.69188322036098,62.00239105687347,68.1158347092827,35.549400000000006,34.4166,31.480700000000002,38.18404741516684,24.777352584833167
2024-10-10,988,35.687,34.871,36.334,34.532,38932021,1386470275.94,0.03872,1.8495322485291155,1.4420853735945143,0.4074468749346012,69.4996646643634,83.3624398998749,41.77411419334038,56.110348528037136,63.81034093848452,35.571400000000004,34.8815,31.803250000000002,38.50731154584885,25.099188454151154
2024-10-11,988,34.721,32.87,34.96,32.521,30046257,1010921513.6,0.02988,1.619025070442511,1.4774733129641138,0.14155175747839732,48.36904490633208,71.69797490202728,1.7111849149416685,40.59441977100314,51.83115989769466,35.193200000000004,34.9771,32.0307,38.54325170622996,25.518148293770047
2024-10-14,988,32.87,33.537,33.626,32.213,27485005,912611598.03,0.02733,1.4731858275491092,1.4766158158811131,-0.0034299883320039193,39.574713652820954,60.99022115229184,-3.2563013461208072,46.510859212277104,54.909313030937426,34.9484,34.8547,32.2915,38.59287911388016,25.99012088611984
2024-10-15,988,33.537,32.691,34.074,32.671,27490553,922104806.14,0.02734,1.2746486904953045,1.4362223908039515,-0.16157370030864704,29.028996525770825,50.33647961011816,-13.585969642923843,40.38852602910414,50.448581536319345,33.8874,34.6477,32.510000000000005,38.52839170683042,26.491608293169588
2024-10-16,988,32.103,31.825,32.611,31.536,24922512,801905272.07,0.02479,1.0354911194076237,1.356076136524686,-0.32058501711706233,20.790689926470485,40.48788304890227,-18.603696318393084,34.76695136471443,46.25261112256099,33.1588,34.3541,32.6852,38.38575467661312,26.984645323386882
2024-10-17,988,32.053,31.715,32.482,31.675,27184467,877361744.8,0.02704,0.8275415566533724,1.2503692205504233,-0.42282766389705095,14.751140152005345,31.908968749936626,-19.564517043857222,34.04467205629875,45.7256162630438,32.52759999999999,34.0495,32.8544,38.20066667182987,27.508133328170125
2024-10-18,988,31.615,34.104,34.881,31.615,61228635,2058025702.19,0.06089,0.8457629356162499,1.1694479635635886,-0.32368502794733867,22.61212000580024,28.81001916855783,10.216321680285063,57.211630222757634,57.262557461672465,32.7744,33.9838,33.1545,38.030697591092014,28.27830240890798
2024-10-21,988,34.253,34.721,35.667,34.024,56932828,1991046639.82,0.05662,0.8996199939419611,1.115482369639263,-0.21586237569730193,31.79127425149185,29.803770862869168,35.76628102873722,61.4122977493567,59.6774685346505,33.0112,33.9798,33.4795,37.80674998365659,29.15225001634342
2024-10-22,988,35.338,34.741,35.438,34.472,37902100,1326003223.32,0.03769,0.9331590568017987,1.0790177070717701,-0.14585865026997147,43.46040487128772,34.355982199008686,61.66925021584579,61.55909309029413,59.757877945377764,33.4212,33.6543,33.7398,37.67670685958608,29.80289314041392
2024-10-23,988,34.353,35.1,35.816,34.204,43466187,1534670698.66,0.04323,0.9774399857455194,1.05870216280652,-0.0812621770610007,56.730612593319535,41.814192330445636,86.56345311906733,64.47047050410256,61.27024381133365,34.07620000000001,33.6175,34.01705,37.463531377320045,30.570568622679946
2024-10-24,988,34.761,35.508,36.155,34.443,41161221,1461360322.95,0.04094,1.0335411125732747,1.053669952759871,-0.02012884018659622,66.48462142867041,50.037668696520555,99.37852689297011,67.79670007870192,62.99448008951522,34.8348,33.6812,34.281349999999996,37.284683185155465,31.27801681484453
2024-10-25,988,35.936,36.702,37.13,35.219,72100212,2645326700.26,0.07171,1.1609646038192594,1.0751288829717487,0.08583572084751068,75.10606271862495,58.39380003722202,108.5305880814308,75.76452399866172,67.59954586282308,35.3544,34.0644,34.52075,37.49268900022462,31.548810999775377
2024-10-28,988,37.528,37.15,38.763,36.762,78482362,2966551959.73,0.07805,1.283305349338825,1.1167641762451639,0.166541173093661,75.96434807135303,64.25064938193235,99.3917454501944,78.19378699352777,69.16993064165227,35.840199999999996,34.4257,34.64020000000001,37.83637769086491,31.444022309135107
2024-10-29,988,36.862,37.887,39.619,36.135,83444864,3159285648.34,0.08299,1.4233238211921773,1.1780761052345665,0.24524771595761075,76.76317191097033,68.421490224945,93.44653528302098,81.79593863334615,71.63701996422506,36.4694,34.9453,34.796499999999995,38.3077569349396,31.285243065060392
2024-10-30,988,37.728,39.639,40.316,37.598,93487841,3698048978.17,0.09298,1.6565653724027243,1.2737739586681982,0.3827914137345261,81.91520965385993,72.91939670124998,99.90683555907984,87.62660761927728,76.51143060379233,37.3772,35.72670000000001,35.0404,39.165322884128095,30.915477115871905
2024-10-31,988,39.549,39.201,39.937,38.424,70338698,2770385698.7,0.06995,1.785486070674203,1.3761163810693993,0.4093696896048038,82.03650128651054,75.9584315630035,94.19264073352463,79.94482994619176,73.08586556112881,38.1158,36.4753,35.2624,39.78295061387828,30.74184938612172
2024-11-01,988,38.823,37.329,39.111,37.27,67010033,2551704892.51,0.06664,1.7168115628165381,1.4442554174188271,0.272556145397711,71.73397642486391,74.55027985029031,66.10136957401113,55.149090291323944,60.464011663315404,38.241200000000006,36.7978,35.3908,39.996465783061865,30.785134216938133
2024-11-04,988,37.23,38.355,38.952,37.23,35267583,1355106542.24,0.03507,1.7252880986794281,1.5004619536709476,0.22482614500848053,70.46117625531937,73.18724531863333,65.00903812869146,62.74811273422812,64.16430121036908,38.4822,37.1612,35.570499999999996,40.349879810019786,30.791120189980205
2024-11-05,988,38.255,39.171,39.808,37.937,56627563,2221752872.4,0.05632,1.7773618735158365,1.5558419376399255,0.221519935875911,73.80878462426818,73.39442508717828,74.637503698448,67.93330347299812,66.85573018514674,38.739,37.604200000000006,35.62925,40.560637287462946,30.697862712537052
2024-11-06,988,39.4,39.022,40.256,38.623,54118658,2145709541.13,0.05382,1.786019539002865,1.6018774579125135,0.18414208109035157,74.07669547183241,73.62184854872964,74.98638931803794,65.92268935049633,65.87026535506928,38.61559999999999,37.9964,35.80695,40.964804775409476,30.649095224590525
2024-11-07,988,38.643,39.012,39.42,38.434,40634396,1584338293.48,0.04041,1.771651390435693,1.6358322444171498,0.13581914601854317,72.32156003631208,73.18841904459045,70.58784201975536,65.76592694537993,65.7992543339781,38.5778,38.3468,36.013999999999996,41.34327193605514,30.684728063944853
2024-11-08,988,39.271,39.619,40.565,39.271,64622864,2599560266.59,0.06427,1.7886261869664182,1.6663910329270037,0.12223515403941443,74.42957275558504,73.6021369482553,76.08444437024451,70.82020544509658,68.0780383672206,39.035799999999995,38.6385,36.35145,41.69716645437076,31.005733545629244
2024-11-11,988,40.206,43.581,43.581,39.868,98420745,4182434641.19,0.09788,2.0975993046247865,1.7526326872665605,0.344966617358226,82.95304850372335,76.71910746674465,95.42093057768076,86.46827528490576,78.34978257905495,40.081,39.2816,36.85365,42.92412069275382,30.783179307246186
2024-11-12,988,42.874,40.774,43.003,40.465,89391737,3752991223.7,0.0889,2.0918477665551265,1.8204757031242738,0.27137206343085274,73.9027776252713,75.7803308529202,70.14767116997348,59.390853931987806,62.74521498655856,40.4016,39.570299999999996,37.257799999999996,43.23697725725608,31.278622742743913
2024-11-13,988,40.415,40.594,41.152,39.619,49820329,2022018145.02,0.04955,2.049143880414455,1.8662093385823102,0.18293454183214486,66.92453059340765,72.82839743308269,55.11679691405757,57.99339083737691,61.883022735094286,40.716,39.6658,37.69625,43.27035006425432,32.122149935745675
2024-11-14,988,40.654,38.932,40.873,38.633,45907980,1829037742.34,0.04566,1.859753156168459,1.86491810209954,-0.0051649459310809664,53.5493301630958,66.40204167642038,27.84390713644663,46.000517308080276,54.359122678879956,40.7,39.6389,38.057100000000005,42.88536724503502,33.22883275496499
2024-11-15,988,38.773,37.379,39.32,37.329,43866596,1685376802.54,0.04363,1.5662903020592793,1.805192542091488,-0.23890224003220872,35.966134802695116,56.25673938517862,-4.6150743622718835,37.34166855746018,48.36492557061001,40.252,39.6439,38.22085,42.69367603589417,33.748023964105826
2024-11-18,988,37.389,36.254,37.598,35.896,37129106,1365960325.64,0.03693,1.2287762106397295,1.6899092758011363,-0.46113306516140673,25.5302317032064,46.01457015785454,-15.438445206089881,32.09070495097649,44.48813444146069,38.7866,39.4338,38.2975,42.5656529346649,34.0293470653351
2024-11-19,988,36.533,37.349,37.429,36.035,31232748,1153832830.43,0.03106,1.0376893730815127,1.5594652952572114,-0.5217759221756988,23.32247500664853,38.45053844078587,-6.933651861626146,41.67088210274933,48.842282532655176,38.1016,39.251599999999996,38.4279,42.38669412261708,34.46910587738292
2024-11-20,988,37.349,37.359,37.688,36.981,36571348,1371870479.54,0.03637,0.8769496641902421,1.4229621690438177,-0.5460125048535756,21.89401174808883,32.93169620988685,-0.18135717550721608,41.760920125548985,48.882227653054585,37.4546,39.085300000000004,38.54085,42.218798986510386,34.86290101348961
2024-11-21,988,37.25,37.12,37.538,36.682,28233310,1054197570.56,0.02808,0.721954739398619,1.282760683114778,-0.560805943716159,19.905051423471043,28.589481281081582,2.536191708249966,39.99049928149424,47.90692956164116,37.092200000000005,38.896100000000004,38.62145,42.08389285379468,35.159007146205326
2024-11-22,988,37.081,35.438,37.339,35.428,30644012,1120899659.95,0.03048,0.458115926648496,1.1178317318215216,-0.6597158051730256,13.314038682754095,23.497667081639086,-7.053218115015888,29.44749919152244,41.54331095746081,36.70399999999999,38.478,38.55825,42.209222638973166,34.907277361026836
2024-11-25,988,35.488,35.169,35.717,34.512,28819602,1012994161.14,0.02866,0.22472522233830006,0.9392104299248772,-0.7144852075865772,12.17421855958705,19.723184240955074,-2.9237128031489945,28.029331278356963,40.60234953027704,36.487,37.6368,38.459199999999996,42.3693281497379,34.54907185026209
2024-11-26,988,35.179,34.94,35.896,34.91,22162322,787579410.24,0.02204,0.021040479960369396,0.7555764399319757,-0.7345359599716063,10.3589796423553,16.601782708088482,-2.126626489111068,26.715017248782743,39.765874436137494,36.0052,37.053399999999996,38.31185,42.52327182641496,34.10042817358504
2024-11-27,988,35.01,35.627,35.637,34.453,27669692,975341800.92,0.02752,-0.08397794190224062,0.5876655635651324,-0.6716435054673731,14.946531596376033,16.050032337517663,12.739530114092773,37.29929716885295,43.570548791812634,35.6588,36.5567,38.11125,42.43714840380056,33.78535159619943
2024-11-28,988,35.538,35.07,35.826,35.04,25330266,899006482.51,0.02519,-0.20973336710054724,0.4281857774319965,-0.6379191445325437,16.321902053431494,16.140655576155606,16.68439500798327,32.70387657364439,41.265153684494834,35.2488,36.1705,37.9047,42.402583109103894,33.4068168908961
2024-11-29,988,35.04,35.548,36.015,34.771,31322470,1115537221.53,0.03115,-0.2677385194114663,0.2890009180633039,-0.5567394374747703,22.16411193052052,18.148474360943908,30.195387069673743,40.28079455568715,44.03727634152792,35.2708,35.987399999999994,37.81565,42.43052367792035,33.20077632207965
2024-12-02,988,35.637,36.304,36.414,35.518,35621427,1291640387.63,0.03543,-0.24982530803783476,0.18123567284307615,-0.43106098088091094,33.84871758788951,23.381888769925773,54.782375223816985,50.795208671092105,48.25131381903447,35.4978,35.9924,37.713100000000004,42.36848483456512,33.057715165434885
2024-12-03,988,36.274,35.986,36.344,35.647,27387490,988347250.42,0.02724,-0.2583112500324276,0.09332628826797539,-0.351637538300403,39.12983117420616,28.6312029046859,60.12708771324668,46.64944879385324,46.63974231963916,35.707,35.856100000000005,37.55385,42.21714629407353,32.890553705926465
2024-12-04,988,36.035,35.418,36.304,35.229,22804000,816621674.77,0.02268,-0.30732660344662577,0.013195709925055137,-0.3205223133716809,37.23231526189856,31.49824035709012,48.70046507151545,39.70375763792465,43.78987945986845,35.665200000000006,35.662,37.373650000000005,42.076438166273945,32.670861833726065
2024-12-05,988,35.398,36.792,37.349,35.289,46225894,1696307635.07,0.04597,-0.23261981078314165,-0.035967394216584236,-0.1966524165665574,51.74373503647753,38.246738583552585,78.73772794232744,57.89967755847746,51.595083371823364,36.0096,35.6292,37.262649999999994,41.907052053180045,32.61824794681994
2024-12-06,988,36.742,37.23,37.598,36.573,33601945,1253282816.71,0.03342,-0.13649773891536654,-0.05607346315634071,-0.08042427575902583,63.9287857317905,46.80742096629855,98.17151526277439,62.25672217023207,53.82482345067399,36.346,35.8084,37.1432,41.653376777957284,32.633023222042716
2024-12-09,988,38.006,37.25,38.126,37.16,31677365,1194450823.03,0.0315,-0.05803745196579513,-0.05646626091823159,-0.001571191047563536,68.0026191111474,53.872487014581495,96.2628833042792,62.469549547353026,53.9305349856068,36.535199999999996,36.0165,36.82665,40.17282168685331,33.48047831314669
2024-12-10,988,38.424,37.28,38.683,37.23,35714894,1357443228.25,0.03552,0.006488840680923147,-0.043875240598400644,0.05036408127932379,66.71374334744523,58.15290579220273,83.83541845793022,62.846651125288815,54.102477343894414,36.794,36.2505,36.65195,39.45039546884681,33.85350453115319
2024-12-11,988,37.479,38.623,38.673,37.359,44409082,1706907543.2,0.04417,0.16410358459864938,-0.00227947555899063,0.16638306015764,77.29791478786734,64.53457545742427,102.82459344875349,75.87088078848548,61.178446610599416,37.435,36.5501,36.553399999999996,38.8635468989527,34.243253101047294
2024-12-12,988,38.623,38.295,38.972,37.738,33802513,1300156071.18,0.03362,0.25955555109146644,0.0500875297711008,0.20946802132036563,78.83624455445498,69.30179848976783,97.90513668382926,68.80224261839959,58.76465765711618,37.7356,36.8726,36.52155,38.707863549527154,34.33523645047284
2024-12-13,988,37.927,37.499,38.215,37.409,27656885,1046853894.99,0.02751,0.26788338180701743,0.09364670017828415,0.1742366816287333,72.773009772433,70.45886891732289,77.40129148265322,54.11876373541765,53.206934929552936,37.7894,37.0677,36.52755,38.72440473491528,34.330695265084714
2024-12-16,988,37.827,37.777,38.614,37.528,33879923,1296629370.83,0.03369,0.2935318716063122,0.1336237344638898,0.1599081371424224,71.20658572948912,70.70810785471163,72.2035414790441,57.88554600402718,54.834389375099015,37.894800000000004,37.214999999999996,36.6037,38.86526118411102,34.34213881588899
2024-12-17,988,37.588,37.638,38.882,37.429,31200756,1194278311.18,0.03103,0.2991934306045465,0.16673767369202117,0.13245575691252534,68.73089967267775,70.04903846070033,66.09462209663258,55.168017942052835,53.81350353432712,37.9664,37.380199999999995,36.61815,38.90333148766852,34.33296851233148
2024-12-18,988,37.897,37.777,38.195,37.081,27306521,1031832913.73,0.02716,0.311307832319919,0.19565170541760077,0.11565612690231822,62.549792500973716,67.54928980745812,52.550797888004894,57.55897102477016,54.732884589019314,37.797200000000004,37.6161,36.63905,38.96012493019568,34.31797506980431
2024-12-19,988,37.14,40.415,41.261,37.14,86224602,3438609663.0,0.08575,0.5276902515291724,0.2620594146399151,0.26563083688925726,68.28678351739552,67.79512104410392,69.27010846397872,80.8355877570689,67.94397685060423,38.221199999999996,37.9784,36.803799999999995,39.671908901992424,33.93569109800757
2024-12-20,988,40.017,40.584,41.241,39.619,61803376,2520089751.66,0.06147,0.7046885543110193,0.350585242574136,0.3541033117368833,73.45913159532907,69.68312456117897,81.01114566362926,81.61091874539747,68.58473929206437,38.8382,38.3138,37.061099999999996,40.31117425988098,33.811025740119014
2024-12-23,988,41.072,39.818,41.371,39.768,46138800,1880554342.56,0.04589,0.7742263863559273,0.43531347133049425,0.3389129150254331,70.23926566339728,69.86850492858507,70.98078713302169,66.89163269754201,62.415773173134255,39.2464,38.5706,37.293549999999996,40.63748285471557,33.94961714528442
2024-12-24,988,39.718,39.788,40.415,39.111,32218623,1281677765.18,0.03204,0.8174913386833396,0.5117490448010633,0.30574229388227625,67.8595881423425,69.19886599983754,65.18103242735245,66.32939720269144,62.176830061117926,39.6764,38.8214,37.53595,40.864356951017726,34.207543048982274
2024-12-25,988,40.017,39.848,40.545,39.509,31623150,1268463758.16,0.03145,0.8468585652796676,0.5787709488967842,0.2680876163828835,66.7393369278398,68.3790229758383,63.4599648318428,66.99518376311121,62.49013283765904,40.0906,38.9439,37.747,41.10094611261422,34.39305388738578
2024-12-26,988,39.46,42.954,43.461,39.221,77509709,3253298706.18,0.07709,1.1079883460570699,0.6846144283288413,0.4233739177282285,75.17732179724325,70.64512258297327,84.24172022578321,85.18855177709571,74.44455388916828,40.598400000000005,39.409800000000004,38.141200000000005,41.98748819567839,34.29491180432162
2024-12-27,988,43.003,42.784,45.273,42.605,98435656,4345120211.34,0.0979,1.2863893042609433,0.8049694035152618,0.48141990074568153,73.32378093774548,71.53800870123067,76.89532541077511,82.21209078948253,73.05439198326273,41.0384,39.9383,38.503,42.670142198829744,34.335857801170256
2024-12-30,988,43.003,44.497,46.119,43.003,82473110,3712606626.83,0.08202,1.5481520002410605,0.9536059228604216,0.5945460773806389,76.23370451540485,73.10324063928871,82.49463226763714,87.49516415765684,77.64354373234033,41.9742,40.6103,38.91265,43.729730892648604,34.095569107351395
2024-12-31,988,44.079,43.103,44.955,42.774,56808440,2491178973.3,0.0565,1.6243916965190337,1.087763077592144,0.5366286189268896,72.9593074836708,73.05526292074941,72.76739660951358,67.82393921381794,67.44601989913909,42.6372,41.156800000000004,39.2685,44.224760113815066,34.31223988618494
2025-01-01,988,43.103,43.103,43.103,43.103,0,0.0,0.0,1.665612066007256,1.2033328752751666,0.46227919073208934,67.62736176232545,71.24596253460808,60.39016021776018,67.82393921381794,67.44601989913909,43.2882,41.6894,39.65275,44.54324608397483,34.762253916025166
