交易日期,市场风险溢价因子(流通市值加权),市场风险溢价因子(总市值加权),市值因子(流通市值加权),市值因子(总市值加权),帐面市值比因子(流通市值加权),帐面市值比因子(总市值加权),盈利能力因子(流通市值加权),盈利能力因子(总市值加权),投资模式因子(流通市值加权),投资模式因子(总市值加权)
2020-01-02,0.013908,0.014448,0.004967,0.004605,0.001074,0.000124,-0.003879,-0.004481,0.003834,0.004429
2020-01-03,0.000695,0.000842,0.005731,0.005036,0.001827,0.000648,-0.006727,-0.007367,0.006076,0.006464
2020-01-06,0.000904,0.001042,0.006816,0.006748,-0.001526,-0.001851,-0.003094,-0.00299,0.00303,0.003403
2020-01-07,0.008288,0.00882,0.005132,0.004944,-0.002979,-0.004049,-0.00255,-0.001237,-0.001533,-0.001421
2020-01-08,-0.012279,-0.012487,-0.002246,-0.001641,-0.001237,-0.001198,0.002713,0.002498,-0.001798,-0.001659
2020-01-09,0.010808,0.011747,0.006063,0.005795,-0.007443,-0.007967,0.003912,0.005289,-0.006296,-0.005936
2020-01-10,-0.001184,-0.001143,-7.7e-05,0.000681,-0.003269,-0.003217,0.005037,0.006216,-0.005215,-0.005549
2020-01-13,0.009011,0.009573,0.001149,0.001774,-0.003803,-0.004155,0.004377,0.004594,-0.006694,-0.006862
2020-01-14,-0.002605,-0.002477,0.002883,0.003261,0.004241,0.00503,-0.002746,-0.002815,-0.000441,-0.001208
2020-01-15,-0.004924,-0.004363,0.000606,0.001283,-0.006611,-0.006924,0.003245,0.004086,-0.003135,-0.003208
2020-01-16,-0.004359,-0.002073,-0.000366,0.000489,-0.003617,-0.003853,0.005152,0.005793,-0.002582,-0.003737
2020-01-17,-0.000934,-0.00088,-0.002525,-0.002271,0.001478,0.001861,0.005422,0.006002,-0.0031,-0.00348
2020-01-20,0.008157,0.009456,0.002726,0.001786,-0.002744,-0.003353,0.000858,0.001674,-0.002257,-0.002723
2020-01-21,-0.013949,-0.013352,0.004177,0.003289,-0.002615,-0.00326,-0.000156,0.001121,0.001042,0.000537
2020-01-22,0.003282,0.004098,-0.003523,-0.003188,0.000779,0.000429,0.005633,0.006816,-0.005734,-0.005598
2020-01-23,-0.029294,-0.02949,-0.004256,-0.004317,0.00497,0.004592,-0.000452,0.000535,0.003235,0.001869
2020-02-03,-0.078931,-0.079716,-0.007799,-0.008285,-0.001034,-0.002487,0.003047,0.004297,0.000459,-0.000301
2020-02-04,0.016793,0.016369,-0.026527,-0.025172,-0.002849,-0.005743,0.021865,0.024093,-0.016607,-0.018586
2020-02-05,0.015109,0.016664,0.01224,0.010688,-0.00671,-0.006146,-0.007601,-0.006649,-0.000171,-5.7e-05
2020-02-06,0.019599,0.021011,0.005143,0.003806,-0.006617,-0.007215,-0.00624,-0.006033,-0.001476,-0.001787
2020-02-07,0.002128,0.003257,0.010355,0.010715,-0.006147,-0.006589,-0.001293,-0.002556,0.001025,0.001061
2020-02-10,0.006965,0.007623,0.008685,0.008203,0.002233,0.002399,-0.006053,-0.006364,0.000878,0.001345
2020-02-11,0.003647,0.002989,-0.009415,-0.008441,-0.000918,-0.000218,0.009078,0.008553,-0.005277,-0.005209
2020-02-12,0.010427,0.010965,0.00624,0.005542,-0.006183,-0.006569,-0.001959,-0.002089,3e-05,0.000531
2020-02-13,-0.007391,-0.007236,-0.004145,-0.003932,0.001321,0.001205,0.001539,0.001652,-0.002548,-0.002451
2020-02-14,0.004477,0.004296,-0.003885,-0.003535,0.002348,0.001586,0.00315,0.002642,-0.001637,-0.000997
2020-02-17,0.025024,0.026007,0.009901,0.009014,-0.004763,-0.004828,-0.0077,-0.007135,0.004599,0.00491
2020-02-18,0.002471,0.004147,0.018215,0.018033,-0.007082,-0.008633,-0.009104,-0.008363,0.002247,0.0026
2020-02-19,-0.003146,-0.003785,-0.001708,-0.001501,0.003254,0.002401,0.002535,0.001691,-0.002449,-0.002229
2020-02-20,0.018964,0.019354,0.001019,0.000579,-0.003142,-0.001526,-5.6e-05,-0.00131,0.002385,0.003319
2020-02-21,0.004895,0.00583,0.005641,0.004941,-0.00704,-0.007485,-0.00425,-0.004187,0.001399,0.001823
2020-02-24,0.001003,0.003001,0.014908,0.014191,-0.007597,-0.008772,-0.001693,-0.001514,5.9e-05,0.000309
2020-02-25,-0.00222,-0.00179,0.00279,0.002645,-0.002688,-0.003499,-0.001911,-0.001829,0.000892,0.000289
2020-02-26,-0.012532,-0.014877,-0.006199,-0.00667,0.020407,0.019852,-0.002424,-0.005268,0.006016,0.006959
2020-02-27,0.001874,0.001606,0.002066,0.002304,-0.002973,-0.003347,0.007788,0.006955,-0.004326,-0.004619
2020-02-28,-0.039607,-0.041162,-0.015358,-0.015002,0.011201,0.009433,0.010743,0.009575,-0.003564,-0.004651
2020-03-02,0.032993,0.033325,0.007322,0.007432,0.001173,0.00093,0.003312,0.00213,-0.001523,2e-06
2020-03-03,0.007642,0.008126,0.005201,0.005022,-0.002933,-0.003254,-0.002725,-0.002515,-0.002002,-0.001621
2020-03-04,0.0053,0.005173,0.005245,0.004218,0.004328,0.003324,6e-05,-0.002033,0.00034,0.00085
2020-03-05,0.018719,0.018968,0.000384,-0.000368,-0.003789,-0.002799,-0.000262,-7.2e-05,-0.001286,-0.000656
2020-03-06,-0.010747,-0.010434,0.012002,0.010776,-0.002068,-0.00309,-0.008782,-0.007631,0.003955,0.003113
2020-03-09,-0.032145,-0.03259,-0.002028,-0.002482,0.007105,0.006507,-0.008995,-0.008583,0.007394,0.006647
2020-03-10,0.019672,0.020088,0.001891,0.002482,-0.008499,-0.008429,0.00283,0.002398,-0.0044,-0.003125
2020-03-11,-0.011179,-0.01149,0.001842,0.001784,-0.000823,-0.000273,-0.00841,-0.00805,0.002677,0.002591
2020-03-12,-0.017154,-0.017254,-0.000608,-0.00049,0.005632,0.004806,-0.001592,-0.002929,0.004304,0.004476
2020-03-13,-0.012174,-0.011793,0.000641,-0.000135,-0.000857,-0.001791,-0.004135,-0.004647,0.001435,0.001314
2020-03-16,-0.037107,-0.038711,-0.001695,-0.002371,0.01212,0.011068,-0.005373,-0.006525,0.008678,0.00775
2020-03-17,-0.003614,-0.00364,0.001063,0.000555,0.006094,0.004531,0.000646,-8.9e-05,-0.002788,-0.002321
2020-03-18,-0.017613,-0.017198,0.002008,0.002009,-0.001119,-0.00185,0.003419,0.003451,-0.00355,-0.004387
2020-03-19,-0.007845,-0.006065,0.018522,0.017114,-0.004862,-0.005559,-0.006335,-0.00669,0.005234,0.005774
2020-03-20,0.01577,0.014937,-0.002188,-0.001445,-0.003199,-0.001727,0.004012,0.004072,-0.003972,-0.00341
2020-03-23,-0.033974,-0.035279,-0.005453,-0.004841,0.004694,0.004837,-1e-05,-0.001319,0.006499,0.005348
2020-03-24,0.023713,0.023021,-0.005544,-0.00464,-0.004295,-0.002981,0.002338,0.001673,-0.001905,-0.001625
2020-03-25,0.023469,0.024098,0.000605,0.000335,-0.005756,-0.005041,0.002089,0.004457,-0.006499,-0.006556
2020-03-26,-0.006527,-0.006448,-0.003348,-0.002515,0.000353,0.000306,-0.000225,0.002271,-0.00431,-0.00475
2020-03-27,0.000655,2e-05,-0.005324,-0.004692,0.006211,0.006437,0.008352,0.007872,-0.003229,-0.003325
2020-03-30,-0.012006,-0.01314,-0.01177,-0.011409,0.010343,0.010199,0.000313,0.000318,0.000392,0.000297
2020-03-31,0.00094,0.001614,-0.003621,-0.002533,-0.008581,-0.006156,0.000787,0.003015,-0.006405,-0.007691
2020-04-01,-0.00441,-0.004524,-0.001522,-0.0011,0.000484,-0.000274,0.003062,0.003337,-0.00176,-0.001299
2020-04-02,0.017817,0.01841,0.003697,0.004299,-0.008413,-0.007541,0.003275,0.003032,-0.002885,-0.001907
2020-04-03,-0.005866,-0.005684,0.001921,0.001721,-0.004423,-0.003736,-0.003443,-0.001779,-0.003759,-0.003995
2020-04-07,0.023332,0.024162,0.009739,0.008868,-0.007753,-0.007696,-0.002073,-0.002382,-0.003002,-0.002386
2020-04-08,-0.002459,-0.002154,0.008244,0.007151,-0.00052,-0.001729,-0.005767,-0.006103,0.00489,0.005495
2020-04-09,0.004985,0.005466,0.004185,0.003909,-0.005839,-0.005791,-0.001328,-0.001424,0.00329,0.002809
2020-04-10,-0.011811,-0.01324,-0.01473,-0.013989,0.003833,0.005069,0.006048,0.005756,-0.003112,-0.003313
2020-04-13,-0.005332,-0.005982,-0.003001,-0.002536,0.00305,0.003038,0.005784,0.006113,-0.002786,-0.002843
2020-04-14,0.016916,0.017803,0.001209,0.000529,-0.004904,-0.004983,0.001843,0.00256,-0.004136,-0.003822
2020-04-15,-0.005765,-0.005378,-0.000117,-0.000103,0.000924,0.00096,0.000216,0.001533,0.000777,-0.000465
2020-04-16,0.002828,0.003508,0.001518,0.001669,-0.001375,-0.001485,0.001057,0.001862,-0.000479,-0.00075
2020-04-17,0.006271,0.005605,-0.006889,-0.006023,-0.002102,-0.001929,0.008045,0.00731,-0.005885,-0.006236
2020-04-20,0.005739,0.006459,0.007046,0.007611,-0.004874,-0.005062,0.003201,0.00356,-0.003322,-0.004105
2020-04-21,-0.008918,-0.008701,0.006268,0.006112,0.002685,0.002165,-0.002284,-0.003097,0.001194,0.001307
2020-04-22,0.007157,0.007378,0.00285,0.002216,-0.00678,-0.006265,-0.000116,-0.000185,-0.003405,-0.002933
2020-04-23,-0.003007,-0.003334,-0.003011,-0.0031,-0.001007,-0.000184,-0.001844,-0.001989,-0.000712,-0.001162
2020-04-24,-0.011367,-0.012037,-0.010902,-0.009792,0.002185,0.003272,0.005194,0.004558,-0.001262,-0.001728
2020-04-27,0.002505,0.002027,-0.010979,-0.009827,0.001894,0.001987,0.006731,0.007302,-0.005599,-0.005633
2020-04-28,-0.001906,-0.002126,-0.020618,-0.018804,-0.004134,-0.00343,0.011424,0.014294,-0.011755,-0.012288
2020-04-29,0.003596,0.003351,-0.005964,-0.005336,0.010035,0.009011,0.004884,0.004425,-0.004303,-0.004045
2020-04-30,0.013846,0.01505,0.004645,0.004814,-0.003181,-0.002814,-0.004764,-0.00404,0.001797,0.00233
2020-05-06,0.007625,0.008677,0.008164,0.008473,-0.010593,-0.010727,0.002316,0.003417,-0.004929,-0.004234
2020-05-07,-0.002359,-0.001929,7.8e-05,0.000499,-0.001101,-0.001534,0.005222,0.005515,-0.004213,-0.003679
2020-05-08,0.009602,0.009829,0.00137,0.001725,-0.005056,-0.004629,0.002643,0.002778,-0.001736,-0.001441
2020-05-11,-0.000279,-0.000625,-0.000168,0.000678,0.003167,0.003868,0.001337,0.001321,-0.000962,-0.001185
2020-05-12,-0.000341,0.000501,-0.000804,-0.000337,-0.003325,-0.00364,0.003514,0.004812,-0.00412,-0.00464
2020-05-13,0.00337,0.004006,0.002794,0.003109,-0.00151,-0.001817,0.005489,0.006402,-0.004004,-0.004218
2020-05-14,-0.009871,-0.009565,0.001524,0.001721,-0.000388,-0.000578,-0.001156,-0.001566,0.001779,0.001859
2020-05-15,-6.2e-05,0.000332,0.002852,0.002878,0.002246,0.002098,-0.000552,-0.000514,-0.001708,-0.001748
2020-05-18,0.000598,-0.000317,-0.00779,-0.007032,-0.00144,0.000549,0.001958,0.002783,-0.006874,-0.007256
2020-05-19,0.009139,0.010005,0.003372,0.003587,-0.003699,-0.003948,0.003512,0.004663,-0.004502,-0.004733
2020-05-20,-0.005815,-0.006342,-0.002312,-0.002315,0.00398,0.004714,3.1e-05,-0.000373,0.001458,0.001784
2020-05-21,-0.006373,-0.006833,-0.003331,-0.003359,0.000561,0.001237,0.001319,0.000945,-0.000332,-0.000554
2020-05-22,-0.019509,-0.019259,0.003912,0.003645,0.003802,0.003916,-0.00711,-0.006685,0.002565,0.002195
2020-05-25,0.000598,0.000407,1.6e-05,0.000169,0.000902,0.000856,0.003319,0.003954,-0.002833,-0.003586
2020-05-26,0.012854,0.014428,0.008884,0.008575,-0.008551,-0.008649,0.00308,0.004629,-0.004022,-0.003798
2020-05-27,-0.004614,-0.00497,0.002749,0.002792,0.006112,0.006613,-0.002745,-0.002192,0.00254,0.002042
2020-05-28,0.001998,0.001527,-0.005366,-0.004767,0.003073,0.00393,0.001069,0.000533,0.002321,0.002365
2020-05-29,0.003486,0.004419,0.005132,0.00433,-0.006401,-0.006459,-0.002881,-0.000868,-0.003879,-0.004884
2020-06-01,0.024681,0.025306,0.003484,0.003761,-0.00762,-0.007098,0.003109,0.003813,-0.002672,-0.000974
2020-06-02,0.002927,0.002536,0.002482,0.002013,0.006846,0.006394,-0.003796,-0.00488,0.001618,0.001954
2020-06-03,0.00116,0.001245,0.002216,0.002554,-0.001907,-0.001889,-0.001648,-0.001278,0.000849,0.000419
2020-06-04,-9.9e-05,0.000181,0.00696,0.006715,-0.003087,-0.002931,0.000819,0.000826,-0.001455,-0.001746
2020-06-05,0.00356,0.003584,-0.004915,-0.004761,-0.003595,-0.004037,-0.000314,3.4e-05,-0.003183,-0.002767
2020-06-08,0.002227,0.001704,-0.005843,-0.005204,-0.000313,0.000804,0.002017,0.002125,-9.6e-05,-0.000648
2020-06-09,0.005825,0.006285,8.6e-05,-9e-06,-0.003518,-0.002795,0.001736,0.002384,0.000733,-0.000209
2020-06-10,-0.001169,-0.000872,-8.4e-05,-0.000202,-0.00291,-0.002896,0.005654,0.005975,-0.006041,-0.006207
2020-06-11,-0.00722,-0.006674,0.004931,0.004747,4e-06,-0.000117,0.000451,0.000694,0.000122,0.000632
2020-06-12,0.000762,0.001032,0.000563,0.000901,-0.003229,-0.00277,0.000255,0.000991,-0.001172,-0.001415
2020-06-15,-0.007904,-0.007022,0.006893,0.005843,0.001465,0.001114,-0.005759,-0.005336,0.001731,0.00156
2020-06-16,0.015121,0.015458,0.001679,0.002844,-0.003539,-0.003162,0.00566,0.006792,-0.002944,-0.00314
2020-06-17,0.001986,0.00175,0.00219,0.002024,-0.002631,-0.002075,-0.002602,-0.0022,0.001942,0.001966
2020-06-18,0.002337,0.001821,-0.006058,-0.005766,0.000403,-6e-06,0.005221,0.004115,0.000614,0.000398
2020-06-19,0.00977,0.010557,-0.005901,-0.005377,-0.005203,-0.004108,0.003675,0.004336,-0.0046,-0.004162
2020-06-22,0.000424,0.000754,0.002115,0.002221,-0.003519,-0.003425,-0.002597,-0.002609,0.001243,0.002326
2020-06-23,0.002697,0.002837,-0.003583,-0.002566,-0.007458,-0.00663,0.005482,0.007096,-0.0042,-0.004594
2020-06-24,0.003121,0.003,-0.00634,-0.006063,0.001581,0.001154,0.007092,0.007204,-0.004227,-0.003861
2020-06-29,-0.005386,-0.005152,0.001208,0.001111,-0.000815,-0.001896,0.001361,0.001885,-0.003872,-0.003445
2020-06-30,0.012989,0.013688,0.004228,0.00481,-0.00693,-0.006151,0.002458,0.003155,-0.004172,-0.003045
2020-07-01,0.013209,0.011703,-0.007364,-0.006991,0.002958,0.003215,0.00829,0.005974,-0.004484,-0.003031
2020-07-02,0.018916,0.018454,-0.005629,-0.006142,0.010249,0.011074,-0.004999,-0.007047,-0.001388,0.000364
2020-07-03,0.01846,0.018415,-0.005842,-0.005969,0.008329,0.008409,-0.003581,-0.005131,-0.000235,0.000185
2020-07-06,0.053194,0.051757,-0.014974,-0.014471,0.021301,0.020806,-0.005987,-0.008841,-0.003049,-0.000752
2020-07-07,0.007753,0.008555,-0.000724,0.000379,-0.017647,-0.016774,0.006751,0.009599,-0.004226,-0.004414
2020-07-08,0.017126,0.017922,0.00325,0.002562,-0.005656,-0.004902,-0.009008,-0.010831,0.003142,0.004589
2020-07-09,0.016732,0.018208,0.007405,0.006673,-0.013824,-0.013509,-0.001127,-0.001144,0.000107,-0.000373
2020-07-10,-0.013941,-0.012712,0.004707,0.004954,-0.012132,-0.012698,-0.00031,0.000227,-0.000279,-0.002099
2020-07-13,0.023365,0.024163,0.007113,0.005756,-0.010458,-0.012071,-0.00288,-0.003228,0.002192,0.002593
2020-07-14,-0.009125,-0.008448,0.006272,0.005061,0.000159,0.000721,-0.006855,-0.007464,0.006337,0.007305
2020-07-15,-0.016203,-0.016608,-0.006916,-0.005966,-0.004213,-0.003228,0.016249,0.019804,-0.006953,-0.009443
2020-07-16,-0.044558,-0.046018,0.0028,0.00133,0.023664,0.020637,-0.007653,-0.010809,0.008118,0.008915
2020-07-17,0.003525,0.003495,-0.002721,-0.003642,-0.007725,-0.009374,0.009475,0.010298,-0.006346,-0.006879
2020-07-20,0.030306,0.029814,0.004867,0.003912,0.00783,0.008423,-0.009462,-0.012206,0.002303,0.003604
2020-07-21,0.003319,0.003574,-0.000367,0.000465,-0.009006,-0.007975,0.003997,0.005013,-0.00048,-0.002095
2020-07-22,0.005084,0.005481,-0.002001,-0.001074,-0.007057,-0.006148,0.002592,0.002734,-0.00248,-0.003479
2020-07-23,-0.001584,-0.001541,-0.001717,-0.00188,-0.006991,-0.007563,0.002293,0.001821,0.000217,0.000664
2020-07-24,-0.041285,-0.042328,0.004257,0.003655,0.013214,0.012057,-0.00749,-0.009745,0.006117,0.00731
2020-07-27,0.002695,0.00242,-0.003218,-0.003977,-0.006211,-0.006956,0.001906,0.000693,0.002201,0.001941
2020-07-28,0.008841,0.009388,0.002729,0.003577,-0.006757,-0.005488,0.002899,0.003905,-0.002899,-0.003257
2020-07-29,0.022642,0.023549,-0.000323,0.000577,-0.007885,-0.008165,0.001223,0.003024,-0.003127,-0.0048
2020-07-30,-0.003658,-0.003475,0.00499,0.005459,0.003734,0.004305,-0.00044,-0.000661,-0.000482,-0.000803
2020-07-31,0.008498,0.009317,0.005481,0.005835,-0.006408,-0.005911,0.001875,0.00254,0.000279,-0.000412
2020-08-03,0.019519,0.020211,0.009434,0.008314,-0.004734,-0.00466,-0.008884,-0.010975,0.003087,0.004119
2020-08-04,0.000588,-0.00049,-0.004111,-0.003698,0.007669,0.00818,0.004229,0.003217,-0.00264,-0.002996
2020-08-05,0.003035,0.003632,0.006155,0.005905,-0.011267,-0.010709,-0.005982,-0.004993,0.007417,0.00682
2020-08-06,-0.000457,-0.000659,-0.001922,-0.002132,0.003731,0.003766,-0.007385,-0.008176,0.003748,0.004734
2020-08-07,-0.010976,-0.010939,-0.000249,-3.3e-05,0.001426,0.002787,-0.000208,-0.001273,0.002059,0.001656
2020-08-10,0.005386,0.005443,0.005249,0.00444,0.008407,0.006961,0.001066,0.000307,-0.003711,-0.003015
2020-08-11,-0.011938,-0.012465,-0.007888,-0.007487,0.001405,0.001002,0.005153,0.005788,-0.002521,-0.002045
2020-08-12,-0.007391,-0.008112,0.003699,0.002653,0.011035,0.009255,-0.005565,-0.007131,0.005369,0.006575
2020-08-13,0.000371,0.000236,0.006731,0.006196,0.003278,0.003172,-0.008213,-0.00916,0.006035,0.006271
2020-08-14,0.012938,0.012303,-0.00591,-0.005304,-0.008789,-0.008,0.00473,0.004954,-0.006788,-0.00614
2020-08-17,0.022545,0.022306,-0.00162,-0.000492,-3.1e-05,0.001762,-0.000222,-0.000657,-0.00365,-0.003129
2020-08-18,0.003284,0.003583,0.006142,0.006577,-0.005582,-0.005865,-0.000712,0.001307,-0.000278,-0.001257
2020-08-19,-0.014794,-0.015244,0.001258,0.000274,0.009517,0.009434,0.001495,-0.000402,0.004457,0.005122
2020-08-20,-0.012831,-0.012669,0.001831,0.002033,0.000629,7.9e-05,0.001576,0.00203,0.002237,0.001755
2020-08-21,0.007257,0.007612,-0.000224,5.1e-05,-0.002454,-0.001709,0.006136,0.007016,-0.003429,-0.004464
2020-08-24,0.007315,0.016282,-0.000402,0.000189,-0.008715,-0.009624,0.005451,0.006192,-0.002863,-0.003242
2020-08-25,-0.001078,-0.0008,0.003789,0.005361,-0.006555,-0.005432,0.006107,0.005631,-0.00509,-0.004919
2020-08-26,-0.014023,-0.015429,-0.005035,-0.005488,0.00335,0.002213,0.004666,0.004073,-0.002513,-0.000821
2020-08-27,0.00658,0.006772,0.00779,0.007306,-0.007456,-0.00754,-0.00239,-0.001449,-0.000427,-0.000462
2020-08-28,0.017322,0.01714,-0.010158,-0.009476,-0.006638,-0.006297,0.004481,0.004081,-0.00635,-0.007001
2020-08-31,-0.003539,-0.003543,0.004976,0.005339,-0.000857,-0.000693,-0.000357,-0.000485,0.002432,0.002825
2020-09-01,0.005553,0.007197,0.001355,0.001427,-0.005351,-0.005916,0.001132,0.001135,-0.00023,-5.1e-05
2020-09-02,0.00034,0.000497,0.010268,0.009911,-0.00699,-0.007882,0.000126,0.000151,0.001501,0.00253
2020-09-03,-0.006838,-0.006992,-0.002729,-0.002817,0.00085,0.000591,-0.000412,-0.000801,0.002691,0.002394
2020-09-04,-0.007253,-0.007013,0.01042,0.009466,0.00062,-0.000654,-0.011099,-0.012655,0.009337,0.00989
2020-09-07,-0.018148,-0.019086,0.011998,0.010831,0.009006,0.00737,-0.008255,-0.011715,0.011434,0.014055
2020-09-08,0.007412,0.006654,0.007131,0.005961,0.007203,0.005654,-0.009516,-0.01102,0.00649,0.007509
2020-09-09,-0.021976,-0.023404,-0.003352,-0.004413,0.016722,0.016102,-0.003636,-0.007719,0.005564,0.007305
2020-09-10,-0.010725,-0.011495,-0.034669,-0.032952,0.004879,0.006899,0.020277,0.021867,-0.016868,-0.01944
2020-09-11,0.01025,0.010953,0.005094,0.004756,-0.00887,-0.008626,0.004436,0.00572,-0.003373,-0.004058
2020-09-14,0.00686,0.007484,0.011884,0.011587,-0.009059,-0.009532,-0.003775,-0.004069,0.003055,0.003666
2020-09-15,0.005663,0.005943,-0.005015,-0.004041,-0.002638,-0.001912,0.002878,0.00401,-0.003425,-0.003326
2020-09-16,-0.005011,-0.004558,-0.002441,-0.002941,0.010244,0.009207,-0.000243,-0.00078,0.002273,0.002079
2020-09-17,-0.002229,-0.000575,0.003326,0.003324,0.003309,0.002401,-0.001884,-0.000874,0.000372,0.000413
2020-09-18,0.019593,0.018704,-0.006018,-0.005929,-0.001075,-0.000965,0.001555,-0.00031,-0.00326,-0.001973
2020-09-21,-0.006737,-0.006215,0.004218,0.004377,0.000683,0.000752,-0.004572,-0.004501,0.003159,0.002783
2020-09-22,-0.011958,-0.011641,-0.00249,-0.002112,-0.001471,-0.001736,0.004238,0.004699,-0.001388,-0.001909
2020-09-23,0.00291,0.003921,0.003627,0.003883,-0.005592,-0.005885,0.001881,0.003826,-0.00271,-0.003881
2020-09-24,-0.018997,-0.018966,-0.008453,-0.00792,0.004869,0.004582,0.003007,0.002943,-0.001934,-0.002219
2020-09-25,-0.000963,-0.001178,-0.003387,-0.003537,-0.001196,-0.001236,0.002462,0.002101,-0.003592,-0.003154
2020-09-28,-0.001653,-0.001945,-0.013095,-0.012541,0.00593,0.005926,0.007807,0.007548,-0.004713,-0.005107
2020-09-29,0.003396,0.00446,0.001924,0.001359,-0.007685,-0.008407,0.000185,0.000393,-0.000871,-0.000855
2020-09-30,-0.001077,-0.00097,-0.000109,-0.000263,-0.002831,-0.002871,0.006232,0.006442,-0.002312,-0.002885
2020-10-09,0.02077,0.021943,0.009013,0.008931,-0.009582,-0.009807,-0.002376,-0.00206,0.000457,-0.000381
2020-10-12,0.028573,0.029079,0.002058,0.002079,-0.009754,-0.009998,0.00035,0.000109,-0.002367,-0.001824
2020-10-13,0.002469,0.002839,0.001696,0.002727,-0.00558,-0.005522,0.002667,0.004393,-0.000919,-0.002262
2020-10-14,-0.006174,-0.005429,0.001026,0.000972,0.003774,0.00307,0.004071,0.005207,-0.002948,-0.002923
2020-10-15,-0.002661,0.000746,-0.003562,-0.003448,0.006027,0.005699,0.001549,0.000625,-2.4e-05,0.000432
2020-10-16,0.000548,0.000265,0.003828,0.00368,0.006535,0.005479,-0.00169,-0.0024,0.001862,0.001948
2020-10-19,-0.005804,-0.006275,0.00259,0.001688,0.004289,0.003997,-0.004556,-0.006254,0.002052,0.004121
2020-10-20,0.006939,0.007863,0.003954,0.004402,-0.011179,-0.010873,0.003417,0.003589,-0.001317,-0.000859
2020-10-21,-0.002978,-0.004008,-0.007928,-0.006239,0.007752,0.008216,0.001887,0.003251,-0.00264,-0.003281
2020-10-22,-0.003657,-0.003816,0.000936,0.000964,0.000974,0.001194,0.000601,-5.8e-05,0.001343,0.00221
2020-10-23,-0.012087,-0.012918,-0.000635,-0.001255,0.012236,0.012699,-0.004995,-0.00698,0.002319,0.003918
2020-10-26,-0.003905,-0.002967,0.006575,0.005911,-0.004606,-0.005469,0.004789,0.004513,0.000667,0.000548
2020-10-27,0.001719,0.002221,-0.001584,-0.001591,-0.006521,-0.006589,0.004647,0.006204,-0.001507,-0.002336
2020-10-28,0.004257,0.004573,-0.002643,-0.002246,-0.007218,-0.00638,0.007246,0.008476,-0.004225,-0.004032
2020-10-29,0.002832,0.003539,-0.005368,-0.005656,-0.002074,-0.003093,0.002977,0.003188,-0.003924,-0.004008
2020-10-30,-0.017672,-0.017965,-0.010722,-0.010382,0.006865,0.005363,0.004222,0.004629,-0.000752,-0.002516
2020-11-02,0.004024,0.005121,-0.001798,-0.001233,-0.001083,-0.002317,0.008563,0.009691,-0.002427,-0.003367
2020-11-03,0.01393,0.01412,0.004152,0.00371,-0.004183,-0.003476,-0.007141,-0.008472,0.003338,0.003724
2020-11-04,0.002881,0.002742,-0.005551,-0.005669,0.00062,0.000577,0.003105,0.002878,-0.001004,-0.000522
2020-11-05,0.01441,0.015026,0.001789,0.001622,-0.00266,-0.002823,6.3e-05,0.0005,0.000281,0.000269
2020-11-06,-0.00343,-0.003634,-0.00805,-0.008363,0.006452,0.006435,-0.00036,-0.001473,0.001705,0.002233
2020-11-09,0.018874,0.019935,0.000127,-0.00034,-0.008455,-0.008938,-0.003087,-0.002737,-0.002587,-0.002737
2020-11-10,-0.005668,-0.006137,-0.001973,-0.00164,0.004974,0.006558,0.002118,0.001815,-0.002705,-0.002087
2020-11-11,-0.008298,-0.010137,-0.001969,-0.00203,0.015277,0.015358,0.001307,-0.001085,0.002942,0.003675
2020-11-12,-7.2e-05,0.000525,0.002685,0.001825,-0.005374,-0.005018,0.000526,0.000762,-2.8e-05,-0.000228
2020-11-13,-0.00753,-0.006606,0.006285,0.005306,-0.003046,-0.004027,-0.005372,-0.004899,0.004226,0.004412
2020-11-16,0.010315,0.010623,5.1e-05,-0.00089,0.006453,0.006348,-0.001199,-0.001836,-0.00088,-0.00087
2020-11-17,-0.003499,-0.004232,-0.002086,-0.002809,0.009648,0.009067,-0.000657,-0.003041,0.00179,0.003476
2020-11-18,0.00116,0.001196,0.003875,0.003486,0.007837,0.008197,-0.007678,-0.009084,0.006152,0.007253
2020-11-19,0.005452,0.004759,-0.002146,-0.001921,-0.007538,-0.008012,0.001536,0.001781,-0.005592,-0.00541
2020-11-20,0.004559,0.004932,-0.00075,-0.000742,-0.001904,-0.001878,-0.003798,-0.002865,0.004399,0.004
2020-11-23,0.010431,0.009906,-0.006593,-0.006673,0.008625,0.007605,-5.7e-05,-0.002674,0.001019,0.001318
2020-11-24,-0.003621,-0.003533,0.002262,0.001622,0.000824,0.000861,-0.002875,-0.002989,0.00168,0.001734
2020-11-25,-0.012942,-0.013406,0.001987,0.001921,0.005377,0.005099,-0.00239,-0.003905,0.001395,0.002689
2020-11-26,0.000446,0.000323,-0.005757,-0.005658,0.002699,0.002862,0.000696,-0.000237,0.001385,0.001941
2020-11-27,0.010349,0.009634,-0.01038,-0.00973,0.00895,0.008395,0.000328,0.000243,-0.003054,-0.003145
2020-11-30,-0.004181,-0.003104,0.00042,-0.000218,0.000303,0.000809,-0.002532,-0.001085,0.000859,-1.4e-05
2020-12-01,0.017761,0.017566,-0.005771,-0.004833,-0.001038,-0.000311,0.001397,0.001808,-0.002087,-0.002503
2020-12-02,-5.2e-05,0.000258,0.000459,0.000441,-0.001146,-0.001688,0.000356,-0.000371,0.002214,0.001753
2020-12-03,-0.002218,-0.001526,0.000394,0.000221,-0.006786,-0.005668,0.002584,0.003228,-0.002101,-0.003169
2020-12-04,0.001393,0.001631,0.001439,0.001716,-0.010751,-0.009042,0.003934,0.004815,-0.003374,-0.003401
2020-12-07,-0.007277,-0.006456,0.004663,0.004143,-0.007749,-0.008139,0.004663,0.005801,-0.003284,-0.003831
2020-12-08,-0.002217,-0.001952,1.8e-05,-0.000235,-0.006051,-0.006238,0.002834,0.003092,-0.000516,-1.4e-05
2020-12-09,-0.013587,-0.014213,-0.003806,-0.003866,0.005215,0.00477,0.003417,0.002469,-0.001339,-0.001096
2020-12-10,-0.000761,-0.000164,0.001058,0.000972,-0.000666,-0.000806,0.001694,0.003405,-0.002164,-0.002867
2020-12-11,-0.010715,-0.010322,-0.0056,-0.005751,0.002833,0.002752,0.001546,0.002723,-0.00148,-0.002037
2020-12-14,0.007238,0.007992,0.000858,0.00073,-0.005371,-0.005547,0.000534,0.002186,-0.005798,-0.005727
2020-12-15,0.000166,0.000765,-0.003327,-0.002945,-0.00418,-0.004089,0.007966,0.008874,-0.002672,-0.003744
2020-12-16,-0.001012,-0.001486,-0.010083,-0.010019,0.001683,0.00254,0.007037,0.006595,-0.00753,-0.006959
2020-12-17,0.010806,0.010691,-0.002404,-0.002496,-0.000765,-0.001804,4.5e-05,-0.000584,-0.001543,-0.000681
2020-12-18,-0.002958,-0.003129,-0.000409,-0.001795,0.005182,0.003544,-0.002565,-0.003556,0.00417,0.004081
2020-12-21,0.010304,0.011572,-0.00112,-0.002045,-0.007232,-0.008656,-0.003415,-0.00206,0.000313,0.000253
2020-12-22,-0.018335,-0.018665,0.000403,0.000139,-0.001991,-0.002408,0.001959,0.002176,-0.001577,-0.002243
2020-12-23,0.00732,0.008827,-0.002323,-0.003535,0.002162,0.001037,-0.004614,-0.004258,0.000953,0.000857
2020-12-24,-0.006423,-0.007398,-0.011342,-0.011585,0.002645,0.002115,0.003584,0.002563,-0.004686,-0.005147
2020-12-25,0.008687,0.008917,0.001695,0.001685,0.000578,0.000454,-0.000401,-0.000442,0.003284,0.002374
2020-12-28,0.000505,9.2e-05,-0.00908,-0.00958,0.001928,0.000745,-0.001888,-0.00105,-0.000986,-0.001144
2020-12-29,-0.005173,-0.005611,0.000258,0.000933,-0.004292,-0.003468,0.003898,0.002878,-0.002933,-0.002384
2020-12-30,0.010505,0.011197,-0.006777,-0.007306,-0.005871,-0.006861,0.002928,0.003222,-0.002883,-0.003405
2020-12-31,0.016648,0.017741,-0.003156,-0.002449,-0.006987,-0.006658,0.001172,0.001159,-0.005875,-0.006149
2021-01-04,0.012068,0.014342,0.002551,0.002431,-0.010684,-0.011608,0.002419,0.003746,-0.001314,-0.002692
2021-01-05,0.009761,0.009665,-0.013044,-0.01161,-0.014164,-0.011661,0.011781,0.015398,-0.010144,-0.012888
2021-01-06,0.004066,0.004067,-0.017173,-0.017294,0.004564,0.004378,0.006991,0.006597,-0.006665,-0.007121
2021-01-07,0.00631,0.005726,-0.033397,-0.032502,-0.001071,-0.001112,0.008582,0.00948,-0.006382,-0.008452
2021-01-08,-0.002067,-0.001828,-0.005998,-0.005473,0.006767,0.007246,-0.007355,-0.005861,0.004232,0.00362
2021-01-11,-0.012362,-0.013686,-0.014314,-0.013512,0.000586,0.001645,0.004524,0.005062,-0.0017,-0.001957
2021-01-12,0.020885,0.020716,-0.012188,-0.01204,-0.006095,-0.006019,0.001282,0.000465,-0.008236,-0.007982
2021-01-13,-0.004708,-0.005993,-0.016066,-0.016324,0.009333,0.010415,0.005629,0.005047,0.000973,0.001283
2021-01-14,-0.012048,-0.012013,0.011451,0.012097,0.006912,0.008283,0.000727,0.001578,0.001979,0.002248
2021-01-15,0.001353,0.002145,0.016965,0.016554,0.005022,0.003871,-0.007102,-0.007552,0.004541,0.005595
2021-01-18,0.010022,0.010273,0.007695,0.007147,-0.005687,-0.007625,-0.003386,-0.003395,0.00284,0.002552
2021-01-19,-0.007631,-0.007339,0.013748,0.014136,0.009701,0.009923,-0.002544,-0.003861,0.007365,0.008946
2021-01-20,0.005204,0.00729,-0.000756,-0.001346,-0.010958,-0.011988,0.002104,0.003667,-0.001338,-0.002826
2021-01-21,0.011585,0.012226,-0.003619,-0.003664,-0.007294,-0.006572,0.002758,0.002994,-0.002984,-0.003689
2021-01-22,-0.003268,-0.002141,-0.005772,-0.006258,-0.008186,-0.008542,0.005982,0.006906,-0.005065,-0.005918
2021-01-25,0.004374,0.003867,-0.017545,-0.016965,-0.005095,-0.003707,0.012148,0.011906,-0.008459,-0.008482
2021-01-26,-0.016074,-0.016484,0.006425,0.007793,0.008338,0.00984,0.001914,0.001962,0.00213,0.000773
2021-01-27,0.001765,0.002269,8.1e-05,-0.001597,0.003105,0.001965,-0.002199,-0.002177,0.000867,0.001507
2021-01-28,-0.021504,-0.0226,0.009972,0.009789,0.006302,0.00575,-0.005654,-0.007185,0.010172,0.010893
2021-01-29,-0.006962,-0.006834,-0.006524,-0.005985,0.004238,0.004535,0.00857,0.009492,-0.006994,-0.00733
2021-02-01,0.008019,0.008776,-0.004805,-0.004307,0.001664,0.00202,0.009137,0.010136,-0.009614,-0.010654
2021-02-02,0.011208,0.010995,-0.007369,-0.007623,-0.008956,-0.007869,0.009512,0.009142,-0.005928,-0.00525
2021-02-03,-0.005761,-0.005691,-0.006373,-0.007252,0.002879,0.002406,0.00633,0.005042,-0.001502,-0.00157
2021-02-04,-0.006898,-0.007262,-0.010404,-0.010786,0.004255,0.005353,0.006904,0.00592,-0.005471,-0.004419
2021-02-05,-0.002064,-0.003113,-0.007417,-0.006298,0.009791,0.011051,0.006693,0.007655,-0.006712,-0.006654
2021-02-08,0.01079,0.010893,-0.010127,-0.010455,-0.002608,-0.003005,0.004488,0.005378,-0.002452,-0.00353
2021-02-09,0.019382,0.021508,-0.001393,-0.001658,-0.009192,-0.008922,0.002302,0.002818,-0.001738,-0.001917
2021-02-10,0.016549,0.016036,-0.007115,-0.006113,-0.007982,-0.00771,0.005975,0.007344,-0.002185,-0.003255
2021-02-18,0.003291,0.0025,0.018629,0.017822,0.011267,0.009945,-0.020606,-0.023132,0.016947,0.018944
2021-02-19,0.007251,0.006716,0.017076,0.016556,0.001041,0.001018,-0.011948,-0.013341,0.009867,0.01049
2021-02-22,-0.015015,-0.015356,0.0201,0.019142,0.022397,0.020357,-0.01935,-0.022038,0.016502,0.017516
2021-02-23,-0.002865,-0.004441,-0.003018,-0.002244,0.001424,0.001978,0.000173,0.000283,-0.002593,-0.002263
2021-02-24,-0.020046,-0.019889,0.016784,0.01614,0.000696,0.001284,-0.011094,-0.0111,0.012353,0.01293
2021-02-25,0.004007,0.002996,-0.011006,-0.010424,0.013368,0.013119,0.004113,0.002981,-0.004715,-0.003385
2021-02-26,-0.020289,-0.019813,0.019192,0.017882,-0.003291,-0.003969,-0.005351,-0.007073,0.00619,0.00706
2021-03-01,0.015289,0.016202,0.006564,0.005974,-0.006994,-0.007884,0.000908,0.000421,-0.000779,-0.000991
2021-03-02,-0.010867,-0.010432,0.004215,0.003825,0.001959,0.002396,-0.001666,-0.001564,0.002399,0.002964
2021-03-03,0.018812,0.018486,-0.004133,-0.003779,0.008173,0.00784,-0.001934,-0.001864,-0.001192,-0.001475
2021-03-04,-0.022083,-0.023063,0.012576,0.011604,0.014652,0.013996,-0.015195,-0.016826,0.012908,0.014152
2021-03-05,-0.000169,0.000109,0.009517,0.009234,-0.002223,-0.002959,-0.00036,-0.001392,0.00507,0.004987
2021-03-08,-0.025378,-0.025951,0.012221,0.011465,0.018209,0.017637,-0.00711,-0.009051,0.011014,0.011919
2021-03-09,-0.020454,-0.021828,-0.003648,-0.004118,0.011359,0.011253,-1.5e-05,-0.002411,0.002339,0.003128
2021-03-10,-0.00026,7.4e-05,-0.009428,-0.009544,-0.005685,-0.00579,0.009093,0.00978,-0.007576,-0.007486
2021-03-11,0.023775,0.024104,-0.001069,-0.001122,-0.001453,-0.001827,0.00259,0.002015,-0.002844,-0.00214
2021-03-12,0.003294,0.003099,-0.000214,-0.00105,0.009677,0.009199,-0.001648,-0.002123,0.005163,0.005178
2021-03-15,-0.011546,-0.013,0.011506,0.011285,0.022159,0.021266,-0.015422,-0.01821,0.012885,0.013396
2021-03-16,0.00888,0.0093,0.008949,0.008731,-0.004019,-0.003763,0.004525,0.00403,-0.003806,-0.002579
2021-03-17,0.001832,0.002679,0.001557,0.001586,-0.014373,-0.013867,0.001364,0.002336,-0.00238,-0.003202
2021-03-18,0.005675,0.006291,-0.004366,-0.004084,-0.003916,-0.003242,0.008466,0.009362,-0.004945,-0.004967
2021-03-19,-0.019015,-0.018063,0.014674,0.014194,-0.000133,0.000577,-0.005612,-0.006382,0.007512,0.008231
2021-03-22,0.012284,0.012568,0.002794,0.002905,0.005966,0.00563,-0.001869,-0.001677,0.005165,0.005718
2021-03-23,-0.009829,-0.009851,-0.001675,-0.000323,-0.004974,-0.004226,0.001971,0.002236,-0.004827,-0.005105
2021-03-24,-0.013505,-0.013138,0.006087,0.005378,0.001323,0.000708,-0.004966,-0.005464,0.001365,0.001753
2021-03-25,-0.001114,0.000839,-0.003258,-0.003122,-0.010328,-0.01029,0.000513,0.001334,0.00069,-0.000536
2021-03-26,0.01768,0.018234,-0.003878,-0.003998,-0.006752,-0.006561,0.006362,0.007177,-0.007316,-0.007607
2021-03-29,0.004645,0.004854,-0.002562,-0.001835,0.007439,0.007408,0.001925,0.001722,0.003295,0.002402
2021-03-30,0.005275,0.005863,-0.014708,-0.01419,-0.003521,-0.002218,0.007024,0.008797,-0.005629,-0.006405
2021-03-31,-0.003849,-0.004339,0.007791,0.006992,0.009034,0.007991,-0.002221,-0.003873,0.003255,0.004459
2021-04-01,0.008163,0.008151,-0.006995,-0.007338,-0.007558,-0.00876,0.00405,0.004011,-0.002371,-0.002935
2021-04-02,0.005161,0.00583,-0.001937,-0.0013,-0.013731,-0.014076,0.004952,0.006046,-0.00534,-0.005529
2021-04-06,0.000259,0.001035,0.012031,0.011862,0.002079,0.002364,-0.006117,-0.006342,0.004117,0.003635
2021-04-07,-0.002508,-0.001556,0.007157,0.005548,0.009929,0.008161,-0.010085,-0.01145,0.010501,0.011021
2021-04-08,0.00015,0.000464,-0.008369,-0.007292,-0.004093,-0.003363,0.006017,0.007378,-0.003471,-0.00467
2021-04-09,-0.008355,-0.007251,0.010237,0.009495,0.005999,0.004832,-0.006755,-0.007408,0.006977,0.007845
2021-04-12,-0.01284,-0.014016,0.001118,0.000204,0.012843,0.010884,-0.005877,-0.006982,0.005613,0.007112
2021-04-13,-0.003556,-0.002867,-0.003092,-0.003676,-0.003234,-0.004352,0.005066,0.005627,-0.004196,-0.004594
2021-04-14,0.008225,0.008746,0.003655,0.003693,-0.00718,-0.006343,-0.002144,-0.001559,9.2e-05,-0.000283
2021-04-15,-0.004782,-0.004517,0.001801,0.00201,0.001274,0.001353,-0.002653,-0.003055,0.001063,0.001071
2021-04-16,0.007639,0.006996,0.009476,0.009362,-0.000831,-0.000563,-0.007533,-0.00924,0.005924,0.006758
2021-04-19,0.017618,0.018425,-0.00512,-0.005384,-0.012413,-0.012312,0.004233,0.004669,-0.005527,-0.006112
2021-04-20,-0.002054,-0.001519,-0.000704,-0.000259,-0.001015,-0.000674,0.003198,0.003992,-0.001614,-0.002879
2021-04-21,0.000404,0.001328,-0.002078,-0.002117,-0.004081,-0.002961,0.003341,0.004331,-0.002155,-0.00229
2021-04-22,0.000148,0.000478,0.00347,0.004097,-0.005119,-0.005522,0.00221,0.004251,0.000962,0.000917
2021-04-23,0.003138,0.002882,-0.011368,-0.01062,-0.00702,-0.006218,0.008374,0.008248,-0.007741,-0.009169
2021-04-26,-0.008552,-0.005848,0.004035,0.005283,0.005544,0.005444,-0.001696,0.00116,0.002905,0.002413
2021-04-27,0.000459,0.000203,-0.005474,-0.005713,-0.002841,-0.002157,0.003783,0.003373,-0.004678,-0.004301
2021-04-28,0.005179,0.005529,-0.003054,-0.003643,0.00082,-0.000521,0.003362,0.004388,-0.001105,-0.000765
2021-04-29,0.004604,0.004393,-0.006876,-0.007027,0.002677,0.002368,2.3e-05,-0.00073,-0.001695,-0.001986
2021-04-30,-0.007037,-0.006793,-0.000307,-0.000121,-0.002592,-0.003618,0.000195,-0.000271,0.000637,0.000196
2021-05-06,-0.004071,-0.004803,0.008961,0.008856,0.015459,0.015179,-0.009413,-0.010362,0.010584,0.011517
2021-05-07,-0.007603,-0.008926,0.005594,0.005,0.014994,0.014208,-0.009826,-0.013339,0.010548,0.012722
2021-05-10,0.003042,0.003066,0.005559,0.004417,0.00355,0.002493,-0.009808,-0.011654,0.008592,0.009432
2021-05-11,0.003581,0.004011,-0.000119,-0.000213,-0.007979,-0.008598,0.001934,0.000755,-0.002621,-0.002083
2021-05-12,0.00699,0.007172,0.003761,0.003201,-0.002071,-0.002531,-0.004452,-0.004456,0.005422,0.004426
2021-05-13,-0.009174,-0.009143,0.004705,0.004962,-0.005183,-0.004592,-0.001901,-0.001901,0.002051,0.001406
2021-05-14,0.017416,0.017883,-0.005254,-0.004504,-0.008213,-0.007742,0.001856,0.003003,-0.009435,-0.009661
2021-05-17,0.00769,0.008584,-0.021248,-0.019535,-0.004196,-0.004293,0.01649,0.018706,-0.011885,-0.014251
2021-05-18,0.002987,0.002927,0.001856,0.001921,0.000245,-0.000356,-0.004874,-0.005231,0.003691,0.004227
2021-05-19,-0.002934,-0.002319,0.003399,0.003371,-0.003411,-0.00328,-0.002411,-0.001727,0.000441,0.001334
2021-05-20,-0.000175,0.000246,-0.001749,-0.001199,-0.006352,-0.006451,0.00777,0.007549,-0.010149,-0.00922
2021-05-21,-0.004965,-0.004949,0.011214,0.010088,0.005096,0.003702,-0.006627,-0.007708,0.006074,0.006123
2021-05-24,0.004504,0.004818,0.003225,0.003066,-0.006609,-0.006661,0.002813,0.001996,-0.0024,-0.001668
2021-05-25,0.02212,0.022239,-0.014194,-0.013312,-0.007292,-0.007323,0.007455,0.008003,-0.00826,-0.008847
2021-05-26,0.00198,0.002142,0.00518,0.005544,0.00171,0.001571,-0.000522,-0.000946,0.00084,0.001012
2021-05-27,0.004172,0.005107,0.001544,0.000742,-0.006931,-0.008415,-0.001164,-0.001736,-0.000175,-0.000337
2021-05-28,-0.00121,-0.001204,0.000772,0.000266,0.001836,0.001844,-0.001731,-0.00237,0.002627,0.002729
2021-05-31,0.004344,0.005549,0.007396,0.007626,-0.008267,-0.008289,-0.000196,0.001917,0.000389,-0.000497
2021-06-01,0.002379,0.002646,0.006197,0.006482,-0.003995,-0.003474,0.000307,0.001539,0.002812,0.001553
2021-06-02,-0.007342,-0.007368,0.001225,0.000238,0.007867,0.006443,-0.000217,-0.001601,1e-05,0.001251
2021-06-03,-0.003307,-0.00324,0.002791,0.002215,-0.000707,-0.000718,-0.006627,-0.006882,0.005618,0.006266
2021-06-04,0.004564,0.004455,-0.00321,-0.003391,-0.007333,-0.007068,0.002991,0.003332,-0.003804,-0.003795
2021-06-07,0.002217,0.002886,0.006231,0.006905,-0.007123,-0.006127,-0.001076,-0.000251,0.003861,0.004022
2021-06-08,-0.005976,-0.005934,0.004523,0.004179,0.004006,0.002916,-0.00814,-0.008236,0.006781,0.006953
2021-06-09,0.002108,0.002104,0.002818,0.002301,-0.00011,-0.000351,-0.001032,-0.002925,0.002319,0.003714
2021-06-10,0.006463,0.007634,-0.00112,-0.000464,-0.00757,-0.006878,0.005331,0.006103,-0.004277,-0.004622
2021-06-11,-0.005655,-0.005028,0.001203,0.000959,0.009749,0.008054,-0.000695,0.000117,0.003647,0.003882
2021-06-15,-0.009611,-0.00927,0.002777,0.002361,-0.005034,-0.004325,0.00189,0.001217,-0.001207,-0.000342
2021-06-16,-0.013973,-0.014752,0.001348,0.002319,0.005735,0.005663,-0.00289,-0.004027,0.003364,0.004371
2021-06-17,0.005737,0.006772,0.000947,0.001625,-0.008943,-0.008376,-1.5e-05,0.00143,-5.7e-05,-0.001129
2021-06-18,0.002946,0.004138,0.006113,0.005971,-0.003888,-0.004358,-0.011291,-0.010455,0.003564,0.004006
2021-06-21,0.002234,0.002866,0.009571,0.009864,-0.006227,-0.005367,-0.001681,-0.000589,0.001894,0.002321
2021-06-22,0.007193,0.00751,-9.5e-05,-0.00014,0.004492,0.004088,-0.001204,-0.001592,0.001972,0.001636
2021-06-23,0.004628,0.004934,-0.002214,-0.00265,-0.00126,-0.00194,0.003966,0.004523,0.000323,-0.000938
2021-06-24,-0.000685,-0.001677,-0.003441,-0.003848,0.007622,0.00731,0.004492,0.004317,-0.001425,-0.000922
2021-06-25,0.011698,0.011683,-0.008411,-0.008808,-0.000381,-0.000777,0.004302,0.003871,-0.003325,-0.003764
2021-06-28,0.001707,0.002035,0.003651,0.003709,-0.011726,-0.011676,0.005207,0.006407,-0.003624,-0.004481
2021-06-29,-0.008941,-0.008518,0.002742,0.002499,0.003377,0.002379,0.002913,0.003334,-0.000284,-0.001728
2021-06-30,0.007224,0.009162,0.000251,-6.5e-05,-0.003596,-0.004364,1e-06,-8.4e-05,-0.0009,-0.001395
2021-07-01,-0.003606,-0.004826,-0.010876,-0.010188,0.007103,0.006362,0.006172,0.006495,-0.006736,-0.006894
2021-07-02,-0.01854,-0.018669,0.016729,0.015612,0.008204,0.006099,-0.009765,-0.0114,0.013904,0.014332
2021-07-05,0.004529,0.005255,0.00967,0.008881,-0.006454,-0.007364,-0.007464,-0.007122,0.003573,0.00458
2021-07-06,0.001024,0.00076,0.000938,0.00088,0.0074,0.006964,-0.00368,-0.004675,0.004415,0.00423
2021-07-07,0.009293,0.010496,-0.005264,-0.005423,-0.012533,-0.012008,-0.000344,0.000799,-0.007203,-0.00692
2021-07-08,-0.00789,-0.007276,0.002983,0.001903,-0.005869,-0.007295,-0.00249,-0.00326,-0.004439,-0.003741
2021-07-09,0.000646,0.000601,0.004792,0.004211,0.00456,0.003858,-0.010356,-0.010784,0.007021,0.007397
2021-07-12,0.011075,0.011845,0.000601,8.4e-05,-0.017075,-0.017194,0.002481,0.001427,-0.007987,-0.007165
2021-07-13,0.005431,0.004868,0.000186,8.8e-05,0.002311,0.002334,-0.000873,-0.002168,0.004564,0.005373
2021-07-14,-0.010638,-0.010214,0.003365,0.003376,0.001959,0.001819,0.005048,0.006423,-0.001463,-0.001672
2021-07-15,0.008392,0.007907,-0.017716,-0.01758,0.001213,0.00202,0.003657,0.002677,-0.006041,-0.006964
2021-07-16,-0.006367,-0.006733,0.004633,0.003856,0.008189,0.008143,-0.009509,-0.011296,0.007999,0.008925
2021-07-19,0.000168,0.002213,0.001326,0.002286,-0.007013,-0.006787,0.001571,0.002873,-0.004137,-0.004777
2021-07-20,1.6e-05,5.1e-05,0.003984,0.00365,-0.007184,-0.007708,-0.003064,-0.003227,-0.00054,-0.000214
2021-07-21,0.009374,0.009738,0.002384,0.002648,-0.012289,-0.01232,-0.002531,-0.002,-0.003467,-0.003201
2021-07-22,0.00419,0.004364,0.000386,-0.000534,0.005784,0.005181,-0.00226,-0.003502,-0.000198,-0.000484
2021-07-23,-0.008526,-0.005929,-0.002683,-0.003381,0.00722,0.006362,-0.004953,-0.006494,0.002204,0.002303
2021-07-26,-0.023493,-0.023351,0.011101,0.010657,0.004191,0.002942,-0.005833,-0.007254,0.004399,0.004232
2021-07-27,-0.028426,-0.028452,0.009227,0.00995,0.009097,0.008238,-0.003717,-0.003113,0.006271,0.006165
2021-07-28,-0.005548,-0.005896,-0.020811,-0.019406,-0.001586,-0.002267,0.013182,0.015647,-0.014167,-0.015399
2021-07-29,0.019199,0.020381,0.007216,0.0076,-0.021576,-0.021135,0.00073,0.002386,-0.005587,-0.005021
2021-07-30,-0.002261,-0.002032,0.015284,0.015347,0.001261,0.000662,-0.00132,-0.001795,0.005214,0.004983
2021-08-02,0.020827,0.020978,-0.001638,-0.001888,-0.011924,-0.010166,0.009179,0.0089,-0.008765,-0.007605
2021-08-03,-0.004504,-0.004463,0.004031,0.003998,-0.003628,-0.002272,0.004286,0.004492,-0.002235,-0.003569
2021-08-04,0.011257,0.011674,-0.000616,-0.000339,-0.009977,-0.010006,-0.001292,-0.000693,-0.002446,-0.001312
2021-08-05,-0.005121,-0.005198,-0.003767,-0.003623,0.003309,0.002957,-0.004469,-0.003883,0.000103,0.000174
2021-08-06,-0.001373,-0.001882,0.002709,0.001699,0.005851,0.004477,-0.005683,-0.0065,0.005378,0.006531
2021-08-09,0.009436,0.009786,0.001313,0.001756,0.00372,0.004711,0.00742,0.006695,-0.003305,-0.003184
2021-08-10,0.011291,0.010983,0.000299,0.000849,-0.009055,-0.007731,0.005541,0.004979,0.006141,0.00583
2021-08-11,0.002178,0.00214,0.006302,0.005627,0.011914,0.010921,-0.003449,-0.004286,0.004774,0.004881
2021-08-12,-0.002685,-0.002682,0.004777,0.00373,0.003929,0.003304,-0.007338,-0.007835,0.009256,0.00985
2021-08-13,-0.002246,-0.002565,0.004112,0.003508,0.002308,0.002787,-0.000729,-0.00209,0.000174,0.000531
2021-08-16,-0.002549,-0.001634,0.001856,0.003106,0.009217,0.010527,0.000771,0.0032,0.00334,0.002733
2021-08-17,-0.020495,-0.020549,-0.004754,-0.004386,0.014117,0.013373,-0.003003,-0.003068,0.004548,0.00464
2021-08-18,0.011338,0.011439,-0.000578,-0.001147,0.004918,0.004604,-0.005701,-0.006463,0.003493,0.003485
2021-08-19,-0.003647,-0.003529,-0.000103,-0.000274,-0.008558,-0.008693,-0.005118,-0.004995,-0.000976,-0.000731
2021-08-20,-0.009634,-0.008703,0.007304,0.006462,0.01269,0.011502,-0.008175,-0.010561,0.006808,0.006864
2021-08-23,0.015945,0.016307,0.011102,0.011005,-0.010794,-0.010934,0.002807,0.003132,-0.003186,-0.003948
2021-08-24,0.009335,0.009661,-0.00628,-0.006887,-0.001332,0.000387,0.002216,0.001168,-0.003202,-0.002745
2021-08-25,0.006224,0.006068,0.000187,-0.000841,0.0008,0.001823,-0.002296,-0.004725,0.003884,0.002967
2021-08-26,-0.012233,-0.012427,0.008613,0.007263,0.015638,0.013678,-0.010563,-0.012813,0.011496,0.011401
2021-08-27,0.005005,0.004344,-0.007863,-0.007673,0.004428,0.005136,-0.000796,-0.001427,-0.000773,-0.000647
2021-08-30,0.000679,0.000781,-0.001032,-0.001002,-0.000236,5.3e-05,-0.008595,-0.009212,0.008808,0.007956
2021-08-31,0.002349,0.001726,-0.004616,-0.005952,0.020571,0.018882,-0.011188,-0.012863,0.011227,0.00979
2021-09-01,0.003566,0.002853,-0.010102,-0.008849,0.005314,0.007019,0.005104,0.00421,-0.004804,-0.0053
2021-09-02,0.007539,0.007098,0.005681,0.005218,0.01359,0.01303,-0.004917,-0.006272,0.005751,0.005671
2021-09-03,-0.004051,-0.004219,0.006059,0.005542,0.001254,0.000695,0.00273,0.001768,0.00283,0.003083
2021-09-06,0.014052,0.014693,-0.006291,-0.005974,-0.010896,-0.010552,0.008279,0.009711,-0.009623,-0.009265
2021-09-07,0.014093,0.013524,-0.003573,-0.004176,0.006149,0.005835,-0.00615,-0.007318,0.006105,0.006267
2021-09-08,0.001366,0.001129,0.009715,0.008303,0.011464,0.009633,-0.013344,-0.014321,0.01398,0.014194
2021-09-09,0.003987,0.003695,-0.005327,-0.005601,0.011377,0.010696,-0.005351,-0.005931,0.007683,0.006409
2021-09-10,0.002973,0.002439,-0.01129,-0.010285,-0.007096,-0.006321,0.003801,0.005003,-0.007441,-0.007031
2021-09-13,0.003255,0.003346,0.004952,0.003142,0.016235,0.013811,-0.000896,-0.003983,0.011529,0.011733
2021-09-14,-0.011594,-0.010604,0.000949,0.00059,-0.016315,-0.017164,0.003753,0.001994,-0.002773,-0.002403
2021-09-15,-0.001828,-0.001519,0.014104,0.013,0.009278,0.00809,-0.010181,-0.011137,0.008031,0.007701
2021-09-16,-0.01564,-0.015644,0.002767,0.002768,0.002355,0.002611,0.0053,0.004928,-0.002035,-0.001329
2021-09-17,0.002633,0.003151,-0.00721,-0.007285,-0.008254,-0.008106,0.009501,0.010165,-0.014122,-0.014173
2021-09-22,0.000843,0.000971,0.003586,0.001819,0.015928,0.012367,-0.003315,-0.004619,0.014463,0.013733
2021-09-23,0.004089,0.003747,0.001751,0.00168,0.002471,0.002051,-0.002827,-0.001732,-0.000826,-0.000966
2021-09-24,-0.007925,-0.006154,-0.013132,-0.011924,-0.015955,-0.012932,0.008719,0.009982,-0.010349,-0.011313
2021-09-27,-0.009028,-0.009178,-0.02632,-0.024223,-0.017647,-0.014427,0.019447,0.019433,-0.015602,-0.015521
2021-09-28,0.003788,0.003802,0.001861,0.000773,0.015889,0.012878,8.6e-05,-0.000718,0.010216,0.009361
2021-09-29,-0.01974,-0.019994,-0.008603,-0.008648,-0.001371,-0.001251,0.006028,0.007046,-0.011235,-0.010844
2021-09-30,0.012187,0.012877,0.012917,0.011807,-0.010984,-0.011913,-0.001566,-0.002672,-0.000247,0.000204
2021-10-08,0.008748,0.007898,0.009674,0.009525,-0.004287,-0.004267,-0.006874,-0.007176,0.003639,0.005452
2021-10-11,-0.000164,-0.000959,-0.003188,-0.002039,-0.00186,-0.000856,-0.001552,-0.00089,0.003966,0.004818
2021-10-12,-0.0133,-0.013489,-0.001114,-0.000177,-0.002614,-0.001141,0.001691,0.003547,-0.002312,-0.00249
2021-10-13,0.005852,0.006703,-0.007565,-0.006772,-0.01942,-0.016578,0.005823,0.007178,-0.013469,-0.012846
2021-10-14,-0.000163,0.001059,0.007844,0.007743,-0.002894,-0.003479,-0.00303,-0.002866,-0.000428,-0.001272
2021-10-15,0.003127,0.002272,-0.014579,-0.013484,-0.004217,-0.004313,0.003711,0.004667,0.00058,0.000296
2021-10-18,-0.000439,-6.3e-05,0.012006,0.01033,0.013091,0.010729,-0.012807,-0.014965,0.010948,0.010445
2021-10-19,0.007453,0.007424,-0.003535,-0.003334,-0.005115,-0.004486,0.008957,0.007913,-0.008894,-0.009022
2021-10-20,-0.002165,-0.001931,0.001206,0.001087,-0.003209,-0.002411,-0.000732,-0.00186,-0.003235,-0.001804
2021-10-21,0.001988,0.001366,-0.008296,-0.007676,0.007907,0.007685,0.004468,0.004004,-0.001332,-0.001508
2021-10-22,-0.00258,-0.002851,-0.007675,-0.006653,-0.01205,-0.010922,0.010034,0.011681,-0.013167,-0.012702
2021-10-25,0.007855,0.007945,-0.000377,-0.000149,-0.002897,-0.003131,-0.000898,-0.001207,0.001594,0.001434
2021-10-26,-0.003514,-0.003454,-0.001207,-0.000524,-0.002248,-0.001634,0.003433,0.004413,-0.003872,-0.004642
2021-10-27,-0.010114,-0.010102,-0.005684,-0.006102,0.004277,0.002965,-0.001504,-0.002168,-0.002355,-0.002823
2021-10-28,-0.013343,-0.013226,-0.004373,-0.004361,-0.008066,-0.00705,0.005766,0.005407,-0.010255,-0.01013
2021-10-29,0.009328,0.00979,0.006434,0.005367,-0.010233,-0.010958,-0.006892,-0.00747,0.001832,0.00201
2021-11-01,0.000978,0.001692,0.014406,0.015057,0.002849,0.003221,0.0048,0.006291,-0.001144,-0.001543
2021-11-02,-0.01086,-0.010433,-0.003957,-0.002956,-0.012534,-0.01028,0.000468,0.002614,-0.006705,-0.007101
2021-11-03,-0.001346,-0.00111,0.007436,0.007713,0.003309,0.002722,0.000212,0.001479,0.00222,0.00181
2021-11-04,0.009293,0.009711,0.007135,0.006818,-0.009759,-0.008356,0.005219,0.005585,-0.005074,-0.004935
2021-11-05,-0.008739,-0.008979,0.005783,0.005979,-0.006982,-0.006312,-0.000497,0.000658,-0.002828,-0.002131
2021-11-08,0.003557,0.003421,0.00357,0.003151,0.001431,0.001716,-0.010565,-0.010798,0.00681,0.008281
2021-11-09,0.003681,0.004133,0.008624,0.008593,-0.004475,-0.003986,-0.001789,-0.001755,-0.00278,-0.002032
2021-11-10,-0.004095,-0.00368,0.012354,0.012504,0.001283,0.00055,0.001779,0.002065,-0.000362,0.000123
2021-11-11,0.011768,0.011543,-0.003018,-0.002947,0.002847,0.001846,0.003008,0.003236,-0.003369,-0.003369
2021-11-12,0.001394,0.00201,0.009537,0.009273,-0.006262,-0.006359,-0.002503,-0.003386,-0.001489,-0.001153
2021-11-15,-0.002551,-0.001987,0.012057,0.012043,0.00075,0.001354,0.000714,0.00094,0.000379,0.000414
2021-11-16,-0.003501,-0.003541,-0.003569,-0.003899,-0.00411,-0.004441,0.007938,0.007956,-0.003165,-0.003391
2021-11-17,0.006173,0.006635,0.011759,0.010301,-0.003146,-0.003589,-0.003766,-0.005419,0.00284,0.003623
2021-11-18,-0.005294,-0.005291,-0.00119,-0.001343,0.005065,0.005038,-0.001664,-0.002601,-0.00032,-0.000663
2021-11-19,0.010974,0.011117,6.8e-05,-0.000316,0.000322,0.001074,0.00425,0.004166,-0.002373,-0.002409
2021-11-22,0.008275,0.008998,-0.000523,0.000274,-0.009142,-0.008454,0.001979,0.002716,-0.004106,-0.00433
2021-11-23,0.000398,0.0001,0.002001,0.001956,0.003867,0.00397,-0.003389,-0.003384,0.00234,0.003412
2021-11-24,0.000998,0.001539,0.00128,0.002454,0.000987,0.001556,0.003745,0.004421,0.00312,0.003238
2021-11-25,-0.003187,-0.003133,0.004477,0.004558,-0.000892,-0.002577,0.002142,0.003038,-0.00231,-0.002663
2021-11-26,-0.004229,-0.004021,0.003639,0.003607,-0.001115,-0.001244,-0.001006,-0.001107,-0.002091,-0.001986
2021-11-29,0.000909,0.001142,0.000113,-1.8e-05,-0.007438,-0.007807,0.00536,0.004682,-0.006261,-0.006324
2021-11-30,0.000418,0.000501,0.010813,0.009272,-0.000898,-0.002168,-0.005697,-0.007485,0.004464,0.005796
2021-12-01,0.004087,0.003882,0.008607,0.007463,0.007873,0.007863,-0.00529,-0.006838,0.009312,0.010118
2021-12-02,-0.001311,-0.002086,-0.012002,-0.011999,0.007345,0.006921,-0.000431,-0.001359,0.00195,0.000982
2021-12-03,0.008621,0.008195,-0.006256,-0.006457,0.000231,-0.000693,-0.000514,-0.001182,0.000414,0.000547
2021-12-06,-0.006066,-0.006926,-0.009097,-0.009158,0.004201,0.004384,0.002573,0.001687,0.000621,0.000179
2021-12-07,-0.000867,-0.001131,-0.008191,-0.008771,0.008534,0.007043,0.00084,0.000395,0.003697,0.004173
2021-12-08,0.013104,0.013313,-0.001522,-0.001439,-0.013747,-0.012295,0.004652,0.004695,-0.006365,-0.006069
2021-12-09,0.009292,0.009134,-0.00806,-0.007553,-0.003525,-0.002639,0.002082,0.002698,-0.002209,-0.002324
2021-12-10,-0.001506,-0.000878,0.009869,0.009388,-0.002563,-0.001935,-0.00024,-0.000379,-0.000681,-0.000496
2021-12-13,0.004044,0.004379,0.001134,0.001259,-0.003362,-0.002536,0.005979,0.004909,-0.001712,-0.001594
2021-12-14,-0.004691,-0.004253,0.014784,0.014558,-0.007499,-0.007863,-0.002759,-0.003271,-0.000285,0.001137
2021-12-15,-0.004119,-0.003607,0.009034,0.008217,0.012221,0.010866,-0.003642,-0.004717,0.00567,0.005214
2021-12-16,0.007059,0.007081,0.001553,0.000967,0.006928,0.006089,-0.002558,-0.002987,0.006075,0.005738
2021-12-17,-0.011536,-0.011742,0.007223,0.005844,0.010611,0.009378,-0.009057,-0.010693,0.009506,0.009632
2021-12-20,-0.01271,-0.013264,0.006953,0.006437,0.009108,0.008756,2.5e-05,-0.000256,0.00112,0.001091
2021-12-21,0.009581,0.009568,0.008716,0.007224,0.006142,0.003436,-0.003582,-0.003805,0.004183,0.004307
2021-12-22,0.001862,0.00195,0.000514,0.001593,-0.007192,-0.005645,0.000692,0.000872,-0.003779,-0.004137
2021-12-23,0.004927,0.004414,-0.012991,-0.012166,0.001456,0.001919,0.008174,0.008507,-0.003673,-0.004847
2021-12-24,-0.008829,-0.009401,-0.011183,-0.010507,-0.00015,0.000496,0.002377,0.003585,-0.002163,-0.003428
2021-12-27,2.4e-05,4.2e-05,0.006228,0.005738,0.001894,0.000756,-0.001342,-0.001334,-0.000448,3e-06
2021-12-28,0.00534,0.005355,0.002697,0.002689,-0.008945,-0.008282,0.001973,0.000894,-0.005082,-0.003887
2021-12-29,-0.00918,-0.008479,0.008967,0.008102,0.006911,0.004821,-0.008303,-0.0082,0.003851,0.003923
2021-12-30,0.006709,0.006794,0.003765,0.004026,-0.004392,-0.004779,-0.004604,-0.004105,-0.000759,-0.000737
2021-12-31,0.004911,0.004907,-0.000952,-0.001024,0.002979,0.002995,-0.00348,-0.003205,0.003426,0.003721
2022-01-04,-0.000424,-0.000554,0.017147,0.015895,0.008209,0.007739,-0.008766,-0.01025,0.012328,0.013653
2022-01-05,-0.011122,-0.011878,-0.002214,-0.001988,0.012382,0.012706,-0.00394,-0.003946,0.008256,0.008425
2022-01-06,-0.002524,-0.001768,0.015024,0.014472,0.006952,0.007475,-0.001524,-0.001812,0.003324,0.003227
2022-01-07,-0.003866,-0.004626,-0.018834,-0.017434,0.015886,0.015041,0.006357,0.007285,0.003043,0.00227
2022-01-10,0.004205,0.004542,0.005602,0.006022,0.00095,0.001649,0.002924,0.003121,-0.003234,-0.00295
2022-01-11,-0.007668,-0.007894,0.005102,0.004724,0.010731,0.009209,-0.007153,-0.00695,0.00477,0.004566
2022-01-12,0.009394,0.009873,0.006578,0.00593,-0.014192,-0.013607,0.0,6e-06,-0.00319,-0.003231
2022-01-13,-0.012654,-0.012712,0.007385,0.007322,0.012649,0.011134,-0.007089,-0.006614,0.010346,0.009937
2022-01-14,-0.007592,-0.006996,0.002451,0.003669,-0.012987,-0.011486,0.005503,0.0071,-0.008008,-0.008881
2022-01-17,0.008562,0.009075,0.010004,0.01005,-0.0098,-0.009691,-0.000285,-0.000465,-0.00128,-0.000885
2022-01-18,0.004858,0.004314,-0.026444,-0.025452,0.00813,0.00781,0.007847,0.007336,-0.001748,-0.00254
2022-01-19,-0.005185,-0.005551,0.011749,0.011002,0.009259,0.007795,-0.002588,-0.004331,0.003972,0.005644
2022-01-20,-0.001519,-0.002779,-0.027762,-0.02693,0.003937,0.004039,0.004357,0.004347,-0.006209,-0.006813
2022-01-21,-0.010001,-0.010549,0.002403,0.000635,-0.001945,-0.00237,-0.002376,-0.003972,6e-05,0.000522
2022-01-24,0.002156,0.003783,-0.004416,-0.00355,-0.002748,-0.00284,0.002236,0.001398,-0.000759,-0.001613
2022-01-25,-0.027867,-0.028414,-0.015809,-0.015359,0.001674,0.001609,0.002758,0.003005,-0.006035,-0.006872
2022-01-26,0.006822,0.007051,0.00238,0.002084,0.005781,0.005342,0.005301,0.004485,-0.0021,-0.002628
2022-01-27,-0.02054,-0.021143,-0.014999,-0.013823,0.014523,0.01437,0.00245,0.003465,-0.001555,-0.003596
2022-01-28,-0.006684,-0.005778,0.027466,0.025898,-0.003685,-0.004138,-0.013978,-0.0146,0.007513,0.00884
2022-02-07,0.017348,0.017294,-0.005732,-0.005258,0.014697,0.014119,0.003168,0.002863,0.007077,0.006076
2022-02-08,0.005539,0.005332,0.014793,0.013001,0.02012,0.017646,-0.01221,-0.014582,0.016156,0.017132
2022-02-09,0.012236,0.012316,0.005508,0.004875,-0.010923,-0.010191,-0.000857,-0.001812,-0.002293,-0.001454
2022-02-10,-0.000521,-0.000989,-0.003768,-0.004288,0.013171,0.011942,-0.003814,-0.00375,0.007672,0.008045
2022-02-11,-0.008413,-0.009486,-0.011929,-0.011171,0.012974,0.013204,0.001899,0.001125,0.006746,0.006804
2022-02-14,-0.009115,-0.009013,0.013055,0.01274,-0.01149,-0.010913,-0.004969,-0.004981,0.003087,0.002972
2022-02-15,0.006135,0.006628,-0.006062,-0.006003,-0.016678,-0.016081,0.009164,0.009644,-0.01456,-0.014517
2022-02-16,0.005798,0.006241,0.009518,0.008607,0.004025,0.003291,-0.001431,-0.002134,0.000845,0.001748
2022-02-17,0.000476,0.000495,-0.004785,-0.00417,-0.002855,-0.002783,0.003102,0.00344,-0.002964,-0.003334
2022-02-18,0.006434,0.006188,0.002455,0.002297,0.00637,0.00391,-0.000622,-0.001559,0.001121,0.001579
2022-02-21,0.002381,0.002586,0.016884,0.015317,-0.003987,-0.004756,-0.007428,-0.008737,0.004913,0.005817
2022-02-22,-0.010641,-0.010628,0.000654,6.2e-05,0.003617,0.003221,-0.003418,-0.00427,0.006659,0.006353
2022-02-23,0.010268,0.010943,0.002998,0.004121,-0.018317,-0.01713,4e-05,0.002324,-0.008395,-0.008489
2022-02-24,-0.01943,-0.019861,-0.00638,-0.005719,0.002603,0.00302,-0.00215,-0.001414,0.007054,0.006086
2022-02-25,0.006821,0.0074,0.002534,0.001895,-0.007066,-0.007942,0.002329,0.002444,-0.007655,-0.007661
2022-02-28,0.002543,0.002734,-0.003814,-0.004008,0.000548,0.000651,0.001252,0.001196,0.00047,0.000371
2022-03-01,0.006812,0.006445,0.00467,0.003955,-0.001258,-0.001844,-0.001733,-0.003074,-0.0016,-0.000605
2022-03-02,-0.002967,-0.002941,0.01165,0.010424,0.008291,0.006888,-0.007161,-0.00757,0.011837,0.012066
2022-03-03,-0.002112,-0.002289,0.001253,-2.6e-05,0.019302,0.016874,-0.012126,-0.012281,0.01352,0.013513
2022-03-04,-0.011293,-0.010989,-0.001975,-0.001683,9.7e-05,0.001491,0.000663,0.001538,0.000126,-0.000176
2022-03-07,-0.023082,-0.022951,0.014806,0.013837,0.016467,0.014229,-0.005754,-0.00642,0.01186,0.012105
2022-03-08,-0.024481,-0.024965,-0.00567,-0.005846,-0.00319,-0.004576,0.004382,0.002909,-0.00404,-0.003358
2022-03-09,-0.011401,-0.011261,0.001265,0.000326,-0.002791,-0.003845,-0.000855,-0.002365,-0.001197,-0.000677
2022-03-10,0.014712,0.014687,0.002225,0.001301,-0.00871,-0.009027,0.004166,0.002796,-0.007843,-0.006942
2022-03-11,0.004619,0.004522,0.00089,0.000583,-0.001129,-0.001471,-0.005109,-0.004261,0.001347,0.001264
2022-03-14,-0.02615,-0.026249,0.000591,0.000597,0.00791,0.00745,-0.004606,-0.004129,0.00497,0.004324
2022-03-15,-0.047687,-0.047226,0.000333,-7.1e-05,-0.004665,-0.004646,-0.001495,-0.001926,-0.005415,-0.004818
2022-03-16,0.035542,0.035026,-0.003891,-0.004924,-0.009878,-0.01003,-0.004787,-0.006299,-0.002848,-0.002019
2022-03-17,0.01603,0.016283,-0.000383,0.000554,-0.011395,-0.010877,0.008678,0.010986,-0.009406,-0.009932
2022-03-18,0.010235,0.010038,0.005707,0.004463,0.015283,0.012786,-0.008278,-0.009285,0.007498,0.008002
2022-03-21,0.002512,0.003076,0.014936,0.013882,-0.002998,-0.003833,-0.002292,-0.002358,0.002381,0.002821
2022-03-22,0.00185,0.000938,-0.001842,-0.002018,0.017059,0.015157,-0.002559,-0.003567,0.007566,0.007508
2022-03-23,0.003767,0.00378,-0.001496,-0.00131,-0.00546,-0.004288,0.007205,0.007422,-0.007115,-0.007295
2022-03-24,-0.00548,-0.005791,-0.00638,-0.006486,0.005699,0.004763,-0.000962,0.000195,0.001023,0.000688
2022-03-25,-0.011927,-0.012095,0.013364,0.012268,0.012785,0.010937,-0.008929,-0.010101,0.007459,0.008078
2022-03-28,-0.000935,-0.001532,-0.001218,-0.001799,0.017885,0.017027,-0.00243,-0.003338,0.009946,0.008962
2022-03-29,-0.003343,-0.003594,-0.005032,-0.005134,0.004443,0.003545,-0.003323,-0.002674,0.00127,0.000361
2022-03-30,0.020254,0.020184,-0.009279,-0.009187,-0.009368,-0.009608,0.009974,0.009173,-0.015981,-0.015638
2022-03-31,-0.00515,-0.005589,0.008335,0.007395,0.01461,0.012057,-9.3e-05,-0.001072,0.002026,0.002165
2022-04-01,0.008649,0.007998,-0.014004,-0.013981,0.001539,0.001606,-0.003098,-0.00327,-0.00025,-5.8e-05
2022-04-06,0.001014,0.001222,0.015227,0.013282,0.014327,0.011903,-0.00746,-0.008893,0.011786,0.012402
2022-04-07,-0.01513,-0.015594,-0.009719,-0.008949,0.001922,0.002647,0.003212,0.003392,0.000484,-0.000298
2022-04-08,0.003404,0.002604,-0.009426,-0.009925,0.015306,0.013178,0.004714,0.004458,-0.002665,-0.002966
2022-04-11,-0.027462,-0.02769,0.004498,0.003692,0.012879,0.012296,-0.002103,-0.001536,0.005586,0.004406
2022-04-12,0.015749,0.01553,-0.001261,-0.001638,-0.01418,-0.013096,-0.009159,-0.009665,0.002934,0.003433
2022-04-13,-0.009647,-0.010421,-0.010712,-0.009586,0.007017,0.00773,0.001439,0.002397,0.002651,0.002406
2022-04-14,0.011087,0.01022,-0.006534,-0.006146,-0.003984,-0.004017,0.005349,0.004186,-0.003415,-0.00221
2022-04-15,-0.007236,-0.007288,-0.01695,-0.015676,0.002289,0.003071,0.002863,0.004051,-0.002878,-0.003745
2022-04-18,-0.004102,-0.003074,0.009257,0.009635,-0.014574,-0.013691,-0.000791,0.000695,-0.004865,-0.00479
2022-04-19,0.00021,0.000196,0.0091,0.007753,0.010842,0.010072,-0.004354,-0.006814,0.009602,0.010338
2022-04-20,-0.014764,-0.014507,0.004513,0.005326,-0.006153,-0.003866,-0.002842,-0.001815,0.000833,0.001667
2022-04-21,-0.021685,-0.022652,-0.016963,-0.015384,0.004174,0.004465,0.007435,0.007903,-0.004851,-0.005507
2022-04-22,0.002958,0.002455,-0.013827,-0.012756,0.015235,0.015667,0.005139,0.003997,0.002354,0.000807
2022-04-25,-0.053305,-0.053815,-0.020622,-0.021677,0.01528,0.014555,0.009652,0.008177,-0.005085,-0.004847
2022-04-26,-0.016036,-0.017414,-0.018116,-0.017967,0.004302,0.001145,0.017188,0.018414,-0.010518,-0.010616
2022-04-27,0.027546,0.028071,-0.003964,-0.003114,-0.02085,-0.019557,0.005766,0.006384,-0.01159,-0.011246
2022-04-28,0.003745,0.001821,-0.022794,-0.021454,0.008563,0.007503,0.005042,0.004305,-0.001016,-0.001976
2022-04-29,0.027736,0.028829,0.01253,0.013044,-0.012287,-0.011293,-0.006358,-0.004571,0.001661,0.00182
2022-05-05,0.004565,0.005377,0.011087,0.011849,-0.000546,-7e-06,-0.001093,0.000202,0.006203,0.007063
2022-05-06,-0.020629,-0.019808,0.012297,0.012924,-0.001577,-0.001056,-0.002517,-0.002386,0.003278,0.003408
2022-05-09,0.001557,0.002098,0.02246,0.021077,0.008372,0.006612,-0.005755,-0.00632,0.005257,0.006159
2022-05-10,0.009092,0.010003,0.007605,0.007826,-0.005013,-0.004594,0.004289,0.005511,-0.01008,-0.009925
2022-05-11,0.008261,0.008414,-0.012126,-0.011439,-0.012978,-0.011855,0.007716,0.009598,-0.010176,-0.011213
2022-05-12,-0.001011,-0.000584,0.010062,0.009855,-0.003583,-0.003574,-0.00302,-0.002809,0.000625,0.000645
2022-05-13,0.009241,0.008517,-0.002759,-0.003154,0.005573,0.004773,-0.004044,-0.004262,0.005272,0.005458
2022-05-16,-0.002372,-0.002349,0.008484,0.007087,0.003796,0.002835,-0.006053,-0.00818,0.008483,0.008722
2022-05-17,0.006897,0.006519,-0.011896,-0.011519,-0.010023,-0.009234,0.001751,0.001212,-0.002781,-0.002716
2022-05-18,-0.001239,-0.000734,0.013959,0.013183,-0.005051,-0.004792,-0.003464,-0.00338,0.002063,0.002028
2022-05-19,0.002607,0.002842,0.007409,0.0059,-0.000574,-0.002086,-0.001035,-0.002891,-0.001391,-0.001257
2022-05-20,0.016048,0.015784,-0.007648,-0.006502,-0.007599,-0.005976,0.003167,0.003948,0.000519,0.000216
2022-05-23,0.00182,0.002454,0.014952,0.014094,-3.7e-05,0.00024,-0.009786,-0.010506,0.007613,0.007901
2022-05-24,-0.025803,-0.026785,-0.015799,-0.014729,0.009173,0.009339,0.002782,0.003267,0.001592,8.6e-05
2022-05-25,0.012009,0.012293,0.010836,0.010276,0.004475,0.003507,-0.007679,-0.007606,0.00779,0.007766
2022-05-26,0.00567,0.00541,-0.000953,-0.001133,0.002282,0.002808,0.000513,-0.000229,1.2e-05,-4.2e-05
2022-05-27,0.003025,0.002633,0.001008,0.000757,0.002519,0.00265,0.001059,0.000467,0.002457,0.001437
2022-05-30,0.007544,0.007633,-0.000924,-0.000684,-0.012069,-0.009754,-0.000389,1.4e-05,-0.002155,-0.002165
2022-05-31,0.01111,0.011236,-0.005187,-0.004454,-0.012024,-0.010249,0.006146,0.00731,-0.005524,-0.006154
2022-06-01,-0.000485,-0.00028,0.005111,0.005405,-0.000294,7.1e-05,-0.004235,-0.001695,-0.001569,-0.002445
2022-06-02,0.001988,0.002591,0.002419,0.003469,-0.006875,-0.005401,0.004541,0.005417,-0.005908,-0.00587
2022-06-06,0.014867,0.015302,-0.003072,-0.002152,-0.014986,-0.013662,0.006781,0.00691,-0.008879,-0.009
2022-06-07,0.002019,0.001634,-0.008459,-0.008382,0.003226,0.002522,0.001047,0.00091,-0.00133,-0.001666
2022-06-08,0.007875,0.007274,-0.010382,-0.010527,-0.000655,-0.000878,0.00035,-0.000882,0.003427,0.003079
2022-06-09,-0.009344,-0.009934,-0.008759,-0.009019,0.016873,0.016073,-0.000255,-0.001273,0.003059,0.003107
2022-06-10,0.015936,0.016281,0.000999,0.000804,-0.006947,-0.00524,0.002923,0.003379,-0.004442,-0.003993
2022-06-13,-0.006761,-0.006016,0.011619,0.011547,-0.007977,-0.007248,-0.003401,-0.003721,0.003155,0.003714
2022-06-14,0.009022,0.008563,-0.007815,-0.008025,0.009409,0.009295,-0.000573,-0.001805,0.004604,0.004399
2022-06-15,0.005307,0.004955,-0.012466,-0.012036,-0.001413,-0.000633,0.003034,0.004659,-0.007949,-0.007958
2022-06-16,-0.004649,-0.003893,0.013506,0.013947,-0.012213,-0.012671,-0.000989,0.000512,-0.001767,-0.001182
2022-06-17,0.009461,0.009735,-0.006056,-0.005599,-0.011396,-0.010117,0.007337,0.008314,-0.010608,-0.010318
2022-06-20,0.002934,0.003771,0.008443,0.008118,-0.011523,-0.011605,0.002991,0.003258,-0.011655,-0.010801
2022-06-21,-0.001484,-0.001975,-0.000409,-0.000543,0.006362,0.005473,0.001081,0.000542,0.000183,0.000715
2022-06-22,-0.012391,-0.012267,0.003295,0.002677,0.00156,0.000739,-0.003628,-0.003712,0.001838,0.002176
2022-06-23,0.017386,0.017627,0.000355,0.00103,-0.00508,-0.004377,-0.000211,0.000275,-0.004176,-0.0049
2022-06-24,0.008929,0.009458,-0.001175,-0.000686,-0.014842,-0.012557,0.00171,0.00142,-0.007026,-0.006231
2022-06-27,0.009462,0.009598,-0.000596,-0.000895,-0.00549,-0.005602,0.001547,0.001579,-0.000795,-0.00044
2022-06-28,0.010254,0.010146,0.003919,0.003101,-0.004745,-0.004721,-0.00546,-0.00702,0.004475,0.00521
2022-06-29,-0.015237,-0.015866,-0.008136,-0.00781,0.013123,0.011498,0.001688,0.001827,0.002524,0.001735
2022-06-30,0.01142,0.011484,-0.006797,-0.006177,-0.009233,-0.008446,0.00235,0.002723,-0.005033,-0.004667
2022-07-01,-0.002357,-0.00246,0.000897,0.001249,0.003008,0.003316,0.004033,0.004584,0.001926,0.001327
2022-07-04,0.006724,0.007233,-0.004474,-0.004533,-0.006104,-0.0053,0.000231,0.000863,-0.003278,-0.00358
2022-07-05,-0.001701,-0.002107,-0.0083,-0.008266,0.007569,0.007117,-0.001003,-0.000582,0.002596,0.00279
2022-07-06,-0.014487,-0.013822,0.006556,0.007256,-0.00597,-0.005473,-0.002261,-0.001553,-0.00257,-0.003463
2022-07-07,0.005296,0.005397,0.002046,0.001438,-0.00558,-0.006902,-0.005151,-0.005176,-0.000289,-0.000333
2022-07-08,-0.002304,-0.002394,0.006891,0.006627,0.005763,0.005587,-0.005818,-0.00635,0.006509,0.00708
2022-07-11,-0.011731,-0.011635,0.007954,0.007452,0.011639,0.011024,-0.006903,-0.007226,0.008152,0.007704
2022-07-12,-0.007947,-0.008582,-0.007191,-0.008317,0.015617,0.013932,0.00035,-0.0003,0.006761,0.006592
2022-07-13,0.003127,0.003809,0.013624,0.012175,-0.005361,-0.006171,-0.003616,-0.004724,0.001433,0.002024
2022-07-14,0.000244,0.001054,0.002794,0.004567,-0.018396,-0.016226,0.00362,0.005576,-0.013471,-0.013821
2022-07-15,-0.014011,-0.013716,-0.00697,-0.004704,-0.007661,-0.004371,0.00723,0.009394,-0.009052,-0.009669
2022-07-18,0.016082,0.015992,0.015032,0.014529,0.009113,0.00825,-0.002594,-0.003412,0.010342,0.009593
2022-07-19,0.000775,0.000782,0.012501,0.012052,0.001331,0.001294,-0.002475,-0.003469,0.00555,0.005632
2022-07-20,0.007005,0.006977,0.00253,0.002402,-0.006066,-0.006044,-0.002092,-0.001493,0.001047,0.001268
2022-07-21,-0.009629,-0.009419,0.006465,0.005886,-0.00475,-0.004824,-0.004193,-0.004493,0.002745,0.002734
2022-07-22,-0.001157,-0.00153,0.002155,0.0013,0.004087,0.002498,-0.003939,-0.004957,0.003552,0.003665
2022-07-25,-0.006512,-0.006853,-0.00151,-0.001363,0.005236,0.004178,0.002989,0.002618,0.001991,0.002082
2022-07-26,0.008943,0.008893,0.002978,0.002442,-0.00065,-0.002195,0.000486,-0.000375,0.001733,0.001725
2022-07-27,-0.00115,-0.00034,0.011439,0.012192,-0.004811,-0.003531,0.001138,0.001622,-0.003406,-0.003731
2022-07-28,0.002189,0.002459,0.006393,0.006271,-0.001314,-0.001311,0.001553,0.000811,-0.000314,-0.000354
2022-07-29,-0.009248,-0.008573,0.005308,0.005271,0.003851,0.004424,-0.003045,-0.003009,0.002763,0.002545
2022-08-01,0.00469,0.005008,-0.000649,-0.000245,-0.009147,-0.008725,0.003594,0.003986,-0.006628,-0.007068
2022-08-02,-0.024589,-0.025101,-0.01958,-0.019234,-0.001613,-0.002627,0.003664,0.004017,-0.007291,-0.007456
2022-08-03,-0.00891,-0.008876,0.004236,0.004608,-0.005274,-0.005084,-0.00235,-0.002544,-0.001587,-0.000703
2022-08-04,0.00855,0.008773,0.009881,0.00888,-0.001838,-0.001826,-0.003747,-0.004421,0.002952,0.003331
2022-08-05,0.011303,0.012366,-0.004008,-0.004126,-0.004493,-0.004015,0.002875,0.002877,-0.003164,-0.002342
2022-08-08,0.003782,0.004384,0.013237,0.013432,-0.00292,-0.002184,0.000136,0.000328,0.001122,0.000763
2022-08-09,0.002816,0.002759,0.000535,0.000934,-0.003111,-0.002822,0.004119,0.004484,-0.003289,-0.003231
2022-08-10,-0.00545,-0.005112,0.012353,0.011948,0.002909,0.002732,-9.1e-05,-0.000632,0.003276,0.003098
2022-08-11,0.016447,0.016419,-0.005199,-0.005555,0.001432,0.000996,0.000492,0.000102,-0.002572,-0.00254
2022-08-12,0.000629,-0.000324,-0.002948,-0.004203,0.007223,0.005494,-0.00364,-0.005314,0.007575,0.008754
2022-08-15,0.001097,0.001439,0.005201,0.004989,-0.005731,-0.00593,-0.00036,-0.000151,-0.00216,-0.002351
2022-08-16,0.001136,0.001728,0.009754,0.009299,0.002159,0.002033,-0.004353,-0.003575,-0.000129,-0.000242
2022-08-17,0.006215,0.006096,-0.004402,-0.004476,0.001332,0.000731,-0.003159,-0.003591,0.000639,0.000702
2022-08-18,-0.005486,-0.004945,0.009904,0.010727,-0.004534,-0.004082,0.001616,0.002189,-0.005126,-0.005374
2022-08-19,-0.005643,-0.006225,-0.007681,-0.008567,0.01519,0.013622,-0.006153,-0.007829,0.009,0.009286
2022-08-22,0.008251,0.00795,-0.002485,-0.002953,-0.004972,-0.005694,0.003096,0.001935,-0.000218,0.000163
2022-08-23,-0.000194,-0.00011,0.00894,0.008423,0.00194,0.000545,-0.002364,-0.002825,0.002582,0.002804
2022-08-24,-0.020138,-0.021122,-0.009858,-0.01055,0.012625,0.011898,-0.001369,-0.002304,0.007468,0.008227
2022-08-25,0.008226,0.006939,-0.015177,-0.015705,0.012513,0.011405,-0.000978,-0.001633,0.006689,0.007331
2022-08-26,-0.002967,-0.003244,-0.00332,-0.002884,-0.003506,-0.002027,-0.001524,-0.001941,-0.001682,-0.001472
2022-08-29,-1.9e-05,0.000497,0.010953,0.010539,0.002783,0.001989,-0.002946,-0.003573,0.002994,0.002762
2022-08-30,-0.003686,-0.003789,-0.000273,-0.000441,0.004061,0.003087,-0.003922,-0.00451,0.003913,0.003797
2022-08-31,-0.010216,-0.01146,-0.02001,-0.01986,0.007354,0.007056,0.004152,0.003698,0.000886,0.001662
2022-09-01,-0.006138,-0.006114,0.002744,0.002481,0.008836,0.006971,0.002326,0.002966,0.002158,0.001417
2022-09-02,0.000736,0.001248,0.0175,0.016764,-0.002839,-0.002892,-0.008331,-0.009395,0.00521,0.005534
2022-09-05,0.003524,0.003246,0.001815,0.000673,0.015243,0.013179,-0.001624,-0.002188,0.007372,0.007267
2022-09-06,0.012086,0.012005,-0.000684,-0.001011,-0.002453,-0.002915,-0.000322,-0.000919,-0.000673,-0.000642
2022-09-07,0.001179,0.001652,0.001821,0.002173,-0.003603,-0.003628,0.000844,0.001382,-0.004053,-0.004691
2022-09-08,-0.004408,-0.004872,-0.006966,-0.00662,0.003703,0.00421,-0.005824,-0.005754,0.001394,0.001563
2022-09-09,0.008785,0.008308,-0.012739,-0.012556,0.001933,0.001509,0.007038,0.007441,-0.001712,-0.001693
2022-09-13,0.001513,0.001492,0.002867,0.003029,-0.007605,-0.006691,-0.001876,-0.002462,-0.003849,-0.003484
2022-09-14,-0.009446,-0.009497,0.001061,0.00066,0.002067,0.001385,-0.00263,-0.003172,0.003574,0.00431
2022-09-15,-0.012805,-0.014138,-0.010338,-0.010621,0.015225,0.013741,0.001758,0.000399,0.008187,0.008879
2022-09-16,-0.023811,-0.023595,-0.001384,-0.000465,-0.007068,-0.006765,0.000641,0.001349,-0.002821,-0.003338
2022-09-19,-0.002752,-0.003398,-0.009877,-0.010204,0.004134,0.003674,0.00019,-0.00048,-0.004486,-0.004506
2022-09-20,0.004687,0.005431,0.013688,0.013415,-0.008299,-0.008148,0.000866,0.001305,-0.001714,-0.002308
2022-09-21,-0.001302,-0.001536,0.006592,0.005265,0.012449,0.011263,-0.006563,-0.008321,0.010892,0.011466
2022-09-22,-0.004221,-0.004138,-0.000855,-0.000285,0.00231,0.00247,0.001406,0.001474,0.002667,0.001915
2022-09-23,-0.005851,-0.006755,-0.01587,-0.015987,0.008692,0.008154,0.002919,0.002929,0.000829,0.000555
2022-09-26,-0.012455,-0.012046,-0.00915,-0.007862,-0.016905,-0.01571,0.00964,0.0108,-0.016934,-0.017393
2022-09-27,0.015083,0.015575,0.009192,0.008827,-0.009522,-0.008636,-0.00464,-0.004605,-0.00229,-0.001275
2022-09-28,-0.017826,-0.018547,-0.008512,-0.008648,0.012614,0.012107,0.001811,0.001431,0.003163,0.003779
2022-09-29,-0.001553,-0.001647,-0.006313,-0.005068,-0.008301,-0.00687,0.012077,0.01335,-0.007893,-0.008227
2022-09-30,-0.005569,-0.006549,-0.004877,-0.005852,0.012787,0.011739,-0.00059,-0.001836,0.010988,0.011625
2022-10-10,-0.01471,-0.015144,-0.000442,-0.000968,0.018179,0.017141,-0.005833,-0.006496,0.01347,0.013362
2022-10-11,0.003504,0.003662,0.004398,0.004442,-0.004579,-0.003591,0.000496,0.000842,-0.0026,-0.002608
2022-10-12,0.016508,0.017467,0.010899,0.011444,-0.006912,-0.006185,-0.001701,-0.001137,-0.00418,-0.004752
2022-10-13,-0.002948,-0.00156,0.013694,0.014243,-0.005723,-0.004025,-0.007184,-0.006247,0.000621,0.000336
2022-10-14,0.018634,0.019011,0.000412,0.000911,-0.014841,-0.014253,0.003655,0.00549,-0.006278,-0.006572
2022-10-17,0.004179,0.004621,0.014393,0.01374,-0.003677,-0.004131,-0.005929,-0.007265,0.002142,0.003175
2022-10-18,-0.000241,0.000176,0.004111,0.004285,-0.002786,-0.002358,-8.3e-05,0.000179,-0.00319,-0.003414
2022-10-19,-0.011425,-0.011164,0.006134,0.006137,0.004368,0.00382,-0.00213,-0.00195,0.003111,0.003084
2022-10-20,-0.00437,-0.004318,0.001016,0.001206,-0.0004,-0.000142,-0.003533,-0.003741,0.003978,0.004299
2022-10-21,-0.000975,-0.00087,0.001566,0.000988,0.005499,0.005258,-0.001649,-0.002435,0.002127,0.002501
2022-10-24,-0.019891,-0.019454,0.00655,0.007031,0.000982,0.001536,-9.8e-05,0.00015,0.002851,0.002254
2022-10-25,-0.0024,-0.002419,-0.00052,-0.000776,0.000842,0.001294,-0.003941,-0.00427,0.002257,0.002409
2022-10-26,0.008233,0.009471,0.01002,0.01001,-0.013989,-0.012215,-0.001995,-0.001405,-0.000125,-0.000463
2022-10-27,-0.004497,-0.00474,0.002716,0.002075,0.006321,0.006002,-0.004462,-0.005121,0.009722,0.010194
2022-10-28,-0.025684,-0.026377,-0.010405,-0.010378,0.006701,0.005896,0.004196,0.003064,0.002787,0.003582
2022-10-31,-0.005883,-0.004829,0.020031,0.020295,-0.01277,-0.011078,-0.004085,-0.004867,-0.001523,-0.000888
2022-11-01,0.027651,0.02801,-0.004177,-0.003509,-0.016588,-0.01546,0.003467,0.003173,-0.011338,-0.011132
2022-11-02,0.010538,0.011089,-0.000107,0.00056,-0.00634,-0.005615,-0.000489,0.000587,-0.001608,-0.002046
2022-11-03,-0.003439,-0.002853,0.006397,0.006998,-0.001542,-0.001043,-0.000119,0.000756,-0.002363,-0.002475
2022-11-04,0.025738,0.025455,-0.012007,-0.011619,-0.008814,-0.008418,0.00489,0.005936,-0.010067,-0.010051
2022-11-07,0.003647,0.003706,0.005717,0.004976,0.002796,0.00203,-0.00196,-0.002369,0.005668,0.005925
2022-11-08,-0.003731,-0.003784,0.00537,0.004735,0.003023,0.002746,-0.001679,-0.002115,0.005913,0.005891
2022-11-09,-0.00481,-0.004627,0.007696,0.007725,0.004541,0.004685,-0.004805,-0.004404,0.007033,0.006678
2022-11-10,-0.004966,-0.005515,0.004192,0.003132,0.006998,0.006055,-0.005869,-0.0073,0.007837,0.008621
2022-11-11,0.017292,0.0164,-0.01628,-0.016882,0.004097,0.002585,0.008711,0.008347,-0.006595,-0.006441
2022-11-14,-0.001655,-0.002021,0.002609,0.002638,0.005965,0.005301,0.003984,0.003165,0.002574,0.003212
2022-11-15,0.015962,0.016318,0.000868,0.001883,-0.011551,-0.010738,0.005002,0.005576,-0.008478,-0.009092
2022-11-16,-0.005082,-0.005259,0.005055,0.004439,0.000824,0.000856,-0.0073,-0.008402,0.006171,0.007037
2022-11-17,-0.001887,-0.001527,0.008063,0.007554,0.000471,1e-05,-0.005455,-0.005771,0.005182,0.005331
2022-11-18,-0.004459,-0.004709,-0.002624,-0.002443,-0.000903,-0.000347,0.002713,0.003358,-9e-06,9.2e-05
2022-11-21,-0.003547,-0.0031,0.007398,0.008288,-0.000965,-0.000321,0.002172,0.003102,-0.001732,-0.002887
2022-11-22,-0.000352,-0.001352,-0.011159,-0.011647,0.017046,0.016519,-0.00234,-0.003216,0.005783,0.006142
2022-11-23,0.00063,0.000285,-0.008324,-0.008561,0.007554,0.006677,0.001632,0.002213,0.000373,0.000633
2022-11-24,-0.001513,-0.00122,0.006429,0.007084,0.002319,0.001741,0.00173,0.00273,-0.000859,-0.001331
2022-11-25,0.003486,0.002534,-0.012109,-0.013332,0.019864,0.017859,-0.004654,-0.005711,0.011294,0.011384
2022-11-28,-0.007038,-0.006728,0.003053,0.00285,-0.000402,-0.000765,-0.007841,-0.00799,0.003018,0.003093
2022-11-29,0.02336,0.022601,-0.00348,-0.0036,0.004393,0.003374,0.003479,0.002382,-0.003336,-0.003103
2022-11-30,0.002308,0.00211,-0.003079,-0.003482,-0.002108,-0.002426,-0.005788,-0.005888,0.002171,0.001916
2022-12-01,0.006089,0.006438,0.000603,0.001271,-0.014168,-0.012835,0.007075,0.00784,-0.009704,-0.00928
2022-12-02,-0.003101,-0.002596,0.01243,0.012512,-0.003064,-0.002383,-0.003375,-0.003737,0.003224,0.003029
2022-12-05,0.017942,0.017099,-0.009319,-0.009826,0.012327,0.01258,-0.003248,-0.003979,0.005091,0.005896
2022-12-06,0.000896,0.000693,-0.008512,-0.008125,-0.008922,-0.00815,0.004578,0.004761,-0.008216,-0.007347
2022-12-07,-0.00355,-0.003188,0.004737,0.004791,-0.007693,-0.007298,-0.004995,-0.003991,-0.00232,-0.002171
2022-12-08,-0.001612,-0.001635,-0.000871,-0.000832,0.004592,0.003698,0.001985,0.002632,-0.002745,-0.003237
2022-12-09,0.004268,0.004067,-0.008015,-0.00737,-0.003589,-0.002931,0.010241,0.011417,-0.005203,-0.005799
2022-12-12,-0.009097,-0.008821,0.006703,0.00736,-0.010118,-0.008841,-0.002655,-0.002894,-0.000475,7.4e-05
2022-12-13,-0.000986,-0.001343,-0.000586,-0.001644,0.012208,0.011104,-0.00977,-0.010734,0.007311,0.007714
2022-12-14,-4.3e-05,-0.000252,-0.003744,-0.003336,-0.004475,-0.003798,0.001421,0.001225,-0.004016,-0.003164
2022-12-15,-0.001403,-0.001186,0.005279,0.005252,-0.009762,-0.010093,0.003902,0.00322,-0.006252,-0.006313
2022-12-16,-0.00116,-0.00198,-0.010568,-0.010744,0.011944,0.010844,-0.002317,-0.00258,0.004537,0.004778
2022-12-19,-0.018564,-0.018743,-0.004566,-0.004405,-0.003638,-0.004189,0.003999,0.003802,-0.004561,-0.004741
2022-12-20,-0.011681,-0.011313,0.00941,0.009205,0.00294,0.002929,-0.002008,-0.001931,0.003932,0.003541
2022-12-21,-0.001626,-0.002022,-0.005579,-0.005484,0.003236,0.003486,-0.001111,-0.00124,-0.001206,-0.000829
2022-12-22,-0.004087,-0.00455,-0.010731,-0.011049,-0.001288,-0.001903,0.000973,0.000978,-0.001489,-0.000894
2022-12-23,-0.002363,-0.002518,0.000963,0.000411,-0.001015,-0.001272,-0.001078,-0.002063,0.004258,0.004715
2022-12-26,0.00712,0.007912,0.008703,0.009315,-0.012217,-0.01166,-0.00185,-0.000641,-0.005582,-0.006268
2022-12-27,0.009853,0.010086,-0.006357,-0.006117,0.003481,0.0033,0.004179,0.00525,-0.006086,-0.006045
2022-12-28,-0.004668,-0.004982,-0.007357,-0.007187,0.007341,0.006502,0.002321,0.002878,0.002446,0.00243
2022-12-29,-0.005311,-0.005152,-2e-05,-6.9e-05,-0.00618,-0.005601,0.000587,0.001093,-0.004802,-0.004602
2022-12-30,0.00473,0.004722,0.005325,0.004406,0.004398,0.003685,-0.006629,-0.006802,0.004395,0.004678
2023-01-03,0.01018,0.010874,0.014495,0.014839,-0.003608,-0.003096,-0.002624,-0.001615,0.003513,0.003017
2023-01-04,0.002749,0.002565,0.00661,0.006093,0.008603,0.007416,-0.001783,-0.00276,0.00338,0.003806
2023-01-05,0.01165,0.011702,-0.009672,-0.008509,-0.014371,-0.013419,0.009853,0.010724,-0.015031,-0.015712
2023-01-06,0.000249,0.000598,-0.004562,-0.003802,-0.003256,-0.00214,0.011559,0.012432,-0.008932,-0.01015
2023-01-09,0.005906,0.006077,-2.1e-05,-6e-06,-0.004457,-0.003275,0.002273,0.001978,-0.003557,-0.002944
2023-01-10,-0.001086,-0.000749,-0.002409,-0.002011,-0.00852,-0.008075,0.003714,0.004523,-0.006723,-0.006826
2023-01-11,-0.00184,-0.002399,-0.006274,-0.006211,0.008798,0.007798,0.004478,0.003793,0.001668,0.001118
2023-01-12,0.001202,0.00117,-0.001018,-0.001086,-0.004031,-0.003322,0.001979,0.00138,-0.001217,-0.000886
2023-01-13,0.009925,0.009684,-0.007676,-0.007982,0.00082,0.000819,0.001098,0.000754,-0.001771,-0.001493
2023-01-16,0.009484,0.009557,-0.00085,-0.00083,-0.007601,-0.007287,0.005156,0.004766,-0.006504,-0.005942
2023-01-17,-0.001999,-0.001838,-0.001669,-0.001759,-0.000462,-0.001105,0.003638,0.003686,-0.004309,-0.004402
2023-01-18,0.001075,0.001108,0.00436,0.003718,0.002219,0.001988,-0.002568,-0.003611,0.004533,0.004805
2023-01-19,0.004651,0.004679,-0.001364,-0.001202,-0.001975,-0.001917,0.000165,0.000439,-0.002499,-0.002248
2023-01-20,0.008235,0.008161,0.000763,-2.6e-05,8.8e-05,3e-05,-0.002945,-0.003707,0.006752,0.006806
2023-01-30,0.003993,0.004468,0.013689,0.013661,-0.009651,-0.009257,0.001248,0.000936,-0.001476,-0.001828
2023-01-31,-0.00367,-0.003289,0.007978,0.007488,0.006058,0.005277,-0.004143,-0.004189,0.003829,0.002965
2023-02-01,0.010516,0.011048,0.007057,0.006944,-0.005963,-0.005649,-0.000217,-0.000888,-0.000907,-0.001553
2023-02-02,-0.001037,-0.000719,0.003166,0.00355,-0.001933,-0.000944,-0.001205,-0.000869,-0.001352,-0.000949
2023-02-03,-0.006245,-0.005967,0.007442,0.007413,-0.001832,-0.001742,-0.00276,-0.003495,0.003199,0.003314
2023-02-06,-0.007884,-0.007702,0.008911,0.008455,0.003487,0.003096,-0.003735,-0.00479,0.003753,0.003787
2023-02-07,0.002933,0.003039,0.004581,0.004689,0.001791,0.001778,-0.000362,-0.000861,0.00421,0.003996
2023-02-08,-0.004772,-0.004737,0.001283,0.001258,-0.000706,-0.000731,-0.000452,-0.00047,0.000298,0.000152
2023-02-09,0.012038,0.01277,-0.000826,-0.000352,-0.006209,-0.005923,0.004388,0.004387,-0.005043,-0.005147
2023-02-10,-0.003214,-0.003336,0.00297,0.002227,0.005739,0.00509,-0.004886,-0.005799,0.003647,0.004359
2023-02-13,0.008379,0.00877,0.002249,0.002491,-0.006448,-0.005644,0.004343,0.004849,-0.004074,-0.003722
2023-02-14,0.001414,0.001412,-0.000924,-0.000839,0.003208,0.003311,0.003588,0.003428,-0.00045,-0.000302
2023-02-15,-0.003002,-0.002873,0.00716,0.006875,-0.004146,-0.003922,-0.001372,-0.002335,0.002975,0.003412
2023-02-16,-0.010317,-0.010924,-0.013543,-0.013837,0.004781,0.004874,-0.00079,-0.000945,0.002782,0.003043
2023-02-17,-0.00871,-0.008881,0.005123,0.005303,0.01059,0.010579,-0.002218,-0.002177,0.005113,0.005154
2023-02-20,0.020584,0.020551,-0.008482,-0.008646,0.004159,0.00486,0.008964,0.008047,-0.003246,-0.003234
2023-02-21,0.003845,0.003711,-0.000227,-0.000532,0.002486,0.002159,4.6e-05,-5.2e-05,0.002683,0.002272
2023-02-22,-0.004789,-0.004569,0.006381,0.006717,0.001299,0.00155,-0.002043,-0.002191,0.002002,0.001815
2023-02-23,-0.001568,-0.001711,-0.000841,-0.000213,0.001518,0.001368,0.002644,0.002488,-0.002359,-0.002791
2023-02-24,-0.006618,-0.006473,0.004795,0.004438,0.001779,0.001685,-0.003938,-0.004147,0.002645,0.00316
2023-02-27,-0.003959,-0.004282,-0.005378,-0.005043,0.000867,0.00129,0.002392,0.002492,-0.00112,-0.001032
2023-02-28,0.007411,0.007716,0.003855,0.003198,0.001587,0.001592,-0.004102,-0.004362,0.003439,0.003574
2023-03-01,0.011294,0.011241,-0.001084,-0.001763,-0.001663,-0.000855,0.000504,-0.001093,0.001788,0.002572
2023-03-02,-0.000907,-0.001399,-0.00223,-0.002702,0.008925,0.00766,-0.002747,-0.003579,0.005092,0.005225
2023-03-03,0.004625,0.004401,-0.005712,-0.006224,0.007633,0.00696,-0.004307,-0.005175,0.004019,0.004161
2023-03-06,-0.001988,-0.001817,0.001822,0.002115,-0.005909,-0.005983,-0.003244,-0.002499,-0.001842,-0.001763
2023-03-07,-0.012868,-0.013443,-0.008296,-0.008246,0.011348,0.010819,0.001044,0.000843,0.005507,0.005007
2023-03-08,0.000199,0.000808,0.01112,0.010836,-0.001784,-0.00173,-0.005079,-0.005745,0.003752,0.00396
2023-03-09,-0.001955,-0.001516,0.004931,0.00537,-0.000576,5.9e-05,0.002135,0.001871,-0.000876,-0.000668
2023-03-10,-0.014539,-0.014227,0.000343,0.000423,-0.004182,-0.003775,0.000275,6.8e-05,-0.000976,-0.00076
2023-03-13,0.012397,0.011863,-0.0086,-0.008478,0.003389,0.004231,0.001425,1.7e-05,0.002856,0.003435
2023-03-14,-0.008733,-0.008804,-0.007636,-0.007132,-0.001075,-0.000803,-0.002378,-0.002254,-0.002455,-0.002731
2023-03-15,0.005406,0.005241,0.005724,0.004862,0.013423,0.012366,-0.002329,-0.002904,0.005286,0.005213
2023-03-16,-0.011515,-0.011917,-0.00428,-0.004039,0.005784,0.005844,0.000706,0.000311,0.001227,0.00182
2023-03-17,0.006851,0.006913,0.00166,0.001107,0.005692,0.004949,-0.002295,-0.003639,0.008401,0.008208
2023-03-20,-0.006735,-0.007037,0.002035,0.002073,-0.002175,-0.00246,0.004185,0.003922,-0.005103,-0.004913
2023-03-21,0.008314,0.008756,0.007743,0.007695,-0.014759,-0.01339,-0.000717,-0.000731,-0.006287,-0.006101
2023-03-22,0.004767,0.004635,0.0036,0.003073,0.001633,0.001082,0.00177,0.000153,0.000612,0.001354
2023-03-23,0.006446,0.006208,-0.00718,-0.007402,-0.002197,-0.002219,0.003558,0.002808,-0.001784,-0.001181
2023-03-24,-0.004452,-0.004188,0.006408,0.006364,-0.007801,-0.007738,0.001602,0.001733,-0.003903,-0.003301
2023-03-27,-0.003668,-0.00347,0.002607,0.003226,-0.00799,-0.007445,0.000573,0.001124,-0.003026,-0.003415
2023-03-28,-0.002008,-0.00246,-0.007312,-0.00695,0.007172,0.007316,-0.000163,-0.000194,0.003514,0.004047
2023-03-29,-0.001708,-0.001657,-0.004095,-0.003597,-0.00705,-0.006682,0.001808,0.002167,-0.005435,-0.005352
2023-03-30,0.00463,0.004409,-0.014744,-0.013611,0.001342,0.001476,0.005766,0.006424,-0.001049,-0.001827
2023-03-31,0.00506,0.005204,0.00824,0.007268,-0.002306,-0.002852,-0.004179,-0.004795,0.0028,0.003241
2023-04-03,0.008157,0.00842,0.002422,0.002079,-0.002486,-0.003123,-0.002547,-0.003311,0.002156,0.002415
2023-04-04,0.00375,0.003042,-0.015228,-0.014885,0.0089,0.008946,-0.001622,-0.00251,0.005257,0.005494
2023-04-06,-0.001394,-0.001444,-0.003427,-0.00224,-0.00488,-0.00439,0.00241,0.003335,-0.005659,-0.005679
2023-04-07,0.004863,0.005286,0.00537,0.005281,-0.002352,-0.002232,-0.001242,-0.000752,-0.000573,-0.000354
2023-04-10,-0.003669,-0.002538,-0.013358,-0.012238,0.005419,0.005878,0.002609,0.003839,-0.001545,-0.002436
2023-04-11,-0.000186,-0.000461,0.003106,0.002321,0.004143,0.002961,0.000108,-0.000651,0.004362,0.004489
2023-04-12,0.004573,0.004727,0.008605,0.008142,0.008841,0.008443,-0.002344,-0.003392,0.009803,0.009626
2023-04-13,-0.003975,-0.004335,0.000765,0.000568,0.006157,0.006237,-0.003434,-0.003792,0.003201,0.003824
2023-04-14,0.004719,0.004807,-0.003223,-0.002808,-0.000677,-0.000404,0.002313,0.00298,-0.001858,-0.002584
2023-04-17,0.012734,0.011881,-0.013682,-0.01348,0.011275,0.010887,0.004779,0.004371,0.000975,0.000916
2023-04-18,0.002383,0.002058,-0.006137,-0.005887,0.002073,0.00204,0.007325,0.00751,-0.002307,-0.002106
2023-04-19,-0.007423,-0.007236,0.005724,0.005493,0.000629,0.000524,-0.002802,-0.003801,0.001274,0.001709
2023-04-20,-0.001941,-0.002274,-0.000838,-0.001093,0.008022,0.006675,-0.000176,-0.00218,0.005396,0.006014
2023-04-21,-0.019617,-0.020118,-0.009229,-0.008757,0.005371,0.005775,0.000883,0.001136,0.000591,0.000815
2023-04-24,-0.00671,-0.006614,0.007707,0.007249,0.005895,0.005457,-0.003329,-0.004663,0.005276,0.005526
2023-04-25,-0.00524,-0.006334,-0.015372,-0.015358,0.015142,0.014153,0.002326,0.001134,0.006117,0.006499
2023-04-26,-0.000437,0.000237,0.007826,0.008198,-0.00669,-0.006563,-0.001422,-0.00043,-0.006181,-0.006909
2023-04-27,0.005557,0.005238,-0.007524,-0.007546,0.005852,0.005751,0.000302,0.000542,-0.002434,-0.002433
2023-04-28,0.012916,0.012798,0.012542,0.01108,0.003573,0.002075,-0.005059,-0.008601,0.010187,0.01137
2023-05-04,0.008527,0.007674,0.005032,0.003487,0.020447,0.018614,-0.007774,-0.009902,0.013904,0.0149
2023-05-05,-0.004522,-0.00494,-0.002082,-0.003193,0.011026,0.009516,-0.001276,-0.002622,0.001476,0.002486
2023-05-08,0.01782,0.016889,-0.009505,-0.009063,0.019459,0.018672,0.003246,0.002685,0.006246,0.0058
2023-05-09,-0.010914,-0.011092,-0.007369,-0.007004,0.003996,0.003885,0.000775,0.001122,-0.005333,-0.005185
2023-05-10,-0.009181,-0.008172,0.011067,0.011656,-0.018184,-0.016608,0.001792,0.003063,-0.007392,-0.007555
2023-05-11,-0.002737,-0.002332,0.010218,0.00932,-0.003897,-0.004624,-0.003768,-0.004424,0.000303,0.000938
2023-05-12,-0.012033,-0.01181,0.002587,0.002973,0.004026,0.004583,-0.001617,-0.00111,0.001856,0.002273
2023-05-15,0.012043,0.011937,-0.005243,-0.004749,-0.006364,-0.006035,0.006498,0.006728,-0.011376,-0.011607
2023-05-16,-0.007465,-0.007281,-0.002561,-0.001719,-0.000407,-6e-05,0.005517,0.006358,-0.005211,-0.00533
2023-05-17,-0.0021,-0.001677,0.014164,0.013913,-0.004892,-0.005198,-0.0023,-0.003306,0.000176,0.000486
2023-05-18,0.004026,0.003818,0.005805,0.006006,0.003052,0.003539,-0.000219,-0.001311,0.005461,0.00567
2023-05-19,-0.003167,-0.00286,0.002089,0.003021,-0.012625,-0.011328,0.004182,0.005324,-0.007547,-0.007767
2023-05-22,0.004329,0.004558,-0.000877,0.000272,-0.003186,-0.000962,0.003928,0.005215,-0.006349,-0.006382
2023-05-23,-0.015044,-0.014592,0.004942,0.005025,-0.004566,-0.004189,0.002536,0.003059,-0.000773,-0.000838
2023-05-24,-0.0121,-0.01117,0.011876,0.012032,-0.009897,-0.008646,0.001174,0.000869,-0.004445,-0.004782
2023-05-25,-0.001958,-0.001695,0.002136,0.002019,0.001798,0.001807,-0.00055,-0.000936,-0.001836,-0.001614
2023-05-26,0.003989,0.003645,0.003617,0.003554,0.003875,0.004002,-0.003461,-0.003943,0.003985,0.004576
2023-05-29,0.001374,0.00104,-0.006155,-0.005261,0.010087,0.010873,-0.001398,-0.001507,0.008212,0.008211
2023-05-30,0.002288,0.00252,0.005421,0.004822,0.000505,-1.3e-05,-9.9e-05,-0.001732,0.001564,0.001771
2023-05-31,-0.006726,-0.006293,0.005356,0.004512,-0.000911,-0.001563,-0.008043,-0.008916,0.004163,0.004669
2023-06-01,0.00252,0.002547,0.002646,0.002746,-0.004447,-0.003605,0.002517,0.002686,-0.001189,-0.00132
2023-06-02,0.00981,0.009584,-0.004469,-0.00437,-0.002968,-0.003487,0.007459,0.007788,-0.004922,-0.005282
2023-06-05,0.000511,0.000505,0.007963,0.007613,0.007493,0.007019,-0.006043,-0.00662,0.008856,0.008973
2023-06-06,-0.010905,-0.011544,-0.007846,-0.007832,0.006579,0.006411,0.004351,0.004082,-0.000191,-0.000133
2023-06-07,0.000133,0.00015,0.008891,0.008048,0.007141,0.006509,-0.008307,-0.009807,0.008317,0.008896
2023-06-08,0.005217,0.004546,-0.010452,-0.010764,0.01093,0.009754,0.001733,0.001114,0.002141,0.002279
2023-06-09,0.005564,0.00619,-0.000335,-0.000242,-0.005547,-0.004234,-0.002503,-0.000697,0.002242,0.002375
2023-06-12,0.000858,0.001033,0.006222,0.006758,-0.013502,-0.012,0.004205,0.004285,-0.00857,-0.008756
2023-06-13,0.002097,0.002174,0.002048,0.001877,-0.005842,-0.005468,0.00024,0.000226,-0.003494,-0.0031
2023-06-14,-0.000405,-0.00047,0.002154,0.001952,-0.006542,-0.006541,0.001625,0.000992,0.000362,0.000255
2023-06-15,0.009579,0.009324,-0.010843,-0.009834,-0.011344,-0.0111,0.010136,0.011342,-0.01463,-0.01537
2023-06-16,0.006422,0.006456,0.000802,4.7e-05,-0.007903,-0.00844,0.001947,0.000343,-0.001686,-0.001056
2023-06-19,-0.005089,-0.004433,0.004344,0.004695,-0.005804,-0.004904,-0.003376,-0.003161,2.9e-05,-0.000638
2023-06-20,-0.004163,-0.004059,-0.001095,-0.00041,-0.006355,-0.005232,0.003946,0.004358,-0.00553,-0.00544
2023-06-21,-0.013049,-0.013661,-0.000309,-0.000334,0.010174,0.009986,-0.000537,-0.000353,0.00627,0.006167
2023-06-26,-0.015188,-0.015201,-0.006547,-0.006653,0.002101,0.002059,-0.00384,-0.00239,0.000529,-0.000316
2023-06-27,0.013611,0.013449,0.009676,0.008935,0.008246,0.006761,-0.003215,-0.00427,0.006543,0.006736
2023-06-28,-0.00044,-0.000817,-0.003657,-0.003747,0.005798,0.00517,-0.000411,-0.000524,0.001016,0.001076
2023-06-29,-0.000682,-0.000237,0.014833,0.014872,-0.004047,-0.003928,0.001032,0.000684,-0.001152,-0.000896
2023-06-30,0.007807,0.008124,0.00406,0.004312,-0.001363,-0.001643,0.001801,0.00284,-0.003697,-0.003673
2023-07-03,0.012007,0.011424,-0.007992,-0.00805,0.001823,0.000727,-0.006049,-0.005247,0.001135,0.001332
2023-07-04,0.000846,0.00127,0.006529,0.006883,-0.006633,-0.005992,0.005275,0.005176,-0.000658,-0.000772
2023-07-05,-0.006327,-0.006421,0.000488,0.000168,0.004359,0.004068,5.4e-05,-0.000524,-0.000588,-0.000417
2023-07-06,-0.004671,-0.004547,0.004698,0.004271,0.002477,0.002478,-0.002418,-0.002637,0.005943,0.006153
2023-07-07,-0.003458,-0.00362,-0.001527,-0.001821,0.008807,0.008308,-0.003553,-0.003722,0.002276,0.001826
2023-07-10,0.002405,0.00239,-0.002066,-0.002364,-0.003939,-0.004253,0.001145,0.000907,-0.001671,-0.001574
2023-07-11,0.006172,0.006266,0.002402,0.002641,-0.002053,-0.001529,0.0007,0.001095,-0.003932,-0.003442
2023-07-12,-0.007592,-0.007575,-0.002747,-0.002438,0.001125,0.001452,-0.000452,-0.000327,-0.006868,-0.006981
2023-07-13,0.014994,0.014679,-0.006634,-0.005741,0.001284,0.00233,0.002118,0.001945,-0.002488,-0.001905
2023-07-14,0.00141,0.001308,-0.002068,-0.0022,0.002227,0.00265,-0.001751,-0.002413,0.005829,0.006151
2023-07-17,-0.005352,-0.005331,0.004022,0.00323,0.001472,0.001294,-0.001786,-0.001784,0.003289,0.003644
2023-07-18,-0.00232,-0.002387,0.004072,0.003285,-0.000346,-0.000804,0.000156,-0.001131,0.000216,0.000617
2023-07-19,0.000193,0.000128,-0.001431,-0.001422,0.006637,0.006563,-0.002963,-0.003401,0.005384,0.005451
2023-07-20,-0.008543,-0.008697,-0.000695,-0.00146,-0.001647,-0.002444,-0.00349,-0.003353,0.000321,0.000106
2023-07-21,-0.000266,-0.000514,-0.002704,-0.003755,-0.002228,-0.003506,-0.00156,-0.001947,0.004192,0.004194
2023-07-24,-0.001822,-0.001927,0.001169,0.000869,0.003964,0.003298,-0.001029,-0.001769,0.0045,0.004573
2023-07-25,0.022216,0.021873,-0.006935,-0.006519,-6.1e-05,-0.000136,-0.001628,-0.003077,-0.001339,-0.001052
2023-07-26,-0.003676,-0.003746,-0.000627,-0.001077,0.001908,0.00125,-0.002675,-0.003066,0.00116,0.001176
2023-07-27,-0.001454,-0.001953,-0.004819,-0.004672,0.003298,0.002495,-0.005224,-0.004291,-0.002112,-0.003092
2023-07-28,0.017726,0.017234,-0.011896,-0.011934,0.003404,0.003411,-0.008107,-0.009466,0.000467,0.000528
2023-07-31,0.005628,0.005678,0.004769,0.003472,-0.001361,-0.002942,-0.004861,-0.005498,0.005943,0.006459
2023-08-01,-0.000904,-0.001014,-0.003476,-0.003588,0.003688,0.004532,-0.000595,0.000256,0.002277,0.001961
2023-08-02,-0.008002,-0.007554,0.007718,0.007292,-0.005938,-0.006144,0.002623,0.00206,0.00335,0.003515
2023-08-03,0.005145,0.004882,-0.007667,-0.00749,0.000799,0.000694,-0.005955,-0.007405,-0.001977,-0.001862
2023-08-04,0.00408,0.004135,-0.004598,-0.003928,-0.002919,-0.002268,0.002283,0.001036,-0.000249,-0.000221
2023-08-07,-0.006153,-0.006038,0.000515,0.001486,-0.00332,-0.001497,-0.001115,-0.001965,0.00287,0.003211
2023-08-08,-0.00256,-0.002613,0.002222,0.002085,-0.001707,-0.001302,-0.000304,0.001175,-0.000575,-0.000902
2023-08-09,-0.003793,0.004216,-0.003273,-0.002646,-2.4e-05,0.000291,-0.000598,-0.000113,-0.003287,-0.003965
2023-08-10,0.002788,0.00297,-4.6e-05,-4.3e-05,0.001831,0.002039,-0.001044,-0.002178,0.001823,0.002077
2023-08-11,-0.0192,-0.019075,0.003627,0.003418,0.001229,0.000735,0.001752,0.002872,0.000752,0.000341
2023-08-14,-0.00262,-0.002405,0.007776,0.008073,0.001072,0.001338,0.000223,0.0005,0.008454,0.008497
2023-08-15,-0.000892,8.1e-05,-0.004769,-0.004052,0.010329,0.010544,-0.006868,-0.006947,-0.00202,-0.001774
2023-08-16,-0.008484,-0.008382,0.000206,-0.000556,0.002911,0.002396,-0.003205,-0.005851,0.000826,0.002005
2023-08-17,0.004643,0.005188,0.010665,0.010377,-0.005707,-0.005288,0.004582,0.003676,0.001143,0.001572
2023-08-18,-0.012287,-0.01225,-0.002332,-0.001928,0.01086,0.010616,-0.00573,-0.00524,-0.004766,-0.004832
2023-08-21,-0.010809,-0.010374,0.006849,0.007287,0.001083,0.001704,0.003918,0.004227,0.001206,0.001638
2023-08-22,0.009019,0.008488,-0.008466,-0.007529,0.002328,0.003266,-0.002612,-0.005097,0.004958,0.00533
2023-08-23,-0.013927,-0.014496,-0.00027,-0.00075,0.008594,0.00754,-0.005705,-0.005991,-0.002331,-0.00188
2023-08-24,0.001675,0.001212,-0.003279,-0.003455,-0.016129,-0.016127,0.005258,0.006213,-0.003905,-0.003889
2023-08-25,-0.006598,-0.007666,-0.011595,-0.01282,0.01188,0.009237,-0.007085,-0.007741,-0.004148,-0.004439
2023-08-28,0.011561,0.011313,-0.001275,-0.003053,0.010006,0.007716,-0.004613,-0.005082,0.004926,0.005355
2023-08-29,0.012015,0.013842,0.022558,0.024002,-0.014601,-0.012041,0.013053,0.012937,0.000708,0.000208
2023-08-30,-0.000693,-0.000427,0.00625,0.007555,-0.010532,-0.008532,0.00862,0.009394,-9.3e-05,8.6e-05
2023-08-31,-0.004868,-0.004933,-0.000675,0.000128,-0.002924,-0.001094,0.00076,0.001674,-0.005501,-0.00556
2023-09-01,0.004919,0.004525,-0.003024,-0.00325,0.001128,0.00111,-0.000242,0.000329,0.001193,0.001013
2023-09-04,0.015391,0.015024,0.000804,1.4e-05,0.000471,-0.000199,-0.000419,-0.000302,0.002588,0.002554
2023-09-05,-0.006886,-0.006519,0.003324,0.003881,-0.003718,-0.003029,0.003466,0.002666,-0.003901,-0.00376
2023-09-06,0.000289,0.000542,0.005491,0.005564,0.00117,0.001356,-0.0015,-0.001445,0.000401,0.000551
2023-09-07,-0.011339,-0.0118,-0.003597,-0.00351,0.005056,0.005021,-0.004947,-0.006429,0.003138,0.003187
2023-09-08,-0.002108,-0.001789,0.004204,0.004361,0.000105,0.000659,-0.00362,-0.003437,-0.000825,-0.000766
2023-09-11,0.008073,0.008009,-0.001408,-0.001764,-0.002302,-0.002445,0.002071,0.002646,-0.000189,-0.000328
2023-09-12,-0.001248,-0.001203,0.001409,0.000933,0.000645,0.000581,0.002228,0.002706,-0.001657,-0.00157
2023-09-13,-0.005408,-0.005834,-0.004618,-0.005014,0.006614,0.006134,-0.003223,-0.002846,0.000532,0.000649
2023-09-14,0.000874,7.6e-05,-0.009151,-0.009512,0.00743,0.00687,-0.004502,-0.004578,0.000686,0.000832
2023-09-15,-0.003251,-0.003138,0.006037,0.005605,-0.001252,-0.001606,-0.001268,-0.002089,0.003376,0.003005
2023-09-18,0.003148,0.003234,0.007332,0.006812,-0.006028,-0.006099,0.001855,0.002016,-0.003521,-0.003603
2023-09-19,-0.00144,-0.002119,-0.009977,-0.010298,0.008653,0.008151,-0.003568,-0.004152,-0.001084,-0.001207
2023-09-20,-0.003781,-0.004026,-0.00336,-0.003051,0.005097,0.005405,-0.002009,-0.002483,-0.000161,-0.000187
2023-09-21,-0.007298,-0.007424,0.000401,-5.8e-05,0.002522,0.002543,-0.003075,-0.003495,0.00372,0.003821
2023-09-22,0.0148,0.015116,0.001787,0.002882,-0.004622,-0.003248,0.003586,0.003882,0.000547,0.000484
2023-09-25,-0.005287,-0.005264,0.001578,0.001741,-0.000685,-0.000473,0.000525,0.001237,-0.006812,-0.006522
2023-09-26,-0.005177,-0.005225,0.000498,0.000439,0.003534,0.003263,-0.00266,-0.003026,0.001863,0.001964
2023-09-27,0.001164,0.001403,0.001925,0.001918,-0.005163,-0.00509,0.006329,0.006502,-0.004068,-0.00409
2023-09-28,0.001909,0.002328,0.011679,0.010608,-0.000485,-0.001072,-0.002241,-0.002539,0.002949,0.003653
2023-10-09,-0.002287,-0.002269,-0.002267,-0.001766,-0.00148,-0.00018,0.002597,0.003264,-0.006179,-0.006276
2023-10-10,-0.006433,-0.006256,0.006551,0.006031,-0.007176,-0.006819,-0.005911,-0.006572,0.004343,0.00483
2023-10-11,0.000892,0.00109,-6.9e-05,0.00069,-0.00287,-0.0022,0.002284,0.002302,-0.002348,-0.002384
2023-10-12,0.009879,0.009582,-0.004236,-0.004925,0.002751,0.00138,-0.004809,-0.004471,-0.003781,-0.003676
2023-10-13,-0.005185,-0.005467,-0.000132,-0.000238,0.005968,0.005958,-0.005558,-0.005474,-0.002155,-0.002018
2023-10-16,-0.005221,-0.005553,0.002824,0.001508,0.007499,0.006457,-0.008526,-0.008986,0.00447,0.004495
2023-10-17,0.003258,0.003234,-0.005248,-0.005031,0.001449,0.001416,-0.000785,-0.001534,-0.001069,-0.001185
2023-10-18,-0.008992,-0.009509,-0.008909,-0.009215,0.002059,0.001741,-0.003387,-0.004252,-0.003686,-0.00323
2023-10-19,-0.018442,-0.017903,0.009152,0.008924,0.001099,0.001004,-0.001036,-0.001477,0.00329,0.003447
2023-10-20,-0.008196,-0.00829,3.5e-05,-0.000743,0.003124,0.001896,0.000708,0.000142,-0.000579,-0.000522
2023-10-23,-0.013648,-0.014429,-0.008855,-0.009108,-0.000132,-0.000795,-0.003662,-0.004143,-0.000799,-0.00072
2023-10-24,0.006393,0.007576,0.022953,0.023035,-0.000351,0.000589,0.000722,-0.000847,0.00506,0.005382
2023-10-25,0.004003,0.004133,0.014551,0.013011,-0.004685,-0.00612,-0.002345,-0.002712,0.007861,0.008617
2023-10-26,0.005579,0.005426,-0.003566,-0.003391,0.005008,0.004233,-0.001757,-0.000617,-0.001177,-0.000937
2023-10-27,0.010541,0.011218,-0.000185,0.000566,-0.008069,-0.006814,0.009739,0.011203,-0.003599,-0.004385
2023-10-30,0.002065,0.002774,0.009723,0.009421,-0.016797,-0.016186,0.008369,0.007705,0.000582,0.000903
2023-10-31,-0.001463,-0.001665,-0.00117,-0.001719,0.002371,0.002251,-0.003906,-0.004611,0.000802,0.001293
2023-11-01,0.001054,0.001083,0.004891,0.004602,-0.001903,-0.001436,0.002365,0.001966,-0.000287,0.000214
2023-11-02,-0.004736,-0.005298,-0.004216,-0.004835,0.006951,0.006293,-0.005289,-0.005595,0.003855,0.004021
2023-11-03,0.006645,0.008574,0.003716,0.00448,-0.009035,-0.007688,0.006529,0.007192,-0.00245,-0.002433
2023-11-06,0.009603,0.010578,0.009184,0.0094,-0.009795,-0.009456,0.002445,0.001914,0.003019,0.002576
2023-11-07,0.000129,0.000403,0.007784,0.007607,0.000549,0.000468,-0.0006,-0.000703,0.001473,0.001784
2023-11-08,-0.001383,-0.00128,0.004078,0.00361,-0.003919,-0.004208,0.000716,0.001124,0.003196,0.003157
2023-11-09,-0.000391,-0.000777,-0.007985,-0.007267,0.00465,0.004088,0.001604,0.001693,-0.005392,-0.005486
2023-11-10,-0.004658,-0.004501,0.00475,0.004097,0.002826,0.003039,0.001373,0.000755,-0.000245,7.5e-05
2023-11-13,0.002682,0.003139,0.00859,0.008591,0.000368,-1.4e-05,-0.000954,4.6e-05,0.004911,0.0048
2023-11-14,0.002204,0.002419,0.002652,0.003114,-0.001448,-0.001011,-0.003032,-0.003312,0.003935,0.003593
2023-11-15,0.006105,0.006113,0.000153,0.000581,-0.002515,-0.001958,0.002909,0.002845,-0.004378,-0.004555
2023-11-16,-0.006569,-0.006949,0.001894,0.001491,0.003453,0.002442,-0.005922,-0.006182,0.003561,0.00374
2023-11-17,0.000784,0.001148,0.007279,0.007454,-0.002928,-0.002942,0.00132,0.002,-0.000247,-0.000353
2023-11-20,0.004438,0.00467,0.007317,0.007235,-0.003702,-0.003982,-0.00127,-0.000766,0.003002,0.002978
2023-11-21,-0.000634,-0.001115,-0.003029,-0.00409,0.00202,0.001037,-0.002703,-0.002505,0.003823,0.003905
2023-11-22,-0.008039,-0.008199,-2.6e-05,-0.000795,0.003904,0.003631,-0.006285,-0.006665,0.004801,0.004907
2023-11-23,0.006025,0.006169,0.003728,0.003681,0.002198,0.001622,0.004381,0.003978,-0.000797,-0.000944
2023-11-24,-0.006397,-0.007052,-0.003661,-0.004398,0.004077,0.00313,-0.003295,-0.003912,0.000283,0.000186
2023-11-27,-0.005026,-0.004823,0.005925,0.00622,0.000409,0.000894,-0.000128,-0.000321,0.000162,0.00032
2023-11-28,0.002514,0.00297,0.007228,0.007736,-0.000681,-0.000289,0.003062,0.00388,-0.001399,-0.001953
2023-11-29,-0.006261,-0.006362,0.001524,0.00191,-0.002651,-0.001702,0.002764,0.002724,-0.002025,-0.001401
2023-11-30,0.001977,0.001579,-0.007812,-0.007522,0.002456,0.002634,-0.003882,-0.004591,0.00072,0.000174
2023-12-01,0.001394,0.001752,0.005341,0.004508,0.002414,0.002024,-0.004239,-0.004123,0.010523,0.011014
2023-12-04,-0.002766,-0.002762,0.0063,0.005327,0.00173,0.000937,-0.003581,-0.003935,0.004906,0.005162
2023-12-05,-0.017087,-0.016973,0.000805,0.000458,0.003213,0.003015,-0.003409,-0.003899,-0.001283,-0.001263
2023-12-06,-8.3e-05,0.000293,0.005019,0.00429,-0.004661,-0.005044,0.002377,0.002625,0.001644,0.001918
2023-12-07,-0.001169,-0.001364,-0.004088,-0.003896,0.003218,0.003089,-0.003859,-0.004104,0.003653,0.003896
2023-12-08,-7.1e-05,7e-06,-0.017168,-0.015306,-0.000989,0.001122,0.007759,0.009429,-0.004341,-0.005212
2023-12-11,0.007063,0.007422,0.003492,0.003769,-0.001026,-0.000423,-0.0002,-0.000743,0.000766,0.000723
2023-12-12,0.004296,0.004053,0.004071,0.002957,0.004789,0.003839,-0.005119,-0.005114,0.005824,0.0065
2023-12-13,-0.011766,-0.011612,0.009929,0.008986,0.005572,0.004568,-0.003977,-0.00416,0.000366,0.000286
2023-12-14,-0.003624,-0.003745,0.002948,0.002484,0.00292,0.002453,-0.000485,-0.000387,0.000745,0.000771
2023-12-15,-0.004644,-0.00452,0.001977,0.001589,-0.001763,-0.002109,0.000247,2.1e-05,-0.000504,-0.000325
2023-12-18,-0.005099,-0.005645,-0.007176,-0.006814,0.006297,0.006194,-0.002757,-0.003446,-0.00387,-0.003494
2023-12-19,0.000787,0.000777,0.000516,0.00117,-0.004617,-0.003992,0.002203,0.003198,-0.002757,-0.002784
2023-12-20,-0.010013,-0.009944,0.001954,0.002433,0.00563,0.006404,0.00232,0.002953,-0.006284,-0.006208
2023-12-21,0.005702,0.005823,0.001406,0.000996,-0.006345,-0.006624,0.005293,0.005844,-0.002559,-0.002437
2023-12-22,-0.001898,-0.001868,-0.015108,-0.014446,0.00231,0.002094,0.005752,0.005893,-0.01275,-0.012801
2023-12-25,0.002289,0.001852,-0.007938,-0.00708,-0.001602,-0.001247,0.00491,0.005708,-0.004209,-0.004556
2023-12-26,-0.006572,-0.006555,-0.00637,-0.006847,0.005004,0.004588,-0.001511,-0.001736,-0.002504,-0.002394
2023-12-27,0.006099,0.0062,0.003077,0.003199,0.002297,0.002642,0.000812,0.000381,0.001577,0.002124
2023-12-28,0.014367,0.014917,0.000416,0.000783,-0.015997,-0.015826,0.009523,0.010329,-0.006862,-0.007173
2023-12-29,0.007738,0.008344,0.009742,0.009996,-0.003757,-0.002936,0.002227,0.001863,0.001226,0.001574
2024-01-02,-0.004371,-0.004465,0.012298,0.010495,0.010875,0.009592,-0.004979,-0.005929,0.003392,0.003982
2024-01-03,0.000356,-0.000121,-0.003536,-0.003921,0.008263,0.007394,-0.005528,-0.00541,0.002732,0.002568
2024-01-04,-0.004387,-0.004488,0.005328,0.004983,0.008524,0.007928,-0.003544,-0.00362,0.000275,0.000817
2024-01-05,-0.008537,-0.008908,-0.009511,-0.009188,0.007768,0.007799,-0.001793,-0.001622,-0.001888,-0.001959
2024-01-08,-0.013755,-0.014062,-0.002694,-0.002871,0.004996,0.004577,-0.003754,-0.003404,-8.3e-05,-5.4e-05
2024-01-09,0.002378,0.002247,0.005181,0.004674,-0.000129,-0.000523,-5.8e-05,0.000347,0.002048,0.001617
2024-01-10,-0.006585,-0.006742,-0.003894,-0.003965,-0.002771,-0.00321,0.002197,0.002304,-0.001522,-0.001956
2024-01-11,0.005003,0.006065,0.011144,0.011414,-0.010907,-0.010582,0.002941,0.003903,0.004243,0.004186
2024-01-12,-0.002034,-0.002311,-0.005548,-0.005312,0.007628,0.007058,-0.000276,-0.000392,-0.005959,-0.006251
2024-01-15,0.001113,0.000744,-0.0014,-0.001775,0.005282,0.004903,-0.003871,-0.004078,0.004663,0.005135
2024-01-16,0.00224,0.001951,-0.008131,-0.00787,0.001251,0.001314,-0.002361,-0.002832,-0.003398,-0.003185
2024-01-17,-0.020604,-0.021053,-0.002934,-0.003406,0.009395,0.00878,-0.004771,-0.004502,0.001263,0.001154
2024-01-18,0.003919,0.003597,-0.016669,-0.015853,-0.01066,-0.009881,0.007075,0.006868,-0.007595,-0.00749
2024-01-19,-0.005517,-0.006033,-0.008842,-0.00868,0.000411,0.001291,-0.000495,0.000107,0.00079,0.000263
2024-01-22,-0.028646,-0.030147,-0.033435,-0.032776,0.006917,0.007063,-0.006465,-0.006731,-0.007278,-0.007234
2024-01-23,0.005443,0.005721,-0.011436,-0.010267,-0.000466,8.3e-05,0.003146,0.003486,0.001455,0.000859
2024-01-24,0.017976,0.017798,0.000263,-0.000664,0.012386,0.011017,-0.01098,-0.012001,0.011096,0.011546
2024-01-25,0.028657,0.028724,0.008217,0.007773,0.009905,0.00983,-0.000702,-0.001332,0.007518,0.007753
2024-01-26,0.002038,0.001155,0.0007,-0.001218,0.013689,0.011382,-0.011456,-0.011862,0.009983,0.010559
2024-01-29,-0.010767,-0.011705,-0.024522,-0.023886,0.01507,0.015369,-0.005937,-0.005141,-0.002403,-0.002708
2024-01-30,-0.019261,-0.019897,-0.013458,-0.013245,0.008188,0.008395,-0.002203,-0.002422,-0.003113,-0.003359
2024-01-31,-0.015686,-0.017077,-0.038005,-0.036648,0.012834,0.012468,-0.003339,-0.002748,-0.013139,-0.013769
2024-02-01,-0.007198,-0.007069,-0.015441,-0.013265,-0.006807,-0.004255,0.009411,0.009396,-0.008319,-0.008743
2024-02-02,-0.015471,-0.016566,-0.030154,-0.029374,0.012442,0.012764,-0.005107,-0.003882,-0.002194,-0.002934
2024-02-05,-0.012908,-0.015867,-0.083918,-0.082141,0.008934,0.009454,0.006325,0.008433,-0.022854,-0.024796
2024-02-06,0.032078,0.032961,-0.038902,-0.033749,-0.008701,-0.005809,0.027171,0.029701,-0.016756,-0.019553
2024-02-07,0.01195,0.011315,-0.060047,-0.056467,-0.003115,-0.001109,0.025008,0.028135,-0.007753,-0.009558
2024-02-08,0.014162,0.016366,0.068282,0.067447,-0.00577,-0.007293,0.007292,0.004709,0.003793,0.004914
2024-02-19,0.018018,0.018218,0.031888,0.030254,0.000786,0.000654,-0.008694,-0.009566,0.011517,0.013002
2024-02-20,0.005264,0.005456,0.013383,0.012941,-0.001449,-0.001082,-0.007509,-0.009094,0.006679,0.007062
2024-02-21,0.009713,0.00969,0.012566,0.011598,-0.00788,-0.008235,-0.008025,-0.008361,0.001985,0.002317
2024-02-22,0.012361,0.012607,0.016801,0.016827,-0.00547,-0.00477,-0.000213,-0.00041,0.004793,0.005091
2024-02-23,0.005478,0.0061,0.029792,0.02874,-0.006742,-0.006738,-0.006444,-0.007108,0.005796,0.006733
2024-02-26,-0.007946,-0.006907,0.027067,0.026504,-0.010625,-0.009648,0.005682,0.004884,0.005201,0.005548
2024-02-27,0.014175,0.014861,0.013625,0.013622,-0.006162,-0.006071,0.003292,0.003421,0.005191,0.005122
2024-02-28,-0.021526,-0.023121,-0.05037,-0.049996,0.008782,0.00857,-0.000374,7.5e-05,-0.007931,-0.009022
2024-02-29,0.020496,0.021389,0.017061,0.017121,-0.011761,-0.011272,0.005086,0.00466,0.000754,0.001125
2024-03-01,0.005264,0.005725,0.006284,0.006985,-0.004744,-0.004291,0.005154,0.005708,-0.001631,-0.001039
2024-03-04,0.00423,0.004128,0.000529,0.001321,-0.00218,-0.001621,0.008657,0.008931,-0.000674,-0.001347
2024-03-05,0.002312,0.001481,-0.019518,-0.019046,0.005124,0.005202,-0.004694,-0.00474,-0.00373,-0.003553
2024-03-06,-0.001639,-0.000958,0.016033,0.015098,-0.002067,-0.002153,0.001698,0.00084,-0.000289,-9e-05
2024-03-07,-0.004004,-0.004616,0.001443,0.000794,0.010383,0.009535,-0.003905,-0.00336,0.001132,0.001676
2024-03-08,0.008617,0.008667,0.002831,0.002634,-0.001591,-0.001735,0.006719,0.006463,-0.000856,-0.000538
2024-03-11,0.008376,0.009163,0.009413,0.008425,-0.016147,-0.016778,0.005582,0.00587,-0.004935,-0.005037
2024-03-12,-0.003563,-0.002765,0.016556,0.0155,-0.01781,-0.018483,0.001154,0.0,0.005326,0.005584
2024-03-13,-0.003522,-0.00334,0.005729,0.005614,-0.002662,-0.002449,0.004286,0.004352,0.00111,0.001394
2024-03-14,-0.001579,-0.002039,-0.001818,-0.002127,0.005439,0.004522,-0.000166,-0.000201,-0.000667,-0.000368
2024-03-15,0.005163,0.005537,0.011124,0.011311,0.000586,0.000786,-0.00104,-0.000556,0.002539,0.002581
2024-03-18,0.010203,0.010854,0.00996,0.009852,-0.005303,-0.004598,0.000623,-0.000131,0.001256,0.001657
2024-03-19,-0.005685,-0.00559,0.006081,0.006246,-0.00309,-0.002018,0.002581,0.002918,-0.000123,-2.6e-05
2024-03-20,0.005599,0.005889,0.008831,0.008989,0.000498,0.000844,-0.004504,-0.003741,0.005315,0.004525
2024-03-21,-0.000525,-0.000653,0.005674,0.00489,0.001,0.000281,-0.006517,-0.006743,0.003461,0.003346
2024-03-22,-0.008804,-0.009124,-0.003282,-0.002067,0.004729,0.005077,-0.003143,-0.001527,0.00017,-0.001451
2024-03-25,-0.008458,-0.009397,-0.016478,-0.016559,0.011476,0.010186,0.00192,0.003428,-0.003782,-0.004232
2024-03-26,0.002841,0.002817,-0.001578,-0.001731,0.002567,0.002588,-0.000366,-0.000269,-0.0077,-0.007741
2024-03-27,-0.014698,-0.01572,-0.016917,-0.017336,0.013512,0.012936,-0.00521,-0.005863,-0.005564,-0.00498
2024-03-28,0.007629,0.00889,0.016842,0.017164,-0.008178,-0.00745,0.006733,0.006229,0.007837,0.008397
2024-03-29,0.009822,0.009846,0.005764,0.005614,0.006663,0.005989,0.002585,0.002219,-0.003579,-0.003219
2024-04-01,0.014054,0.014662,0.006803,0.007048,-0.0065,-0.005733,0.002804,0.003529,-0.001412,-0.001044
2024-04-02,-0.000839,-0.000647,0.00305,0.001718,0.008467,0.007324,8.8e-05,-0.000214,-0.003628,-0.002975
2024-04-03,-0.002092,-0.002526,-0.005355,-0.005447,0.006818,0.007131,0.003141,0.002761,-0.003856,-0.003149
2024-04-08,-0.008106,-0.008644,-0.015934,-0.015237,0.012045,0.012089,-0.00684,-0.004926,-0.000865,-0.001865
2024-04-09,0.000532,0.001145,0.012907,0.01252,-0.010535,-0.010565,0.004947,0.004761,-0.00221,-0.001943
2024-04-10,-0.008411,-0.009012,-0.01345,-0.012979,0.0076,0.00741,-0.000289,0.000625,-0.004052,-0.004378
2024-04-11,0.001134,0.001129,0.00112,0.001378,0.003935,0.003815,0.000344,0.001064,0.002954,0.002017
2024-04-12,-0.006169,-0.006301,-3e-05,0.000943,0.003634,0.003714,0.003607,0.004709,-0.001921,-0.002016
2024-04-15,0.010966,0.009677,-0.06325,-0.060457,0.01348,0.014096,0.013186,0.012261,-0.017382,-0.018485
2024-04-16,-0.019216,-0.020917,-0.058384,-0.055972,0.018117,0.01839,0.007146,0.008245,-0.015019,-0.016591
2024-04-17,0.023438,0.025022,0.045615,0.045663,-0.000416,0.00057,-0.001424,-0.002225,0.005235,0.006205
2024-04-18,0.000252,1.3e-05,-0.003305,-0.003158,0.00183,0.001902,-0.000236,-0.001305,-0.004415,-0.002958
2024-04-19,-0.00176,-0.002148,-0.000511,-0.000513,0.010382,0.009411,0.000967,0.000226,-0.003446,-0.002134
2024-04-22,-0.008117,-0.007774,-0.005293,-0.004253,-0.009478,-0.008344,0.003154,0.002354,-0.002792,-0.003259
2024-04-23,-0.006564,-0.006297,0.017884,0.017896,-0.006742,-0.005741,-0.004886,-0.006199,0.001395,0.002289
2024-04-24,0.007533,0.007844,0.014073,0.013933,-0.003035,-0.002692,0.000911,0.00176,0.004342,0.004213
2024-04-25,0.002632,0.002569,0.004073,0.004269,0.00224,0.002302,-0.001148,-0.00116,-0.001599,-0.001713
2024-04-26,0.011805,0.011967,-0.00184,-0.002314,-0.010765,-0.011626,0.004578,0.002929,0.004849,0.004891
2024-04-29,0.009425,0.010277,0.017183,0.01615,-0.010776,-0.010561,-0.002277,-0.002162,0.006853,0.006112
2024-04-30,-0.002921,-0.003174,-3.3e-05,0.00047,0.005189,0.005737,0.000858,0.000866,-0.002226,-0.002478
2024-05-06,0.01172,0.012365,0.008559,0.009144,-0.004568,-0.003907,0.010247,0.010433,-0.007263,-0.007052
2024-05-07,0.002394,0.002618,0.005765,0.006214,-0.001784,-0.001884,0.003376,0.001903,-0.005284,-0.004551
2024-05-08,-0.007663,-0.00786,-0.002047,-0.001944,0.006856,0.006754,-0.003075,-0.002702,-0.004522,-0.004606
2024-05-09,0.007976,0.008375,0.002841,0.00273,-0.003967,-0.00409,0.007648,0.007581,-0.003923,-0.003611
2024-05-10,-0.000331,-0.000863,-0.01034,-0.010714,0.013174,0.011705,-0.003326,-0.003225,0.001071,0.001504
2024-05-13,-0.003284,-0.003788,-0.017377,-0.016682,0.011161,0.011083,0.000636,0.001434,-0.004659,-0.00514
2024-05-14,-0.000238,0.000235,0.011393,0.011604,-0.004269,-0.003781,-0.002472,-0.001905,0.006601,0.006353
2024-05-15,-0.007244,-0.007519,0.002388,0.001418,0.000631,-0.00039,0.000537,0.000408,0.003661,0.003891
2024-05-16,0.002183,0.002039,0.005554,0.004295,0.001412,0.000351,-0.006051,-0.007351,0.005125,0.006152
2024-05-17,0.009532,0.009781,0.001532,0.001373,0.003431,0.002442,-0.000285,-0.000833,0.003445,0.003519
2024-05-20,0.005417,0.00551,-0.002512,-0.001437,-0.001428,-0.000369,0.005506,0.005183,-0.004795,-0.005172
2024-05-21,-0.004442,-0.004616,-0.006191,-0.005916,0.005602,0.005626,-0.002539,-0.002044,0.000939,0.000907
2024-05-22,5.9e-05,0.000397,0.003282,0.003388,-0.00197,-0.002844,-0.000394,-0.000672,-0.000803,-0.00111
2024-05-23,-0.013478,-0.01378,-0.008808,-0.008249,0.002505,0.003069,0.002018,0.001734,-0.005038,-0.005136
2024-05-24,-0.008234,-0.008399,0.001736,0.001417,0.007268,0.007028,-0.001962,-0.00098,0.000508,7.7e-05
2024-05-27,0.010766,0.010509,-0.00589,-0.00572,0.00553,0.005338,0.000526,-0.000203,-0.002593,-0.002007
2024-05-28,-0.006119,-0.006352,-0.00319,-0.00309,0.000444,0.000543,8.6e-05,-0.000186,-0.006264,-0.005897
2024-05-29,0.001867,0.002077,0.001005,0.001327,-0.003574,-0.004107,0.008628,0.008875,-0.005042,-0.004795
2024-05-30,-0.006812,-0.0066,-0.004783,-0.004392,-0.001274,-0.000336,0.000615,-0.000128,-0.003193,-0.003221
2024-05-31,-0.001026,-0.000609,0.008242,0.009032,-0.001059,-4.6e-05,-0.001522,-0.001058,0.002803,0.003007
2024-06-03,-0.002532,-0.002963,-0.020561,-0.017992,0.003696,0.005608,0.007591,0.008659,-0.012502,-0.013329
2024-06-04,0.004516,0.004283,-0.019677,-0.018723,0.004642,0.004576,0.007236,0.007517,-0.004,-0.005244
2024-06-05,-0.008877,-0.008536,-0.015551,-0.014529,-0.002184,-0.001575,-0.000473,0.000228,-0.001808,-0.002473
2024-06-06,-0.005716,-0.006817,-0.037502,-0.035543,0.010739,0.011514,0.009713,0.010959,-0.011949,-0.012473
2024-06-07,0.002881,0.003299,0.024943,0.022687,0.008277,0.006625,-0.012382,-0.013975,0.009717,0.010628
2024-06-11,-0.006859,-0.00607,0.009751,0.010679,-0.011117,-0.009988,0.0045,0.005318,1.9e-05,-0.000311
2024-06-12,0.004314,0.004564,0.015557,0.015566,-0.002254,-0.001871,0.000545,1.2e-05,0.004979,0.0053
2024-06-13,-0.004461,-0.00435,-0.002718,-0.001455,0.000932,0.001776,-0.000265,0.000496,-0.003944,-0.004536
2024-06-14,0.003116,0.00288,-0.001318,-0.001578,0.002293,0.002305,-0.00389,-0.004314,0.00305,0.003306
2024-06-17,-0.00477,-0.004532,-0.002716,-0.00228,-0.006807,-0.005874,0.002676,0.002775,-0.002269,-0.00222
2024-06-18,0.005828,0.006022,0.011017,0.010148,0.001917,0.001128,-0.004287,-0.005016,0.003519,0.004472
2024-06-19,-0.002317,-0.002723,0.002233,0.001899,0.004145,0.003772,-0.00601,-0.006461,0.00027,0.0017
2024-06-20,-0.008053,-0.008471,-0.01453,-0.013666,0.008766,0.008693,-0.001939,-0.001811,-0.004055,-0.004236
2024-06-21,-0.001498,-0.001457,0.000397,0.000208,0.004931,0.004627,0.000281,-0.000269,-0.00047,-2.7e-05
2024-06-24,-0.011241,-0.012419,-0.025945,-0.02588,0.004568,0.004465,-0.002549,-0.003416,-0.007178,-0.006619
2024-06-25,-0.002677,-0.002704,0.008688,0.00789,0.006617,0.005725,-0.001513,-0.001806,0.000475,0.000723
2024-06-26,0.010056,0.01093,0.017175,0.018168,-0.005533,-0.004127,0.00139,0.001623,0.00329,0.003277
2024-06-27,-0.008089,-0.008562,-0.007545,-0.007386,0.00729,0.007192,-0.008453,-0.008549,-0.000914,-0.000825
2024-06-28,0.007585,0.007389,0.000201,0.000447,0.010066,0.009922,0.00332,0.003571,-0.000815,-0.000893
2024-07-01,0.010315,0.010087,-0.000398,-0.000725,0.011372,0.010113,-0.002397,-0.003244,0.004908,0.005477
2024-07-02,0.001466,0.000931,0.005874,0.004254,0.003256,0.001105,-0.012905,-0.014394,0.00533,0.00558
2024-07-03,-0.005547,-0.005696,-0.003828,-0.004888,0.000376,-0.000877,-0.003721,-0.002522,0.005151,0.004499
2024-07-04,-0.008053,-0.008763,-0.022461,-0.02166,0.005007,0.005453,0.002068,0.002672,-0.008642,-0.008512
2024-07-05,-0.002817,-0.002179,0.014917,0.014103,-0.008897,-0.008506,0.003829,0.003468,0.007799,0.007425
2024-07-08,-0.008409,-0.009147,-0.020454,-0.01957,0.007946,0.00829,-0.002001,-0.001331,-0.008353,-0.007969
2024-07-09,0.012426,0.012769,0.00388,0.005365,-0.002825,-0.001621,0.004688,0.005027,-0.006283,-0.006359
2024-07-10,-0.005318,-0.005277,-0.004016,-0.002972,-0.001898,-0.00087,-0.003252,-0.003105,-0.006961,-0.006174
2024-07-11,0.013359,0.013986,0.021048,0.020309,-0.008619,-0.008537,0.00504,0.004808,0.007405,0.007214
2024-07-12,0.001294,0.001045,-0.003957,-0.004856,0.004012,0.002388,-0.007308,-0.007331,-0.001749,-0.001766
2024-07-15,0.000989,0.000271,-0.018648,-0.018051,0.007626,0.007654,-0.003844,-0.004085,-0.002708,-0.002579
2024-07-16,0.003017,0.003045,-0.004239,-0.003924,-0.002781,-0.002693,0.000773,0.001141,0.002359,0.002139
2024-07-17,-0.005406,-0.005774,-0.00834,-0.00935,-0.001699,-0.003034,-0.008873,-0.008984,-0.000195,6.4e-05
2024-07-18,0.005655,0.005476,-0.008062,-0.007934,-0.001152,-0.001415,0.004654,0.004873,-0.001637,-0.001592
2024-07-19,0.000516,0.000934,0.005509,0.006321,-0.007686,-0.006233,-0.002117,-0.001994,0.000142,-5e-06
2024-07-22,-0.006654,-0.006214,0.013971,0.013524,-0.007758,-0.007939,-0.003204,-0.003916,0.004598,0.005084
2024-07-23,-0.0155,-0.016084,0.000948,-4.6e-05,0.015888,0.014157,-0.017314,-0.017228,7.3e-05,0.000507
2024-07-24,-0.005278,-0.005666,-0.010859,-0.010254,0.008868,0.009598,-0.00154,-0.001724,-0.003038,-0.003153
2024-07-25,-0.004969,-0.004519,0.011781,0.011316,0.000935,0.000548,-0.00469,-0.004587,0.000949,0.00068
2024-07-26,0.003152,0.003737,0.01446,0.01341,-0.008515,-0.009232,0.007382,0.006891,0.005973,0.005935
2024-07-29,0.000935,0.00062,0.005944,0.005448,0.006689,0.005499,-0.014129,-0.014467,0.003335,0.003533
2024-07-30,-0.004632,-0.004184,0.012333,0.01089,-0.000872,-0.002259,-0.011255,-0.011135,0.00652,0.006934
2024-07-31,0.019691,0.020381,0.009489,0.009702,-0.014138,-0.013512,0.013715,0.013404,0.006389,0.006058
2024-08-01,-0.002302,-0.002343,0.005874,0.005612,0.005229,0.004621,-0.006278,-0.006446,0.001406,0.001724
2024-08-02,-0.009253,-0.009396,-0.002744,-0.003438,0.002816,0.002735,-0.004482,-0.004951,0.002934,0.003022
2024-08-05,-0.015755,-0.016168,-0.010553,-0.011585,0.002953,0.001631,-0.007594,-0.00731,-0.000733,-0.000553
2024-08-06,0.002346,0.003084,0.019278,0.019061,-0.009726,-0.008527,0.00746,0.006789,0.005768,0.006134
2024-08-07,0.001044,0.000814,0.000617,0.000642,-0.001197,-0.001236,0.00426,0.003942,-0.00247,-0.001918
2024-08-08,-9e-06,-0.00031,-0.00226,-0.003517,0.00279,0.001656,-0.000715,-0.001198,0.001768,0.001821
2024-08-09,-0.002535,-0.002959,-0.004474,-0.004558,0.005103,0.003903,0.001456,0.002147,-0.002098,-0.002057
2024-08-12,-0.002359,-0.002602,-0.005939,-0.005701,0.004605,0.004728,0.002066,0.002373,-0.005666,-0.005408
2024-08-13,0.004073,0.004263,0.003808,0.004257,0.002606,0.002846,-0.002807,-0.002566,-0.000747,-0.000719
2024-08-14,-0.005137,-0.005202,0.004006,0.004387,0.0013,0.001393,-0.004261,-0.004032,0.001324,0.001167
2024-08-15,0.009656,0.009526,0.000439,-0.000253,-0.003165,-0.003693,-0.004733,-0.005575,0.004534,0.004339
2024-08-16,0.001375,0.001789,-0.004771,-0.003729,0.000593,0.000968,-0.000722,-0.00039,-0.00664,-0.006381
2024-08-19,0.004753,0.004187,-0.01011,-0.011011,0.007501,0.006227,-0.007108,-0.006685,-0.001959,-0.001634
2024-08-20,-0.009056,-0.00936,-0.007016,-0.006602,0.00174,0.002149,-0.008474,-0.007434,-0.005507,-0.005119
2024-08-21,-0.003676,-0.003365,0.003236,0.003747,-0.001817,-0.000751,0.003023,0.002865,-0.002228,-0.002354
2024-08-22,-0.003301,-0.003958,-0.013495,-0.013397,0.008038,0.007054,-0.002449,-0.002293,-0.00557,-0.005764
2024-08-23,0.002472,0.002136,-0.009611,-0.009706,-0.000667,-0.000834,0.000277,0.000563,-0.00074,-0.000459
2024-08-26,0.002076,0.0025,0.012589,0.012118,0.004596,0.004075,-0.00115,-0.001594,0.00116,0.001171
2024-08-27,-0.002686,-0.003269,-0.011111,-0.011288,0.007958,0.007224,0.000695,0.001428,-0.005512,-0.005223
2024-08-28,-0.003216,-0.002752,0.008903,0.009019,-0.002586,-0.002314,-0.001138,-0.000288,0.003386,0.00305
2024-08-29,-0.004255,-0.003417,0.017348,0.017557,-0.0204,-0.018743,0.013979,0.013423,0.004782,0.004306
2024-08-30,0.00833,0.00891,0.010955,0.010472,-0.020018,-0.019947,0.009978,0.009434,0.012427,0.01178
2024-09-02,-0.011283,-0.011695,8.6e-05,-0.000647,0.012013,0.01097,-0.00881,-0.009107,-0.000737,-0.000351
2024-09-03,-0.000813,-9.3e-05,0.010772,0.010556,-0.016511,-0.015146,0.00727,0.007328,0.003552,0.003069
2024-09-04,-0.007773,-0.007391,0.000605,0.000808,-0.001919,-0.001255,-0.001776,-0.001346,-0.003935,-0.004061
2024-09-05,0.001517,0.00175,0.009081,0.008462,-0.004746,-0.005417,-0.002483,-0.002574,0.004956,0.004896
2024-09-06,-0.008674,-0.009183,-0.009047,-0.009902,0.007365,0.005563,-0.008913,-0.008969,-5.4e-05,0.000145
2024-09-09,-0.01038,-0.009892,0.011813,0.01119,-0.005974,-0.005725,-0.005966,-0.00594,0.001062,0.001407
2024-09-10,0.003513,0.003529,0.003448,0.00402,-0.001645,-0.000847,-0.001023,-0.00055,-0.003362,-0.003204
2024-09-11,-0.008127,-0.007553,0.000124,0.000445,-0.009436,-0.008013,0.008806,0.008933,-0.002113,-0.002664
2024-09-12,-0.002058,-0.002382,0.001315,0.000338,0.005263,0.004095,-0.005468,-0.005444,0.0024,0.002278
2024-09-13,-0.004171,-0.004682,-0.009078,-0.010089,0.006112,0.004822,-0.005518,-0.004959,0.003711,0.003764
2024-09-18,0.004962,0.004382,-0.014221,-0.013908,0.007915,0.007509,0.000357,0.000723,-0.003701,-0.003614
2024-09-19,0.008922,0.009351,0.017203,0.016041,-0.003645,-0.004039,0.000859,0.000222,0.007972,0.008143
2024-09-20,0.001256,0.001081,-0.003536,-0.004037,0.00047,-0.000362,-0.003249,-0.003687,0.004141,0.003893
2024-09-23,0.004827,0.00441,-0.0014,-0.00175,0.004099,0.003532,-0.003709,-0.003395,0.000266,0.000306
2024-09-24,0.040975,0.040748,-0.01054,-0.010106,0.001129,0.001194,-0.000239,-0.000572,-0.001393,-0.001603
2024-09-25,0.012272,0.012137,0.001692,0.00092,0.000425,-0.001684,-0.006906,-0.007052,0.00365,0.003728
2024-09-26,0.035364,0.03594,-0.00649,-0.007089,-0.00604,-0.006952,0.002347,0.002002,0.005948,0.005535
2024-09-27,0.031965,0.033512,0.012737,0.013435,-0.03151,-0.03013,0.0182,0.01782,0.00726,0.006461
2024-09-30,0.082387,0.088772,0.02677,0.029152,-0.02107,-0.018506,0.010365,0.010197,0.004044,0.003283
2024-10-08,0.048892,0.051897,0.033481,0.036028,-0.028282,-0.026708,0.002111,0.001925,-0.001924,-0.002273
2024-10-09,-0.071044,-0.073098,-0.026,-0.028352,0.001921,1e-05,-0.011282,-0.010772,-0.003829,-0.00314
2024-10-10,0.013228,0.012111,-0.010805,-0.009547,0.019335,0.020467,-0.000129,-0.00087,-0.008129,-0.007841
2024-10-11,-0.023186,-0.020255,-0.012697,-0.014101,0.012846,0.010795,-0.010258,-0.010197,0.000813,0.001208
2024-10-14,0.023265,0.023619,0.010784,0.011083,-0.001323,-0.001475,-0.007164,-0.00711,0.000533,0.00094
2024-10-15,-0.02477,-0.024442,0.014247,0.013507,-0.004331,-0.004564,-0.003899,-0.004545,0.005151,0.00566
2024-10-16,0.001538,0.004142,0.00637,0.005104,0.014182,0.01235,-0.012419,-0.012612,0.004533,0.004516
2024-10-17,-0.009766,-0.008778,0.006632,0.006998,-0.008352,-0.007571,-0.001691,-0.001811,-0.003986,-0.003442
2024-10-18,0.026879,0.027756,0.000734,0.001982,-0.015878,-0.01437,0.008247,0.008719,-0.00354,-0.003822
2024-10-21,0.003631,0.004391,0.015924,0.016094,-0.016457,-0.014974,0.003459,0.003471,0.007133,0.007516
2024-10-22,0.006742,0.006692,0.007222,0.006435,-0.000277,-0.000595,0.001239,0.001265,0.002697,0.002794
2024-10-23,0.004131,0.003885,-0.00034,-0.000956,4.9e-05,-0.000734,-0.003742,-0.003854,3.4e-05,0.000126
2024-10-24,-0.007271,-0.006357,0.008851,0.007624,0.002178,0.000666,-0.006136,-0.00557,0.004588,0.004675
2024-10-25,0.007784,0.008751,0.018055,0.016715,-0.009142,-0.009756,4.1e-05,-0.000687,0.004762,0.004425
2024-10-28,0.008288,0.008482,0.024429,0.021315,-0.006366,-0.008691,-0.005219,-0.006379,0.01825,0.01838
2024-10-29,-0.01046,-0.010964,-0.008837,-0.008725,-0.0009,-0.001067,-0.007604,-0.006615,-0.001832,-0.001864
2024-10-30,-0.003837,-0.003875,0.01009,0.008162,-0.003966,-0.005888,-0.004806,-0.006296,0.011384,0.011313
2024-10-31,0.004519,0.005018,0.014298,0.012906,-0.000542,-0.002547,-0.006991,-0.006801,0.00799,0.007904
2024-11-01,-0.005106,-0.006411,-0.036606,-0.036165,0.018375,0.017597,0.006036,0.006943,-0.006621,-0.007494
2024-11-04,0.012254,0.01299,0.009127,0.010079,-0.009775,-0.008335,0.005693,0.005339,-0.003472,-0.003554
2024-11-05,0.023234,0.023802,0.00727,0.007204,-0.010517,-0.011215,-0.002721,-0.003117,0.008578,0.008189
2024-11-06,-0.001893,-0.001537,0.011377,0.010016,-0.003405,-0.004014,-0.000881,-0.001554,0.010615,0.010486
2024-11-07,0.024853,0.02535,0.003275,0.001327,-0.001509,-0.002853,-0.007008,-0.008117,0.006867,0.006928
2024-11-08,-0.006199,-0.005967,0.008638,0.009113,-0.009162,-0.008691,0.001497,0.001312,0.000677,0.000698
2024-11-11,0.004173,0.005266,0.017449,0.017949,-0.01647,-0.015524,0.006931,0.007054,-0.002268,-0.00251
2024-11-12,-0.010871,-0.010788,0.002507,0.002335,0.000244,-2.9e-05,0.003976,0.004527,-7.3e-05,-0.000409
2024-11-13,0.004354,0.004508,-0.00483,-0.00434,0.001398,0.002607,0.003352,0.002576,-0.006171,-0.006224
2024-11-14,-0.017986,-0.018709,-0.011994,-0.012055,0.009086,0.008105,-0.006082,-0.005929,-0.007036,-0.006525
2024-11-15,-0.014797,-0.015177,-0.00526,-0.00456,0.010143,0.010435,-0.001042,-0.000739,-0.000692,-0.000685
2024-11-18,-0.005744,-0.006834,-0.022358,-0.023281,0.03382,0.030462,-0.004715,-0.00374,-0.004473,-0.004818
2024-11-19,0.008389,0.009335,0.02053,0.021451,-0.011044,-0.009562,0.006762,0.006695,-0.001764,-0.001361
2024-11-20,0.007577,0.007985,0.020777,0.019369,-0.007963,-0.008971,-0.003343,-0.004452,0.007376,0.007755
2024-11-21,0.000318,0.000268,0.005524,0.004798,-0.000341,-0.000902,-0.003856,-0.004295,0.001195,0.001484
2024-11-22,-0.029617,-0.02978,-0.00469,-0.005578,0.003788,0.002663,-0.003682,-0.003424,0.001136,0.001346
2024-11-25,0.000559,0.001075,0.02126,0.020942,0.000153,0.0005,-0.00045,-0.000998,-0.000618,-0.000494
2024-11-26,-0.000792,0.004134,-0.007357,-0.008346,0.001573,0.000867,-0.006556,-0.007139,-0.00189,-0.001639
2024-11-27,0.015116,0.015336,-0.000706,0.00029,-0.007361,-0.006588,0.002775,0.003237,-0.000833,-0.001065
2024-11-28,-0.005254,-0.005332,0.01318,0.011469,0.003611,0.00194,-0.007004,-0.00701,0.005771,0.005527
2024-11-29,0.00979,0.01025,0.006092,0.006421,-0.007796,-0.007075,0.007227,0.006853,-0.000759,-0.000497
2024-12-02,0.011736,0.01217,0.014518,0.013264,-0.002976,-0.004432,-0.002795,-0.00252,0.009638,0.009194
2024-12-03,0.004505,0.004114,0.000491,-0.000109,0.006366,0.004716,-0.007601,-0.008031,0.000354,0.000441
2024-12-04,-0.004792,-0.004934,-0.011567,-0.011131,0.004911,0.005822,0.00256,0.002457,-0.004587,-0.004067
2024-12-05,0.001753,0.002168,0.015763,0.0151,-0.003557,-0.003993,-0.00456,-0.005247,0.006348,0.006147
2024-12-06,0.01102,0.010909,-0.000996,-0.001862,0.000299,-0.001005,-0.004723,-0.003963,0.005313,0.005437
2024-12-09,-0.000832,-0.00075,0.001478,0.002104,0.000861,0.001881,0.001271,0.001666,-0.00757,-0.00752
2024-12-10,0.006288,0.006349,0.002041,0.002384,-0.006791,-0.006558,-0.001258,-0.001842,-0.00237,-0.001687
2024-12-11,0.003137,0.003592,0.014529,0.013207,-0.002343,-0.003597,0.004256,0.004888,0.014782,0.013798
2024-12-12,0.01004,0.009929,0.004177,0.002778,-0.000942,-0.002149,-0.003339,-0.003756,0.001239,0.001361
2024-12-13,-0.019079,-0.018931,0.003693,0.003823,-0.000534,-7.7e-05,-0.003548,-0.002348,-0.000331,-0.000354
2024-12-16,-0.00182,-0.002156,-0.001846,-0.002074,0.012108,0.011248,-0.003671,-0.004123,-0.000836,-0.0005
2024-12-17,-0.008641,-0.0095,-0.040924,-0.038793,0.000916,0.0032,0.008517,0.009924,-0.011173,-0.011358
2024-12-18,0.005881,0.005932,-0.000144,0.000365,-0.001384,-0.000656,-0.001271,0.000383,0.000894,0.000794
2024-12-19,-0.00239,-0.001881,0.002278,0.00343,-0.00583,-0.004297,0.005981,0.00772,-0.004415,-0.004496
2024-12-20,-0.001291,-0.000467,0.015085,0.016427,-0.004074,-0.002491,-0.001973,-0.001335,-0.002462,-0.002656
2024-12-23,-0.006367,-0.007654,-0.049195,-0.047033,0.019016,0.019847,0.005697,0.007367,-0.018219,-0.01858
2024-12-24,0.012281,0.012656,-0.004802,-0.003655,0.006252,0.0066,0.007906,0.008513,-0.006745,-0.007265
2024-12-25,-0.002773,-0.003301,-0.023247,-0.021907,0.011367,0.012238,0.004487,0.005194,-0.01013,-0.01025
2024-12-26,0.001676,0.002264,0.014863,0.015489,-0.006927,-0.005792,0.002945,0.003685,-0.001277,-0.001339
2024-12-27,0.001707,0.001562,0.009693,0.007887,0.001586,-3.6e-05,-0.004884,-0.006844,0.003948,0.004454
2024-12-30,0.002201,0.005246,-0.01579,-0.014547,0.00621,0.006505,0.002193,0.002982,-0.004847,-0.00514
2024-12-31,-0.016358,-0.017054,-0.009573,-0.010119,0.005391,0.004837,0.000346,0.000895,-0.002662,-0.00263
2025-01-02,-0.026147,-0.026094,0.014567,0.013606,0.000843,-0.000311,-0.000692,-0.000731,0.00459,0.004554
2025-01-03,-0.017356,-0.017829,-0.02973,-0.028197,0.006831,0.008275,0.008419,0.009311,-0.006602,-0.007238
2025-01-06,-0.002573,-0.002686,-0.004503,-0.003928,0.007657,0.008373,0.001287,0.001309,-0.006766,-0.006555
2025-01-07,0.008801,0.009298,0.020749,0.020467,-0.006361,-0.005972,-0.005725,-0.006737,-0.001485,-0.000923
2025-01-08,0.00075,0.000739,0.001924,0.001716,0.003493,0.003526,-0.004565,-0.00407,-0.00177,-0.001642
2025-01-09,-0.004141,-0.003699,0.009929,0.010175,-0.008956,-0.008014,0.000625,0.000428,-0.000688,-0.000909
2025-01-10,-0.01545,-0.015791,-0.017755,-0.017303,0.003369,0.004021,0.002355,0.002151,-0.005091,-0.004747
2025-01-13,-0.002546,-0.002396,0.002202,0.002386,-0.003848,-0.003421,0.003264,0.002692,0.003443,0.003701
2025-01-14,0.027602,0.028565,0.025114,0.024364,-0.014061,-0.014436,2.2e-05,-0.000274,0.006836,0.006658
2025-01-15,-0.004706,-0.004833,0.003355,0.002608,0.002508,0.001872,-0.005429,-0.005876,-0.000176,-1.7e-05
2025-01-16,0.00544,0.005247,0.002882,0.001905,0.002484,0.001466,-0.002502,-0.002332,0.002394,0.002257
2025-01-17,0.000707,0.000922,-0.003592,-0.00262,-0.003941,-0.002682,0.006432,0.007423,-0.004733,-0.004412
2025-01-20,0.002604,0.003161,0.01081,0.010764,-0.004939,-0.0048,0.004765,0.004805,-0.002231,-0.002535
2025-01-21,-0.001053,-0.000841,-0.000703,-0.000172,-0.003581,-0.003186,0.00477,0.00501,-0.004179,-0.004008
2025-01-22,-0.009402,-0.008749,-0.003891,-0.003425,0.00106,0.001936,0.005502,0.005616,-0.002437,-0.002243
2025-01-23,0.004906,0.004728,-0.007216,-0.007047,0.011016,0.010407,-0.009195,-0.008927,-0.004674,-0.004191
2025-01-24,0.007029,0.007287,0.004339,0.00453,-0.00629,-0.006249,0.003886,0.003552,0.000112,0.000268
2025-01-27,-0.00166,-0.002395,-0.010333,-0.010619,0.011842,0.01154,-0.002743,-0.002089,-0.00346,-0.003221
2025-02-05,-0.006393,-0.005603,0.020113,0.019543,-0.013325,-0.013198,-0.006111,-0.006859,0.008042,0.007942
2025-02-06,0.013468,0.014275,0.010314,0.010062,-0.013098,-0.013204,0.005365,0.005162,-0.000162,-0.000548
2025-02-07,0.011277,0.011446,0.002705,0.001737,-0.006498,-0.007426,0.003618,0.00311,0.005207,0.00488
2025-02-10,0.005912,0.00654,0.016397,0.015144,-0.005665,-0.00674,-0.00658,-0.006132,0.009659,0.009733
2025-02-11,-0.000569,-0.000705,-0.001218,-0.001063,0.008062,0.008623,-0.001413,-0.001016,-0.006161,-0.005664
2025-02-12,0.009334,0.009402,0.001446,0.001324,-0.004639,-0.004899,-0.001116,-0.000718,0.0014,0.000957
2025-02-13,-0.003302,-0.003795,-0.00616,-0.007168,0.00082,-0.00041,-0.005683,-0.007481,0.003992,0.004068
2025-02-14,0.005583,0.005658,-0.007331,-0.00648,-0.006324,-0.00472,0.001784,0.002887,-0.003933,-0.003687
2025-02-17,0.003711,0.006956,0.017525,0.016854,-0.002485,-0.001932,-0.001522,-0.00158,-0.000822,-0.00083
2025-02-18,-0.010647,-0.011378,-0.017711,-0.016978,0.006662,0.00725,-0.000577,-1.9e-05,-0.012173,-0.012086
2025-02-19,0.008659,0.009426,0.016701,0.016971,-0.010321,-0.008945,0.004788,0.003675,0.000632,0.001017
2025-02-20,0.000834,0.001005,0.011953,0.012068,-0.002494,-0.002603,0.001689,0.001819,-0.001054,-0.001235
2025-02-21,0.00753,0.008281,0.000301,0.000889,-0.010275,-0.007929,0.007884,0.008658,-0.000624,-0.000858
2025-02-24,-0.001978,-0.001773,0.00697,0.006193,0.003782,0.002806,-0.000938,-0.001229,0.00331,0.003603
2025-02-25,-0.00973,-0.009527,0.007479,0.007695,-0.000267,-0.000199,-0.000675,-0.000589,0.002027,0.001922
2025-02-26,0.008564,0.008776,0.006109,0.005751,0.000673,4.4e-05,-0.001151,-0.000552,0.000992,0.000825
2025-02-27,0.001187,0.000838,-0.003343,-0.003622,0.002858,0.002129,-0.002108,-0.002376,0.00026,-3.3e-05
2025-02-28,-0.020367,-0.021275,-0.015597,-0.016651,0.012171,0.01066,-0.000889,-0.001817,-0.002579,-0.002709
2025-03-03,0.00028,0.000593,0.003343,0.003531,0.00077,0.00125,0.000509,7.6e-05,-0.001073,-0.000654
2025-03-04,0.001245,0.001803,0.013,0.013145,-0.006309,-0.005495,-0.001158,-0.001412,0.00319,0.003437
2025-03-05,0.005919,0.005819,-0.001568,-0.001438,5.9e-05,0.001002,-0.00121,-0.001554,-0.004164,-0.00376
2025-03-06,0.010784,0.011264,0.007629,0.007167,-0.009743,-0.009738,0.003233,0.002912,0.002664,0.002692
2025-03-07,-0.002601,-0.002777,-0.003877,-0.00265,0.001823,0.003064,0.00625,0.007234,-0.004214,-0.004626
2025-03-10,-0.002217,-0.00207,0.008836,0.008902,-0.001285,-0.001366,0.002207,0.00205,0.002564,0.002394
2025-03-11,0.00446,0.004942,-0.000462,-0.000559,-0.001508,-0.001476,-0.002373,-0.002655,0.002072,0.002249
2025-03-12,-0.001128,-0.000883,0.010416,0.009915,-0.001474,-0.001695,-0.000749,-0.000542,0.001904,0.002031
2025-03-13,-0.003873,-0.004475,-0.010551,-0.010535,0.008923,0.008234,-0.001421,-0.001854,0.000144,0.000612
2025-03-14,0.018427,0.018552,-0.000537,-0.00045,-0.008715,-0.008592,0.002548,0.001922,-0.00172,-0.001801
2025-03-17,0.001645,0.00172,0.006749,0.006232,0.001717,0.001012,0.000139,-0.000375,-0.002085,-0.002071
2025-03-18,0.001908,0.002452,0.004887,0.004898,-0.000117,5.4e-05,0.003223,0.002841,-0.004822,-0.004518
2025-03-19,-0.00044,-0.000683,-0.003861,-0.00402,0.003601,0.003206,-0.002307,-0.002056,-0.005156,-0.005149
2025-03-20,-0.005025,-0.004451,0.006847,0.006227,0.002828,0.001887,0.001243,0.000434,0.000927,0.000798
2025-03-21,-0.0127,-0.01284,-0.005838,-0.00609,0.009428,0.008727,-0.001669,-0.002777,0.003302,0.003644
2025-03-24,3.9e-05,-0.000452,-0.023132,-0.021882,0.005326,0.006064,0.006599,0.007555,-0.009237,-0.008827
2025-03-25,-0.000517,-0.000965,-0.007824,-0.007877,0.008779,0.008773,0.000449,-0.000437,-0.00152,-0.001689
2025-03-26,0.000428,0.000804,0.014432,0.013541,-0.002886,-0.003008,0.001395,0.000176,0.00038,0.000923
2025-03-27,0.000643,0.000942,-0.00858,-0.008194,-0.002137,-0.001875,-0.000233,0.000357,-0.000998,-0.00131
2025-03-28,-0.007358,-0.007586,-0.009333,-0.008736,-0.000923,-0.000106,0.001572,0.001908,-0.001559,-0.001853
2025-03-31,-0.005023,-0.005287,-0.008729,-0.007771,0.006207,0.007156,-0.003074,-0.001954,-0.005836,-0.005782
2025-04-01,0.002072,0.002301,0.008165,0.00808,-8.6e-05,0.000283,0.003948,0.003407,0.005044,0.005364
2025-04-02,0.00086,0.00127,0.002167,0.002173,0.002908,0.003245,-0.003006,-0.002931,-0.003114,-0.002782
2025-04-03,-0.003671,-0.003989,-0.001706,-0.003059,0.006642,0.005243,-0.012291,-0.012473,0.00425,0.004906
2025-04-07,-0.076037,-0.078902,-0.049553,-0.05325,0.009769,0.007515,-0.012659,-0.011842,-0.005253,-0.004761
2025-04-08,0.013505,0.014016,-0.02001,-0.016876,0.0118,0.013423,-0.004173,-0.004962,-0.002905,-0.002549
2025-04-09,0.010338,0.011235,0.016279,0.01614,-0.009679,-0.010125,-0.00138,-0.001964,0.007726,0.007438
2025-04-10,0.01354,0.014186,0.018109,0.018267,-0.006561,-0.006377,0.005541,0.00618,0.002879,0.002646
2025-04-11,0.002862,0.003712,0.005775,0.005845,-0.00815,-0.008179,-0.001146,-0.000328,-0.002172,-0.002433
2025-04-14,0.009251,0.009512,0.015125,0.014518,-0.000175,-0.000708,-0.00384,-0.003682,0.005493,0.005736
2025-04-15,0.001707,0.001641,0.000687,0.001034,0.005725,0.006065,-0.001668,-0.001557,-0.003595,-0.003345
2025-04-16,-0.00039,-0.00103,-0.017479,-0.01733,0.009209,0.008514,-0.003452,-0.003305,-0.001429,-0.00119
2025-04-17,0.000791,0.000861,0.007771,0.007537,0.002483,0.001661,0.000314,0.000459,-4.4e-05,-0.000278
2025-04-18,0.001076,0.00078,-0.003821,-0.004205,0.003856,0.003084,-0.003312,-0.003419,0.001093,0.000934
2025-04-21,0.005195,0.005898,0.015986,0.015925,-0.008132,-0.007325,0.00442,0.004575,-0.000395,-9.5e-05
2025-04-22,0.002047,0.0019,0.001004,0.000462,0.007232,0.006,-0.003805,-0.004244,-0.000747,-0.000724
2025-04-23,0.001063,0.001613,0.00742,0.008271,-0.004208,-0.002573,0.008529,0.008941,-0.005802,-0.006108
2025-04-24,-0.000586,-0.001053,-0.006998,-0.006529,0.013253,0.013388,-0.004719,-0.003812,-0.004229,-0.004108
2025-04-25,0.000829,0.001102,0.000615,0.000193,0.000384,-0.000318,0.002194,0.002507,0.00214,0.002392
2025-04-28,-0.002998,-0.003555,-0.014638,-0.013365,0.00498,0.005962,-0.002439,-0.002267,-0.005566,-0.005414
2025-04-29,-0.000515,-0.000272,0.011514,0.011628,-0.002489,-0.001334,-5e-05,-0.000991,0.000396,0.000316
2025-04-30,-0.001972,-0.001357,0.013069,0.013076,-0.014432,-0.013875,0.00954,0.008358,0.004275,0.003809
2025-05-06,0.013213,0.013919,0.018628,0.018346,-0.00835,-0.008137,0.000353,-0.000213,0.003913,0.003979
2025-05-07,0.007838,0.007725,0.001828,0.001333,0.004287,0.003489,-0.007475,-0.007861,-0.000174,9.4e-05
2025-05-08,0.004938,0.005441,0.008678,0.008646,-0.005349,-0.005415,-0.000569,-0.000828,-0.001054,-0.000841
2025-05-09,-0.002382,-0.002901,-0.008689,-0.008145,0.006124,0.006751,-0.002548,-0.001682,-0.003683,-0.003713
2025-05-12,0.009852,0.010629,0.003245,0.00391,-0.008174,-0.007152,0.003943,0.00383,0.000452,0.00029
2025-05-13,0.001352,0.000958,-0.002478,-0.002393,0.007691,0.0073,-0.001676,-0.001367,-0.003056,-0.003049
2025-05-14,0.008645,0.008418,-0.007117,-0.007332,0.00202,0.001571,-0.007332,-0.007175,0.002625,0.002
2025-05-15,-0.008256,-0.008469,0.000634,0.000339,0.005819,0.005682,-0.004247,-0.004261,-0.000178,0.000156
2025-05-16,-0.002773,-0.002297,0.010807,0.010679,-0.003649,-0.003416,0.005419,0.004756,-0.000571,-0.001098
2025-05-19,0.000897,0.001254,0.012902,0.011449,0.001657,-4e-05,-0.006529,-0.006474,0.007332,0.007181
2025-05-20,0.005635,0.005619,0.00611,0.005966,-0.005351,-0.005391,0.000318,0.000793,-0.000361,-0.000108
2025-05-21,0.002305,0.002016,-0.008292,-0.008704,0.00228,0.001488,0.000628,-0.000196,0.000555,0.000651
2025-05-22,-0.003846,-0.004249,-0.009908,-0.009618,-0.000158,-7.4e-05,-0.001438,-0.001124,-0.00156,-0.002038
2025-05-23,-0.008848,-0.008761,-0.003338,-0.002785,-0.000488,0.000238,0.003367,0.003079,-0.003233,-0.003382
2025-05-26,-0.000515,-0.000358,0.013638,0.013794,-0.001961,-0.001542,-0.002527,-0.00229,0.004737,0.004764
2025-05-27,-0.001438,-0.00156,0.008174,0.007051,0.003693,0.002989,-0.006941,-0.008013,0.002143,0.002061
2025-05-28,-0.000921,-0.001187,-0.002452,-0.002441,0.003169,0.003307,0.003643,0.003583,-0.001162,-0.001071
2025-05-29,0.007305,0.007733,0.010005,0.009346,-0.007259,-0.007748,0.001194,0.000427,0.00556,0.005328
2025-05-30,-0.004935,-0.005451,-0.011692,-0.011788,0.007239,0.00682,-0.006987,-0.00686,0.001863,0.001731
2025-06-03,0.004331,0.00449,0.00618,0.005969,0.001031,0.001007,-0.005901,-0.006006,-0.001344,-0.000558
2025-06-04,0.005301,0.005561,0.007319,0.007242,-0.001171,-0.001379,0.001844,0.0018,0.002266,0.00207
2025-06-05,0.002591,0.002752,0.000372,0.001087,-0.006849,-0.006016,0.00289,0.003868,-0.001126,-0.001197
2025-06-06,0.000521,0.000432,0.00076,0.000662,0.00211,0.002166,-0.00104,-0.000816,-0.000452,-0.000725
2025-06-09,0.004103,0.004547,0.01061,0.010371,-0.003999,-0.003824,-0.002089,-0.003592,0.005616,0.005502
2025-06-10,-0.004443,-0.004655,-0.002649,-0.002419,0.00556,0.005273,-0.002587,-0.002138,-0.001121,-0.001218
2025-06-11,0.006448,0.006522,-0.000551,-0.000173,-0.000297,-0.000215,0.001439,0.001292,0.001645,0.001307
2025-06-12,0.000128,0.000632,0.002535,0.003177,0.001337,0.002014,-0.001335,-0.001131,-0.000865,-0.000526
2025-06-13,-0.007933,-0.008254,-0.013879,-0.013392,0.006167,0.00628,0.001095,0.001639,-0.002518,-0.002691
2025-06-16,0.004551,0.004512,0.007622,0.007429,0.000147,-0.000613,-0.008364,-0.00908,0.000933,0.000894
2025-06-17,0.000313,0.00012,-0.002034,-0.002363,0.001834,0.001369,-0.001851,-0.002034,0.002925,0.002577
2025-06-18,0.000662,0.000733,-0.00527,-0.003905,-0.002646,-0.001382,-0.001268,-0.001172,-0.007255,-0.007057
2025-06-19,-0.009237,-0.009702,-0.011023,-0.010153,0.002234,0.003103,-0.000795,-0.000975,-0.005863,-0.005701
2025-06-20,-0.000345,-0.000504,-0.007917,-0.007634,0.005181,0.005181,-0.004481,-0.004861,-0.003644,-0.003933
2025-06-23,0.006621,0.006957,0.014898,0.014305,0.000482,-8.7e-05,-0.009703,-0.01063,0.004611,0.00454
2025-06-24,0.011948,0.012354,0.011514,0.011495,-0.002764,-0.002649,0.000212,0.000891,-0.001603,-0.001806
2025-06-25,0.011695,0.01188,-0.003052,-0.00301,-0.001882,-0.002491,-0.002322,-0.001961,-0.003809,-0.004026
2025-06-26,-0.001296,-0.001549,0.000371,0.000432,0.00061,0.000805,-0.00408,-0.004212,0.000219,0.00018
2025-06-27,-0.004713,-0.004284,0.00904,0.009305,-0.005355,-0.004876,0.009872,0.009717,0.007191,0.00648
2025-06-30,0.006315,0.006819,0.008754,0.009224,-0.007322,-0.006422,0.001612,0.001205,-0.000405,-0.000282
2025-07-01,0.004355,0.004382,4e-06,-0.000151,0.005851,0.005682,-0.001106,-0.001502,-0.002656,-0.002586
2025-07-02,-0.001262,-0.001686,-0.002107,-0.003095,0.012006,0.010521,-0.002854,-0.003545,0.002475,0.003029
2025-07-03,0.003441,0.003658,0.003203,0.003618,-0.005614,-0.004905,0.00439,0.004404,-0.002582,-0.002813
2025-07-04,0.00188,0.00143,-0.012984,-0.012805,0.00603,0.005944,-0.004554,-0.004632,-0.002023,-0.001847
2025-07-07,0.000191,0.000424,0.009414,0.009142,0.005268,0.005257,-0.00364,-0.004071,0.002176,0.002917
2025-07-08,0.007846,0.008153,0.003997,0.004737,-0.005061,-0.004616,0.002283,0.002855,0.00062,6.4e-05
2025-07-09,0.000155,0.000124,-0.000346,-0.000458,0.002055,0.002132,-0.001895,-0.002413,0.00118,0.001783
2025-07-10,0.005616,0.005227,-0.003216,-0.004269,0.008299,0.006793,-0.004801,-0.005025,0.001295,0.00194
2025-07-11,0.000854,0.0009,6.3e-05,0.000104,-0.007766,-0.007837,0.000632,0.001034,0.001777,0.001445
2025-07-14,0.002766,0.002846,0.004445,0.004536,0.006282,0.00679,0.004863,0.004319,-0.004813,-0.004505
2025-07-15,-0.003569,-0.003487,-0.007856,-0.006652,-0.006405,-0.005796,0.008899,0.010471,-0.005976,-0.007336
2025-07-16,0.000154,0.003905,0.007597,0.007336,-0.00212,-0.002144,0.001162,0.001221,-0.00028,-0.000237
2025-07-17,0.00524,0.005255,0.001831,0.002214,-0.010002,-0.009319,0.000543,0.00048,0.002411,0.001772
2025-07-18,0.004952,0.004833,-0.004813,-0.004606,0.002037,0.001971,-0.000351,-0.000102,-0.001065,-0.001198
2025-07-21,0.007818,0.008265,0.006535,0.005822,0.003712,0.002811,0.005631,0.005144,0.001881,0.002163
2025-07-22,0.005813,0.005607,-0.004863,-0.005313,0.001925,0.00081,0.012125,0.011715,0.000839,0.001085
2025-07-23,-0.001662,-0.001123,-0.008293,-0.007725,0.003044,0.003715,-0.004174,-0.003023,-0.003218,-0.004093
2025-07-24,0.006656,0.006751,0.004068,0.003863,-0.006345,-0.006298,0.000771,0.000526,0.008555,0.008313
2025-07-25,-0.004088,-0.003995,0.006159,0.006505,-0.003692,-0.003452,-0.00028,0.000288,0.00142,0.001241
2025-07-28,0.00175,0.001947,0.004479,0.005476,-0.003128,-0.001959,-0.003772,-0.003772,-0.002774,-0.003303
2025-07-29,0.001726,0.001777,-0.001623,-0.001267,-0.006486,-0.006049,0.0061,0.006192,0.003056,0.002806
2025-07-30,0.000449,0.001127,-0.003975,-0.004295,0.004877,0.005112,-0.00198,-0.002997,-0.003547,-0.002906
2025-07-31,-0.012707,-0.012578,0.002563,0.003426,-0.000175,0.000581,-0.003239,-0.003189,-0.001308,-0.001857
2025-08-01,-0.002542,-0.002379,0.008578,0.00828,0.000276,0.000119,-0.002634,-0.002723,0.002002,0.002351
2025-08-04,0.00589,0.006153,0.006525,0.007269,-0.002012,-0.001111,-5.8e-05,-0.000946,-0.002281,-0.00214
2025-08-05,0.009319,0.009312,0.001907,0.00217,0.002205,0.002495,-0.002289,-0.002717,-0.001232,-0.001406
2025-08-06,0.004204,0.004636,0.002842,0.003527,-0.004064,-0.003491,0.002317,0.002762,-0.001133,-0.001268
2025-08-07,0.001339,0.001241,0.000493,0.000338,0.000703,0.000647,-0.001936,-0.001913,0.000474,0.000468
2025-08-08,-4.4e-05,8.1e-05,0.002646,0.001865,0.006782,0.006282,0.004215,0.003557,-0.001035,-0.00106
2025-08-11,0.00454,0.005112,0.011463,0.011857,-0.008178,-0.007113,0.003853,0.004488,0.003209,0.002551
2025-08-12,0.004345,0.004658,-0.00427,-0.003984,0.000618,0.000143,0.001826,0.002568,-0.00293,-0.003829
2025-08-13,0.005991,0.006231,-0.000783,2e-06,-0.010535,-0.009085,0.007933,0.008097,-0.001741,-0.002446
2025-08-14,-0.006144,-0.006732,-0.01408,-0.014417,0.002236,0.001994,-0.002509,-0.002458,-0.00516,-0.004692
2025-08-15,0.008713,0.009221,0.007957,0.008737,-0.008168,-0.007406,0.004523,0.004611,0.001044,0.000665
2025-08-18,0.009156,0.009844,0.006325,0.007573,-0.011983,-0.011247,0.001658,0.003666,-0.001333,-0.002227
2025-08-19,0.000483,0.000498,0.009725,0.008659,-0.001747,-0.002711,-0.001274,-0.001881,0.001124,0.001616
2025-08-20,0.008658,0.00848,-0.002044,-0.00203,-0.00139,-0.001413,0.002878,0.003683,0.000427,0.000144
2025-08-21,0.001643,0.001309,-0.005036,-0.005844,0.005001,0.004298,-0.003137,-0.003743,0.001966,0.002787
2025-08-22,0.010201,0.010459,-0.008287,-0.007266,-0.010307,-0.009768,0.00144,0.00317,-0.002473,-0.003877
2025-08-25,0.014601,0.014604,-0.007387,-0.00675,-0.006042,-0.005751,0.006771,0.006815,0.001682,0.00087
2025-08-26,-0.00107,-0.001097,0.005033,0.004361,-0.002569,-0.002694,0.00295,0.002545,0.003988,0.004632
2025-08-27,-0.018835,-0.018896,-0.007293,-0.006911,-0.00248,-0.001249,0.005849,0.006189,-0.006625,-0.006961
2025-08-28,0.009311,0.009274,-0.005394,-0.003833,-0.007459,-0.006139,0.001973,0.002828,-0.001014,-0.001978
2025-08-29,0.005477,0.005339,-0.009579,-0.009921,-0.00674,-0.006649,0.006661,0.006221,-0.008935,-0.008318
2025-09-01,0.004445,0.00457,0.008757,0.008572,-0.007491,-0.007911,0.003482,0.00406,0.003003,0.002301
2025-09-02,-0.006449,-0.007085,-0.009918,-0.011132,0.015439,0.014696,-0.006924,-0.007771,-0.003748,-0.002604
2025-09-03,-0.011963,-0.012531,-0.007968,-0.007611,0.002378,0.002635,0.007311,0.007867,-0.00302,-0.003978
2025-09-04,-0.010742,-0.011121,0.007454,0.005623,0.016315,0.014774,-0.013293,-0.014722,0.000992,0.002035
2025-09-05,0.015584,0.016411,0.008022,0.009097,-0.015745,-0.014246,0.013897,0.015008,-0.00011,-0.000725
2025-09-08,0.005084,0.005263,0.005803,0.005641,-0.000988,-0.000655,0.006004,0.005063,0.00289,0.003212
2025-09-09,-0.005471,-0.005732,-0.003478,-0.003728,0.009197,0.008883,-0.005663,-0.005442,0.000331,-0.000411
2025-09-10,0.002187,0.002216,0.003059,0.00277,-0.003472,-0.003552,-0.003518,-0.004044,0.000142,-0.000111
2025-09-11,0.016064,0.016314,-0.001629,-0.0006,-0.009203,-0.008362,0.005744,0.006517,-0.003325,-0.004354
2025-09-12,-0.002774,-0.002798,0.002534,0.002645,-0.002148,-0.002369,0.000987,0.001284,0.004428,0.003411
2025-09-15,-0.000451,-0.000369,0.000268,-0.000459,-0.003409,-0.004406,0.003106,0.00279,0.001163,0.001575
2025-09-16,0.001401,0.001842,0.013548,0.013441,-0.005331,-0.00541,0.003209,0.003024,0.002138,0.001842
2025-09-17,0.005257,0.005512,-0.003584,-0.003141,-0.003831,-0.00421,0.006793,0.007108,-0.003103,-0.003377
2025-09-18,-0.013969,-0.013974,0.000396,0.000374,-0.007165,-0.007112,0.006044,0.006748,-0.00137,-0.001553
2025-09-19,-0.001444,-0.001577,-0.005966,-0.005944,0.001014,0.001392,0.004665,0.004764,0.000576,0.000533
2025-09-22,0.000295,0.000366,0.000447,0.001445,-0.009814,-0.009164,0.005312,0.005437,-0.003784,-0.004149
2025-09-23,-0.001992,-0.002301,-0.012294,-0.011431,0.009615,0.009991,-0.000323,0.000257,-0.012228,-0.01199
2025-09-24,0.008033,0.008373,0.006173,0.006198,-0.005948,-0.006332,0.002049,0.002602,0.003467,0.003239
2025-09-25,0.000337,0.001729,-0.006889,-0.006425,-0.006169,-0.005951,0.004757,0.004893,-0.002841,-0.003791
2025-09-26,-0.008009,-0.008263,-0.001277,-0.002737,0.012109,0.01072,-0.003374,-0.004817,-0.000824,0.000288
2025-09-29,0.010434,0.010421,-0.00202,-0.002209,-0.003716,-0.003957,0.001305,0.000715,-0.001876,-0.001944
2025-09-30,0.003273,0.003442,-0.002162,-0.002019,-0.005077,-0.005239,0.002761,0.003134,0.003915,0.003446
2025-10-09,0.012536,0.012296,-0.007639,-0.0072,0.003125,0.002714,0.008775,0.009182,-0.00115,-0.001518
2025-10-10,-0.007692,-0.007983,0.008308,0.006922,0.017218,0.015644,-0.007555,-0.009192,0.002947,0.004099
2025-10-13,-0.005071,-0.005179,3.6e-05,-0.000305,0.003773,0.003252,-0.007324,-0.008442,0.001726,0.002434
2025-10-14,-0.005897,-0.006456,-0.00492,-0.005963,0.018691,0.017256,-0.015191,-0.015455,0.000165,0.001334
2025-10-15,0.012222,0.012215,0.004902,0.005054,-0.005245,-0.004724,0.003336,0.003685,-0.003482,-0.003801
2025-10-16,0.000896,0.000595,-0.011628,-0.011744,0.005224,0.005214,-0.00735,-0.007057,-0.005411,-0.005385
2025-10-17,-0.018898,-0.018674,-0.002263,-0.002602,0.013435,0.012767,-0.007871,-0.007994,0.003453,0.003187
2025-10-20,0.007214,0.007318,0.010173,0.010108,-0.003452,-0.00379,-0.002293,-0.002541,0.000247,0.000123
2025-10-21,0.012825,0.012866,0.008821,0.008504,-0.002709,-0.00318,0.001045,0.00088,-0.000518,-0.000755
2025-10-22,-0.000784,-0.0006,0.000885,0.00048,0.007021,0.006877,-0.004016,-0.005176,0.00077,0.000939
2025-10-23,0.003234,0.003373,-0.002424,-0.002133,0.003584,0.004896,-0.000832,-0.000469,0.001056,0.000757
2025-10-24,0.006596,0.008027,-0.00147,-0.000155,-0.01028,-0.008879,0.005341,0.006234,-0.005874,-0.006394
2025-10-27,0.011452,0.011463,-0.002856,-0.001873,-0.001504,-0.000335,0.003559,0.005096,-0.003461,-0.004226
2025-10-28,-0.002423,-0.002304,0.005774,0.005126,-0.001085,-0.0015,-0.005904,-0.006087,0.002283,0.002872
2025-10-29,0.008078,0.008181,-0.008343,-0.007345,-0.005011,-0.003927,0.008823,0.009692,-0.00074,-0.001715
2025-10-30,-0.007785,-0.008073,-0.00591,-0.006379,0.005386,0.005175,-0.001424,-0.001913,0.002247,0.002753
2025-10-31,-0.006588,-0.006204,0.016271,0.015494,-0.002814,-0.002955,-0.002919,-0.003503,0.011184,0.01174
2025-11-03,0.007006,0.006881,0.004251,0.003596,0.001994,0.001336,-0.004841,-0.004883,0.004367,0.004774
2025-11-04,-0.005324,-0.005502,0.001835,0.001288,0.010857,0.010374,-0.013444,-0.01366,0.000904,0.001221
2025-11-05,0.002489,0.002728,0.009123,0.008321,0.001634,0.000927,0.000584,0.000269,0.000552,0.00076
2025-11-06,0.008712,0.009559,-0.006476,-0.005292,-0.000873,-6.1e-05,0.010423,0.010432,-0.00868,-0.009329
2025-11-07,-0.001711,-0.001856,-4e-05,-0.00056,0.006588,0.006233,-0.000486,-0.001307,0.002625,0.003085
2025-11-10,0.006231,0.006099,0.000204,-0.000643,-0.000683,-0.001641,-0.003395,-0.003647,0.006567,0.007264
2025-11-11,-0.003767,-0.003557,0.00893,0.008652,0.004887,0.004587,-0.005281,-0.005442,0.003415,0.003368
2025-11-12,-0.000313,-0.000517,-0.002488,-0.002074,0.005083,0.005382,-0.00285,-0.002593,-0.003494,-0.003821
2025-11-13,0.00876,0.008851,0.003651,0.003173,-0.004371,-0.005185,0.000209,0.000231,0.001921,0.001735
2025-11-14,-0.009784,-0.009733,0.008815,0.008068,0.007807,0.007171,-0.008484,-0.009056,0.006021,0.006356
2025-11-17,-0.003603,-0.003536,0.008851,0.008275,-0.007833,-0.00852,-0.002151,-0.003005,0.008836,0.008924
2025-11-18,-0.008712,-0.007768,-0.005424,-0.0046,-0.005333,-0.004123,-0.000719,-0.000418,-0.002179,-0.002244
2025-11-19,0.001892,0.001563,-0.015673,-0.015383,0.006252,0.006282,-0.000965,-0.000598,-0.007193,-0.007331
2025-11-20,-0.003639,-0.003764,-0.00435,-0.004226,0.005509,0.006008,-0.006427,-0.006432,-0.002436,-0.002641
2025-11-21,-0.025166,-0.025608,-0.0184,-0.017446,-0.000713,0.000376,0.000865,0.00135,-0.004293,-0.004353
2025-11-24,0.000855,0.001367,0.014128,0.014489,-0.009155,-0.009024,-0.000887,-0.000898,0.005984,0.006059
2025-11-25,0.01043,0.010708,0.006751,0.00652,-0.000384,-0.000633,-0.002535,-0.003288,-0.001164,-0.001494
2025-11-26,-0.000747,-0.000832,-0.002213,-0.0021,-0.004311,-0.004506,0.005854,0.006678,-0.001315,-0.001723
2025-11-27,0.00116,0.001133,0.003998,0.00384,0.003889,0.00388,0.001641,0.00096,-0.006124,-0.005227
2025-11-28,0.003839,0.004104,0.010428,0.009718,-0.004092,-0.004823,0.001645,0.001955,0.00306,0.003057
2025-12-01,0.008132,0.008152,-0.002258,-0.001907,-0.003545,-0.003071,0.005375,0.005958,-0.000927,-0.001537
2025-12-02,-0.003561,-0.003795,0.001136,0.00038,0.005112,0.004026,-0.001273,-0.001721,0.000663,0.001324
